date,isin,yield_pct
2020-09-07,DE0001030708,-0.480514
2020-09-08,DE0001030708,-0.487333
2020-09-09,DE0001030708,-0.520833
2020-09-10,DE0001030708,-0.484046
2020-09-11,DE0001030708,-0.489781
2020-09-14,DE0001030708,-0.514878
2020-09-15,DE0001030708,-0.495923
2020-09-16,DE0001030708,-0.506571
2020-09-17,DE0001030708,-0.494557
2020-09-18,DE0001030708,-0.511769
2020-09-21,DE0001030708,-0.531148
2020-09-22,DE0001030708,-0.54369
2020-09-23,DE0001030708,-0.532396
2020-09-24,DE0001030708,-0.542383
2020-09-25,DE0001030708,-0.539521
2020-09-28,DE0001030708,-0.538864
2020-09-29,DE0001030708,-0.562863
2020-09-30,DE0001030708,-0.572544
2020-10-01,DE0001030708,-0.541523
2020-10-02,DE0001030708,-0.567301
2020-10-05,DE0001030708,-0.559981
2020-10-06,DE0001030708,-0.537188
2020-10-07,DE0001030708,-0.534464
2020-10-08,DE0001030708,-0.528195
2020-10-09,DE0001030708,-0.566493
2020-10-12,DE0001030708,-0.564896
2020-10-13,DE0001030708,-0.574612
2020-10-14,DE0001030708,-0.595773
2020-10-15,DE0001030708,-0.642914
2020-10-16,DE0001030708,-0.645762
2020-10-19,DE0001030708,-0.642321
2020-10-20,DE0001030708,-0.648201
2020-10-21,DE0001030708,-0.60362
2020-10-22,DE0001030708,-0.606035
2020-10-23,DE0001030708,-0.591695
2020-10-26,DE0001030708,-0.600636
2020-10-27,DE0001030708,-0.610366
2020-10-28,DE0001030708,-0.662964
2020-10-29,DE0001030708,-0.656857
2020-10-30,DE0001030708,-0.653048
2020-11-02,DE0001030708,-0.636244
2020-11-03,DE0001030708,-0.646921
2020-11-04,DE0001030708,-0.673779
2020-11-05,DE0001030708,-0.670535
2020-11-06,DE0001030708,-0.669582
2020-11-09,DE0001030708,-0.666143
2020-11-10,DE0001030708,-0.52213
2020-11-11,DE0001030708,-0.506757
2020-11-12,DE0001030708,-0.526594
2020-11-13,DE0001030708,-0.563364
2020-11-16,DE0001030708,-0.586841
2020-11-17,DE0001030708,-0.575429
2020-11-18,DE0001030708,-0.591027
2020-11-19,DE0001030708,-0.595383
2020-11-20,DE0001030708,-0.597312
2020-11-23,DE0001030708,-0.605362
2020-11-24,DE0001030708,-0.60071
2020-11-25,DE0001030708,-0.597984
2020-11-26,DE0001030708,-0.604283
2020-11-27,DE0001030708,-0.614897
2020-11-30,DE0001030708,-0.614278
2020-12-01,DE0001030708,-0.580605
2020-12-02,DE0001030708,-0.545816
2020-12-03,DE0001030708,-0.564757
2020-12-04,DE0001030708,-0.575439
2020-12-07,DE0001030708,-0.603881
2020-12-08,DE0001030708,-0.619533
2020-12-09,DE0001030708,-0.626475
2020-12-10,DE0001030708,-0.644398
2020-12-11,DE0001030708,-0.659831
2020-12-14,DE0001030708,-0.655381
2020-12-15,DE0001030708,-0.65074
2020-12-16,DE0001030708,-0.619966
2020-12-17,DE0001030708,-0.6137
2020-12-18,DE0001030708,-0.586484
2020-12-21,DE0001030708,-0.645073
2020-12-22,DE0001030708,-0.623931
2020-12-23,DE0001030708,-0.63726
2020-12-28,DE0001030708,-0.578218
2020-12-29,DE0001030708,-0.613496
2021-01-04,DE0001030708,-0.644724
2021-01-05,DE0001030708,-0.633233
2021-01-06,DE0001030708,-0.579699
2021-01-07,DE0001030708,-0.594887
2021-01-08,DE0001030708,-0.595865
2021-01-11,DE0001030708,-0.594246
2021-01-12,DE0001030708,-0.54038
2021-01-13,DE0001030708,-0.559242
2021-01-14,DE0001030708,-0.596075
2021-01-15,DE0001030708,-0.602937
2021-01-18,DE0001030708,-0.606222
2021-01-19,DE0001030708,-0.582835
2021-01-20,DE0001030708,-0.595774
2021-01-21,DE0001030708,-0.593337
2021-01-22,DE0001030708,-0.572671
2021-01-25,DE0001030708,-0.602524
2021-01-26,DE0001030708,-0.612521
2021-01-27,DE0001030708,-0.603852
2021-01-28,DE0001030708,-0.62403
2021-01-29,DE0001030708,-0.584672
2021-02-01,DE0001030708,-0.58402
2021-02-02,DE0001030708,-0.563439
2021-02-03,DE0001030708,-0.539824
2021-02-04,DE0001030708,-0.539296
2021-02-05,DE0001030708,-0.52638
2021-02-08,DE0001030708,-0.496792
2021-02-09,DE0001030708,-0.524844
2021-02-10,DE0001030708,-0.51603
2021-02-11,DE0001030708,-0.543367
2021-02-12,DE0001030708,-0.535407
2021-02-15,DE0001030708,-0.456706
2021-02-16,DE0001030708,-0.455833
2021-02-17,DE0001030708,-0.432822
2021-02-18,DE0001030708,-0.434205
2021-02-19,DE0001030708,-0.405933
2021-02-22,DE0001030708,-0.394018
2021-02-23,DE0001030708,-0.383993
2021-02-24,DE0001030708,-0.39526
2021-02-25,DE0001030708,-0.350863
2021-02-26,DE0001030708,-0.3325
2021-03-01,DE0001030708,-0.380594
2021-03-02,DE0001030708,-0.401021
2021-03-03,DE0001030708,-0.401137
2021-03-04,DE0001030708,-0.384199
2021-03-05,DE0001030708,-0.380127
2021-03-08,DE0001030708,-0.370154
2021-03-09,DE0001030708,-0.394715
2021-03-10,DE0001030708,-0.381588
2021-03-11,DE0001030708,-0.402302
2021-03-12,DE0001030708,-0.398229
2021-03-15,DE0001030708,-0.407627
2021-03-16,DE0001030708,-0.432154
2021-03-17,DE0001030708,-0.405826
2021-03-18,DE0001030708,-0.360182
2021-03-19,DE0001030708,-0.395978
2021-03-22,DE0001030708,-0.408457
2021-03-23,DE0001030708,-0.426926
2021-03-24,DE0001030708,-0.450453
2021-03-25,DE0001030708,-0.455931
2021-03-26,DE0001030708,-0.444742
2021-03-29,DE0001030708,-0.426653
2021-03-30,DE0001030708,-0.354037
2021-03-31,DE0001030708,-0.363819
2021-04-01,DE0001030708,-0.391559
2021-04-06,DE0001030708,-0.389735
2021-04-07,DE0001030708,-0.420612
2021-04-08,DE0001030708,-0.420981
2021-04-09,DE0001030708,-0.404572
2021-04-12,DE0001030708,-0.413022
2021-04-13,DE0001030708,-0.375089
2021-04-14,DE0001030708,-0.38859
2021-04-15,DE0001030708,-0.364173
2021-04-16,DE0001030708,-0.36004
2021-04-19,DE0001030708,-0.361286
2021-04-20,DE0001030708,-0.318897
2021-04-21,DE0001030708,-0.340786
2021-04-22,DE0001030708,-0.365957
2021-04-23,DE0001030708,-0.363887
2021-04-26,DE0001030708,-0.350627
2021-04-27,DE0001030708,-0.343465
2021-04-28,DE0001030708,-0.310273
2021-04-29,DE0001030708,-0.312633
2021-04-30,DE0001030708,-0.298022
2021-05-03,DE0001030708,-0.261551
2021-05-04,DE0001030708,-0.302466
2021-05-05,DE0001030708,-0.323438
2021-05-06,DE0001030708,-0.333115
2021-05-07,DE0001030708,-0.316414
2021-05-10,DE0001030708,-0.301955
2021-05-11,DE0001030708,-0.268476
2021-05-12,DE0001030708,-0.269502
2021-05-13,DE0001030708,-0.207582
2021-05-14,DE0001030708,-0.228733
2021-05-17,DE0001030708,-0.227812
2021-05-18,DE0001030708,-0.213064
2021-05-19,DE0001030708,-0.186606
2021-05-20,DE0001030708,-0.201646
2021-05-21,DE0001030708,-0.222855
2021-05-25,DE0001030708,-0.255865
2021-05-26,DE0001030708,-0.293918
2021-05-27,DE0001030708,-0.302607
2021-05-28,DE0001030708,-0.270969
2021-05-31,DE0001030708,-0.264786
2021-06-01,DE0001030708,-0.287056
2021-06-02,DE0001030708,-0.288198
2021-06-04,DE0001030708,-0.285284
2021-06-07,DE0001030708,-0.30025
2021-06-08,DE0001030708,-0.30562
2021-06-09,DE0001030708,-0.337344
2021-06-10,DE0001030708,-0.34186
2021-06-11,DE0001030708,-0.385995
2021-06-14,DE0001030708,-0.372577
2021-06-15,DE0001030708,-0.363226
2021-06-16,DE0001030708,-0.339104
2021-06-17,DE0001030708,-0.319328
2021-06-18,DE0001030708,-0.352069
2021-06-21,DE0001030708,-0.351224
2021-06-22,DE0001030708,-0.306901
2021-06-23,DE0001030708,-0.313354
2021-06-24,DE0001030708,-0.314696
2021-06-25,DE0001030708,-0.324238
2021-06-28,DE0001030708,-0.30639
2021-06-29,DE0001030708,-0.324529
2021-06-30,DE0001030708,-0.33311
2021-07-01,DE0001030708,-0.338714
2021-07-02,DE0001030708,-0.374702
2021-07-05,DE0001030708,-0.370697
2021-07-06,DE0001030708,-0.371866
2021-07-07,DE0001030708,-0.428953
2021-07-08,DE0001030708,-0.486038
2021-07-09,DE0001030708,-0.465077
2021-07-12,DE0001030708,-0.460106
2021-07-13,DE0001030708,-0.445524
2021-07-14,DE0001030708,-0.443552
2021-07-15,DE0001030708,-0.492307
2021-07-16,DE0001030708,-0.49021
2021-07-19,DE0001030708,-0.520893
2021-07-20,DE0001030708,-0.559696
2021-07-21,DE0001030708,-0.5463
2021-07-22,DE0001030708,-0.540521
2021-07-23,DE0001030708,-0.55724
2021-07-26,DE0001030708,-0.580533
2021-07-27,DE0001030708,-0.586962
2021-07-28,DE0001030708,-0.589223
2021-07-29,DE0001030708,-0.59914
2021-07-30,DE0001030708,-0.594971
2021-08-02,DE0001030708,-0.600545
2021-08-03,DE0001030708,-0.620519
2021-08-04,DE0001030708,-0.638389
2021-08-05,DE0001030708,-0.649365
2021-08-06,DE0001030708,-0.644168
2021-08-09,DE0001030708,-0.61852
2021-08-10,DE0001030708,-0.612446
2021-08-11,DE0001030708,-0.589632
2021-08-12,DE0001030708,-0.613189
2021-08-13,DE0001030708,-0.613189
2021-08-16,DE0001030708,-0.61879
2021-08-17,DE0001030708,-0.647168
2021-08-18,DE0001030708,-0.635886
2021-08-19,DE0001030708,-0.647955
2021-08-23,DE0001030708,-0.618013
2021-08-24,DE0001030708,-0.632862
2021-08-25,DE0001030708,-0.609999
2021-08-26,DE0001030708,-0.556855
2021-08-27,DE0001030708,-0.566353
2021-08-30,DE0001030708,-0.575138
2021-08-31,DE0001030708,-0.580587
2021-09-01,DE0001030708,-0.522589
2021-09-02,DE0001030708,-0.536862
2021-09-03,DE0001030708,-0.53262
2021-09-06,DE0001030708,-0.510631
2021-09-07,DE0001030708,-0.483082
2021-09-08,DE0001030708,-0.481095
2021-09-09,DE0001030708,-0.475123
2021-09-10,DE0001030708,-0.49115
2021-09-13,DE0001030708,-0.477554
2021-09-14,DE0001030708,-0.459494
2021-09-15,DE0001030708,-0.485337
2021-09-16,DE0001030708,-0.44932
2021-09-17,DE0001030708,-0.432114
2021-09-20,DE0001030708,-0.457119
2021-09-21,DE0001030708,-0.45296
2021-09-22,DE0001030708,-0.461699
2021-09-23,DE0001030708,-0.451364
2021-09-24,DE0001030708,-0.387642
2021-09-27,DE0001030708,-0.361829
2021-09-28,DE0001030708,-0.345618
2021-09-29,DE0001030708,-0.365314
2021-09-30,DE0001030708,-0.365652
2021-10-01,DE0001030708,-0.376529
2021-10-04,DE0001030708,-0.360432
2021-10-05,DE0001030708,-0.374701
2021-10-06,DE0001030708,-0.313668
2021-10-07,DE0001030708,-0.335861
2021-10-08,DE0001030708,-0.30299
2021-10-11,DE0001030708,-0.286693
2021-10-12,DE0001030708,-0.281279
2021-10-13,DE0001030708,-0.27696
2021-10-14,DE0001030708,-0.295946
2021-10-15,DE0001030708,-0.323426
2021-10-18,DE0001030708,-0.278493
2021-10-19,DE0001030708,-0.292916
2021-10-20,DE0001030708,-0.259881
2021-10-21,DE0001030708,-0.265657
2021-10-22,DE0001030708,-0.21797
2021-10-25,DE0001030708,-0.236997
2021-10-26,DE0001030708,-0.276974
2021-10-27,DE0001030708,-0.296959
2021-10-28,DE0001030708,-0.308285
2021-10-29,DE0001030708,-0.234029
2021-11-01,DE0001030708,-0.229722
2021-11-02,DE0001030708,-0.278686
2021-11-03,DE0001030708,-0.329765
2021-11-04,DE0001030708,-0.321124
2021-11-05,DE0001030708,-0.386132
2021-11-08,DE0001030708,-0.411619
2021-11-09,DE0001030708,-0.405166
2021-11-10,DE0001030708,-0.432698
2021-11-11,DE0001030708,-0.393579
2021-11-12,DE0001030708,-0.389178
2021-11-15,DE0001030708,-0.434471
2021-11-16,DE0001030708,-0.389544
2021-11-17,DE0001030708,-0.402879
2021-11-18,DE0001030708,-0.415367
2021-11-19,DE0001030708,-0.488814
2021-11-22,DE0001030708,-0.50332
2021-11-23,DE0001030708,-0.426764
2021-11-24,DE0001030708,-0.413685
2021-11-25,DE0001030708,-0.407455
2021-11-26,DE0001030708,-0.478935
2021-11-29,DE0001030708,-0.478139
2021-11-30,DE0001030708,-0.51552
2021-12-01,DE0001030708,-0.472952
2021-12-02,DE0001030708,-0.510695
2021-12-03,DE0001030708,-0.520546
2021-12-06,DE0001030708,-0.524157
2021-12-07,DE0001030708,-0.511178
2021-12-08,DE0001030708,-0.525581
2021-12-09,DE0001030708,-0.48545
2021-12-10,DE0001030708,-0.486551
2021-12-13,DE0001030708,-0.512145
2021-12-14,DE0001030708,-0.517797
2021-12-15,DE0001030708,-0.519059
2021-12-16,DE0001030708,-0.497544
2021-12-17,DE0001030708,-0.49424
2021-12-20,DE0001030708,-0.530871
2021-12-21,DE0001030708,-0.494708
2021-12-22,DE0001030708,-0.426238
2021-12-23,DE0001030708,-0.412182
2021-12-27,DE0001030708,-0.374501
2021-12-28,DE0001030708,-0.375738
2021-12-29,DE0001030708,-0.365786
2021-12-30,DE0001030708,-0.347064
2022-01-03,DE0001030708,-0.323665
2022-01-04,DE0001030708,-0.280875
2022-01-05,DE0001030708,-0.282096
2022-01-06,DE0001030708,-0.233558
2022-01-07,DE0001030708,-0.243793
2022-01-10,DE0001030708,-0.215476
2022-01-11,DE0001030708,-0.230365
2022-01-12,DE0001030708,-0.219037
2022-01-13,DE0001030708,-0.22153
2022-01-14,DE0001030708,-0.246615
2022-01-17,DE0001030708,-0.203377
2022-01-18,DE0001030708,-0.185111
2022-01-19,DE0001030708,-0.169098
2022-01-20,DE0001030708,-0.196823
2022-01-21,DE0001030708,-0.231175
2022-01-24,DE0001030708,-0.263304
2022-01-25,DE0001030708,-0.248547
2022-01-26,DE0001030708,-0.252055
2022-01-27,DE0001030708,-0.214494
2022-01-28,DE0001030708,-0.209902
2022-01-31,DE0001030708,-0.175514
2022-02-01,DE0001030708,-0.174417
2022-02-02,DE0001030708,-0.137495
2022-02-03,DE0001030708,-0.120232
2022-02-04,DE0001030708,0.011747
2022-02-07,DE0001030708,0.082557
2022-02-08,DE0001030708,0.064832
2022-02-09,DE0001030708,0.076688
2022-02-10,DE0001030708,0.101682
2022-02-11,DE0001030708,0.132617
2022-02-14,DE0001030708,0.057852
2022-02-15,DE0001030708,0.135132
2022-02-16,DE0001030708,0.157874
2022-02-17,DE0001030708,0.118596
2022-02-18,DE0001030708,0.06981
2022-02-21,DE0001030708,0.06273
2022-02-22,DE0001030708,0.041397
2022-02-23,DE0001030708,0.090128
2022-02-24,DE0001030708,-0.005908
2022-02-25,DE0001030708,0.00946
2022-02-28,DE0001030708,0.030797
2022-03-01,DE0001030708,-0.103608
2022-03-02,DE0001030708,-0.208597
2022-03-03,DE0001030708,-0.109606
2022-03-04,DE0001030708,-0.178557
2022-03-07,DE0001030708,-0.230996
2022-03-08,DE0001030708,-0.106191
2022-03-09,DE0001030708,0.004746
2022-03-10,DE0001030708,0.005939
2022-03-11,DE0001030708,0.103808
2022-03-14,DE0001030708,0.188196
2022-03-15,DE0001030708,0.176167
2022-03-16,DE0001030708,0.205275
2022-03-17,DE0001030708,0.198199
2022-03-18,DE0001030708,0.20305
2022-03-21,DE0001030708,0.234788
2022-03-22,DE0001030708,0.337653
2022-03-23,DE0001030708,0.311965
2022-03-24,DE0001030708,0.363981
2022-03-25,DE0001030708,0.355346
2022-03-28,DE0001030708,0.468465
2022-03-29,DE0001030708,0.4986
2022-03-30,DE0001030708,0.531349
2022-03-31,DE0001030708,0.489238
2022-04-01,DE0001030708,0.477981
2022-04-04,DE0001030708,0.386121
2022-04-05,DE0001030708,0.424778
2022-04-06,DE0001030708,0.536347
2022-04-07,DE0001030708,0.506684
2022-04-08,DE0001030708,0.565891
2022-04-11,DE0001030708,0.660209
2022-04-12,DE0001030708,0.747512
2022-04-13,DE0001030708,0.714027
2022-04-14,DE0001030708,0.669186
2022-04-19,DE0001030708,0.790563
2022-04-20,DE0001030708,0.737892
2022-04-21,DE0001030708,0.794202
2022-04-22,DE0001030708,0.821448
2022-04-25,DE0001030708,0.772707
2022-04-26,DE0001030708,0.702001
2022-04-27,DE0001030708,0.68167
2022-04-28,DE0001030708,0.691349
2022-04-29,DE0001030708,0.76751
2022-05-02,DE0001030708,0.78878
2022-05-03,DE0001030708,0.847664
2022-05-04,DE0001030708,0.853173
2022-05-05,DE0001030708,0.857952
2022-05-06,DE0001030708,0.934143
2022-05-09,DE0001030708,0.991637
2022-05-10,DE0001030708,0.925844
2022-05-11,DE0001030708,0.827681
2022-05-12,DE0001030708,0.751588
2022-05-13,DE0001030708,0.743796
2022-05-16,DE0001030708,0.839541
2022-05-17,DE0001030708,0.847689
2022-05-18,DE0001030708,0.912466
2022-05-19,DE0001030708,0.810794
2022-05-20,DE0001030708,0.850137
2022-05-23,DE0001030708,0.828379
2022-05-24,DE0001030708,0.843102
2022-05-25,DE0001030708,0.815812
2022-05-26,DE0001030708,0.766866
2022-05-27,DE0001030708,0.848181
2022-05-30,DE0001030708,0.906865
2022-05-31,DE0001030708,0.93104
2022-06-01,DE0001030708,0.983271
2022-06-02,DE0001030708,1.066046
2022-06-03,DE0001030708,1.110544
2022-06-06,DE0001030708,1.156001
2022-06-07,DE0001030708,1.15639
2022-06-08,DE0001030708,1.183983
2022-06-09,DE0001030708,1.216581
2022-06-10,DE0001030708,1.278274
2022-06-13,DE0001030708,1.448263
2022-06-14,DE0001030708,1.552647
2022-06-15,DE0001030708,1.668061
2022-06-16,DE0001030708,1.676895
2022-06-17,DE0001030708,1.525127
2022-06-20,DE0001030708,1.51348
2022-06-21,DE0001030708,1.60593
2022-06-22,DE0001030708,1.548375
2022-06-23,DE0001030708,1.30508
2022-06-24,DE0001030708,1.292631
2022-06-27,DE0001030708,1.34759
2022-06-28,DE0001030708,1.466879
2022-06-29,DE0001030708,1.461755
2022-06-30,DE0001030708,1.290164
2022-07-01,DE0001030708,1.245932
2022-07-04,DE0001030708,1.140989
2022-07-05,DE0001030708,1.10587
2022-07-06,DE0001030708,1.009826
2022-07-07,DE0001030708,1.080102
2022-07-08,DE0001030708,1.052896
2022-07-11,DE0001030708,1.078112
2022-07-12,DE0001030708,0.90939
2022-07-13,DE0001030708,0.946018
2022-07-14,DE0001030708,1.059495
2022-07-15,DE0001030708,0.906597
2022-07-18,DE0001030708,0.993614
2022-07-19,DE0001030708,1.053763
2022-07-20,DE0001030708,1.055487
2022-07-21,DE0001030708,1.126403
2022-07-22,DE0001030708,0.902032
2022-07-25,DE0001030708,0.905343
2022-07-26,DE0001030708,0.80902
2022-07-27,DE0001030708,0.762608
2022-07-28,DE0001030708,0.820838
2022-07-29,DE0001030708,0.734113
2022-08-01,DE0001030708,0.686839
2022-08-02,DE0001030708,0.542297
2022-08-03,DE0001030708,0.671418
2022-08-04,DE0001030708,0.70129
2022-08-05,DE0001030708,0.633759
2022-08-08,DE0001030708,0.7031
2022-08-09,DE0001030708,0.752648
2022-08-10,DE0001030708,0.718224
2022-08-11,DE0001030708,0.740317
2022-08-12,DE0001030708,0.805963
2022-08-15,DE0001030708,0.770272
2022-08-16,DE0001030708,0.750445
2022-08-17,DE0001030708,0.911158
2022-08-18,DE0001030708,0.93796
2022-08-19,DE0001030708,1.020014
2022-08-22,DE0001030708,1.060622
2022-08-23,DE0001030708,1.146804
2022-08-24,DE0001030708,1.151371
2022-08-25,DE0001030708,1.167888
2022-08-26,DE0001030708,1.179043
2022-08-29,DE0001030708,1.354317
2022-08-30,DE0001030708,1.317971
2022-08-31,DE0001030708,1.397901
2022-09-01,DE0001030708,1.462261
2022-09-02,DE0001030708,1.430766
2022-09-05,DE0001030708,1.410322
2022-09-06,DE0001030708,1.390832
2022-09-07,DE0001030708,1.42274
2022-09-08,DE0001030708,1.445724
2022-09-09,DE0001030708,1.591546
2022-09-12,DE0001030708,1.552014
2022-09-13,DE0001030708,1.520713
2022-09-14,DE0001030708,1.590858
2022-09-15,DE0001030708,1.623148
2022-09-16,DE0001030708,1.664107
2022-09-19,DE0001030708,1.668205
2022-09-20,DE0001030708,1.769007
2022-09-21,DE0001030708,1.744481
2022-09-22,DE0001030708,1.770005
2022-09-23,DE0001030708,1.880216
2022-09-26,DE0001030708,1.994406
2022-09-27,DE0001030708,2.00116
2022-09-28,DE0001030708,2.215835
2022-09-29,DE0001030708,2.141218
2022-09-30,DE0001030708,1.994884
2022-10-03,DE0001030708,2.000025
2022-10-04,DE0001030708,1.679952
2022-10-05,DE0001030708,1.835034
2022-10-06,DE0001030708,1.89852
2022-10-07,DE0001030708,2.016523
2022-10-10,DE0001030708,2.024035
2022-10-11,DE0001030708,2.176526
2022-10-12,DE0001030708,2.188107
2022-10-13,DE0001030708,2.150281
2022-10-14,DE0001030708,2.068868
2022-10-17,DE0001030708,2.094867
2022-10-18,DE0001030708,2.185017
2022-10-19,DE0001030708,2.212137
2022-10-20,DE0001030708,2.289287
2022-10-21,DE0001030708,2.333141
2022-10-24,DE0001030708,2.259667
2022-10-25,DE0001030708,2.117761
2022-10-26,DE0001030708,2.037061
2022-10-27,DE0001030708,2.068397
2022-10-28,DE0001030708,1.959783
2022-10-31,DE0001030708,2.040682
2022-11-01,DE0001030708,1.949686
2022-11-02,DE0001030708,2.031392
2022-11-03,DE0001030708,2.12761
2022-11-04,DE0001030708,2.135352
2022-11-07,DE0001030708,2.178805
2022-11-08,DE0001030708,2.23418
2022-11-09,DE0001030708,2.166357
2022-11-10,DE0001030708,2.100385
2022-11-11,DE0001030708,1.978762
2022-11-14,DE0001030708,2.050891
2022-11-15,DE0001030708,2.023892
2022-11-16,DE0001030708,2.030775
2022-11-17,DE0001030708,1.902625
2022-11-18,DE0001030708,2.006773
2022-11-21,DE0001030708,1.965182
2022-11-22,DE0001030708,1.942892
2022-11-23,DE0001030708,1.940524
2022-11-24,DE0001030708,1.791797
2022-11-25,DE0001030708,1.8662
2022-11-28,DE0001030708,1.922545
2022-11-29,DE0001030708,1.85297
2022-11-30,DE0001030708,1.871932
2022-12-01,DE0001030708,1.782655
2022-12-02,DE0001030708,1.704104
2022-12-05,DE0001030708,1.773324
2022-12-06,DE0001030708,1.783061
2022-12-07,DE0001030708,1.71108
2022-12-08,DE0001030708,1.69633
2022-12-09,DE0001030708,1.791709
2022-12-12,DE0001030708,1.867778
2022-12-13,DE0001030708,1.882243
2022-12-14,DE0001030708,1.879855
2022-12-15,DE0001030708,1.837458
2022-12-16,DE0001030708,2.145798
2022-12-19,DE0001030708,2.139499
2022-12-20,DE0001030708,2.212741
2022-12-21,DE0001030708,2.226196
2022-12-22,DE0001030708,2.251636
2022-12-23,DE0001030708,2.323303
2022-12-27,DE0001030708,2.429358
2022-12-28,DE0001030708,2.415731
2022-12-29,DE0001030708,2.411918
2022-12-30,DE0001030708,2.445824
2023-01-02,DE0001030708,2.403999
2023-01-03,DE0001030708,2.290919
2023-01-04,DE0001030708,2.235958
2023-01-05,DE0001030708,2.23522
2023-01-06,DE0001030708,2.263906
2023-01-09,DE0001030708,2.21457
2023-01-10,DE0001030708,2.209018
2023-01-11,DE0001030708,2.168549
2023-01-12,DE0001030708,2.109211
2023-01-13,DE0001030708,2.01332
2023-01-16,DE0001030708,2.110753
2023-01-17,DE0001030708,2.091002
2023-01-18,DE0001030708,1.989639
2023-01-19,DE0001030708,1.930897
2023-01-20,DE0001030708,2.02633
2023-01-23,DE0001030708,2.065601
2023-01-24,DE0001030708,2.066358
2023-01-25,DE0001030708,1.991608
2023-01-26,DE0001030708,2.069392
2023-01-27,DE0001030708,2.147056
2023-01-30,DE0001030708,2.180502
2023-01-31,DE0001030708,2.186094
2023-02-01,DE0001030708,2.151807
2023-02-02,DE0001030708,2.141435
2023-02-03,DE0001030708,2.017837
2023-02-06,DE0001030708,2.141419
2023-02-07,DE0001030708,2.170941
2023-02-08,DE0001030708,2.250338
2023-02-09,DE0001030708,2.175747
2023-02-10,DE0001030708,2.239949
2023-02-13,DE0001030708,2.254496
2023-02-14,DE0001030708,2.263397
2023-02-15,DE0001030708,2.325744
2023-02-16,DE0001030708,2.375535
2023-02-17,DE0001030708,2.449155
2023-02-20,DE0001030708,2.367507
2023-02-21,DE0001030708,2.415792
2023-02-22,DE0001030708,2.475821
2023-02-23,DE0001030708,2.447301
2023-02-24,DE0001030708,2.396438
2023-02-27,DE0001030708,2.506848
2023-02-28,DE0001030708,2.584101
2023-03-01,DE0001030708,2.658544
2023-03-02,DE0001030708,2.706881
2023-03-03,DE0001030708,2.641411
2023-03-06,DE0001030708,2.623293
2023-03-07,DE0001030708,2.632642
2023-03-08,DE0001030708,2.673894
2023-03-09,DE0001030708,2.678576
2023-03-10,DE0001030708,2.513106
2023-03-13,DE0001030708,2.19364
2023-03-14,DE0001030708,2.275662
2023-03-15,DE0001030708,2.26185
2023-03-16,DE0001030708,2.210718
2023-03-17,DE0001030708,2.163747
2023-03-20,DE0001030708,1.901322
2023-03-21,DE0001030708,2.119334
2023-03-22,DE0001030708,2.218907
2023-03-23,DE0001030708,2.172668
2023-03-24,DE0001030708,1.914402
2023-03-27,DE0001030708,2.074116
2023-03-28,DE0001030708,2.214132
2023-03-29,DE0001030708,2.193805
2023-03-30,DE0001030708,2.217461
2023-03-31,DE0001030708,2.27795
2023-04-03,DE0001030708,2.253451
2023-04-04,DE0001030708,2.20528
2023-04-05,DE0001030708,2.180065
2023-04-06,DE0001030708,2.01976
2023-04-11,DE0001030708,2.131249
2023-04-12,DE0001030708,2.221758
2023-04-13,DE0001030708,2.286713
2023-04-14,DE0001030708,2.28836
2023-04-17,DE0001030708,2.342964
2023-04-18,DE0001030708,2.400299
2023-04-19,DE0001030708,2.436217
2023-04-20,DE0001030708,2.403941
2023-04-21,DE0001030708,2.360685
2023-04-24,DE0001030708,2.382437
2023-04-25,DE0001030708,2.365036
2023-04-26,DE0001030708,2.226982
2023-04-27,DE0001030708,2.331273
2023-04-28,DE0001030708,2.250153
2023-05-02,DE0001030708,2.26343
2023-05-03,DE0001030708,2.137622
2023-05-04,DE0001030708,2.14826
2023-05-05,DE0001030708,2.125326
2023-05-08,DE0001030708,2.184404
2023-05-09,DE0001030708,2.203357
2023-05-10,DE0001030708,2.210796
2023-05-11,DE0001030708,2.169
2023-05-12,DE0001030708,2.113
2023-05-15,DE0001030708,2.161
2023-05-16,DE0001030708,2.152
2023-05-17,DE0001030708,2.2
2023-05-18,DE0001030708,2.279
2023-05-19,DE0001030708,2.329
2023-05-22,DE0001030708,2.286
2023-05-23,DE0001030708,2.362
2023-05-24,DE0001030708,2.346
2023-05-25,DE0001030708,2.371
2023-05-26,DE0001030708,2.413
2023-05-29,DE0001030708,2.384
2023-05-30,DE0001030708,2.31
2023-05-31,DE0001030708,2.172
2023-06-01,DE0001030708,2.193
2023-06-02,DE0001030708,2.171
2023-06-05,DE0001030708,2.27
2023-06-06,DE0001030708,2.224
2023-06-07,DE0001030708,2.271
2023-06-08,DE0001030708,2.343
2023-06-09,DE0001030708,2.314
2023-06-12,DE0001030708,2.284
2023-06-13,DE0001030708,2.285
2023-06-14,DE0001030708,2.36
2023-06-15,DE0001030708,2.414
2023-06-16,DE0001030708,2.424
2023-06-19,DE0001030708,2.422
2023-06-20,DE0001030708,2.439
2023-06-21,DE0001030708,2.37
2023-06-22,DE0001030708,2.403
2023-06-23,DE0001030708,2.318
2023-06-26,DE0001030708,2.275
2023-06-27,DE0001030708,2.282
2023-06-28,DE0001030708,2.293
2023-06-29,DE0001030708,2.323
2023-06-30,DE0001030708,2.405
2023-07-03,DE0001030708,2.371
2023-07-04,DE0001030708,2.43
2023-07-05,DE0001030708,2.378
2023-07-06,DE0001030708,2.481
2023-07-07,DE0001030708,2.583
2023-07-10,DE0001030708,2.603
2023-07-11,DE0001030708,2.552
2023-07-12,DE0001030708,2.568
2023-07-13,DE0001030708,2.421
2023-07-14,DE0001030708,2.421
2023-07-17,DE0001030708,2.427
2023-07-18,DE0001030708,2.349
2023-07-19,DE0001030708,2.266
2023-07-20,DE0001030708,2.368
2023-07-21,DE0001030708,2.418
2023-07-24,DE0001030708,2.322
2023-07-25,DE0001030708,2.371
2023-07-26,DE0001030708,2.373
2023-07-27,DE0001030708,2.417
2023-07-28,DE0001030708,2.416
2023-07-31,DE0001030708,2.436
2023-08-01,DE0001030708,2.415
2023-08-02,DE0001030708,2.406
2023-08-03,DE0001030708,2.465
2023-08-04,DE0001030708,2.502
2023-08-07,DE0001030708,2.455
2023-08-08,DE0001030708,2.379
2023-08-09,DE0001030708,2.355
2023-08-10,DE0001030708,2.426
2023-08-11,DE0001030708,2.445
2023-08-14,DE0001030708,2.497
2023-08-15,DE0001030708,2.591
2023-08-16,DE0001030708,2.551
2023-08-17,DE0001030708,2.581
2023-08-18,DE0001030708,2.512
2023-08-21,DE0001030708,2.537
2023-08-22,DE0001030708,2.571
2023-08-23,DE0001030708,2.433
2023-08-24,DE0001030708,2.375
2023-08-25,DE0001030708,2.436
2023-08-28,DE0001030708,2.483
2023-08-29,DE0001030708,2.447
2023-08-30,DE0001030708,2.464
2023-08-31,DE0001030708,2.395
2023-09-01,DE0001030708,2.366
2023-09-04,DE0001030708,2.45
2023-09-05,DE0001030708,2.471
2023-09-06,DE0001030708,2.497
2023-09-07,DE0001030708,2.518
2023-09-08,DE0001030708,2.491
2023-09-11,DE0001030708,2.493
2023-09-12,DE0001030708,2.521
2023-09-13,DE0001030708,2.570989
2023-09-14,DE0001030708,2.546
2023-09-15,DE0001030708,2.542
2023-09-18,DE0001030708,2.587
2023-09-19,DE0001030708,2.614
2023-09-20,DE0001030708,2.633
2023-09-21,DE0001030708,2.636
2023-09-22,DE0001030708,2.629
2023-09-25,DE0001030708,2.674
2023-09-26,DE0001030708,2.672
2023-09-27,DE0001030708,2.659
2023-09-28,DE0001030708,2.777
2023-09-29,DE0001030708,2.712
2023-10-02,DE0001030708,2.723
2023-10-03,DE0001030708,2.764
2023-10-04,DE0001030708,2.805
2023-10-05,DE0001030708,2.774
2023-10-06,DE0001030708,2.714
2023-10-09,DE0001030708,2.664
2023-10-10,DE0001030708,2.615
2023-10-11,DE0001030708,2.572
2023-10-12,DE0001030708,2.589
2023-10-13,DE0001030708,2.609
2023-10-16,DE0001030708,2.638
2023-10-17,DE0001030708,2.662
2023-10-18,DE0001030708,2.766
2023-10-19,DE0001030708,2.799
2023-10-20,DE0001030708,2.761
2023-10-23,DE0001030708,2.777
2023-10-24,DE0001030708,2.641
2023-10-25,DE0001030708,2.683
2023-10-26,DE0001030708,2.712
2023-10-27,DE0001030708,2.651
2023-10-30,DE0001030708,2.618
2023-10-31,DE0001030708,2.6
2023-11-01,DE0001030708,2.637
2023-11-02,DE0001030708,2.53
2023-11-03,DE0001030708,2.55
2023-11-06,DE0001030708,2.534
2023-11-07,DE0001030708,2.55
2023-11-08,DE0001030708,2.491
2023-11-09,DE0001030708,2.493
2023-11-10,DE0001030708,2.57
2023-11-13,DE0001030708,2.565
2023-11-14,DE0001030708,2.564
2023-11-15,DE0001030708,2.447
2023-11-16,DE0001030708,2.478
2023-11-17,DE0001030708,2.367
2023-11-20,DE0001030708,2.448
2023-11-21,DE0001030708,2.46
2023-11-22,DE0001030708,2.43
2023-11-23,DE0001030708,2.446
2023-11-24,DE0001030708,2.505
2023-11-27,DE0001030708,2.495
2023-11-28,DE0001030708,2.393
2023-11-29,DE0001030708,2.3
2023-11-30,DE0001030708,2.251
2023-12-01,DE0001030708,2.264
2023-12-04,DE0001030708,2.203
2023-12-05,DE0001030708,2.148
2023-12-06,DE0001030708,2.117
2023-12-07,DE0001030708,2.037
2023-12-08,DE0001030708,2.083
2023-12-11,DE0001030708,2.118
2023-12-12,DE0001030708,2.094
2023-12-13,DE0001030708,2.088
2023-12-14,DE0001030708,1.918
2023-12-15,DE0001030708,1.912
2023-12-18,DE0001030708,1.898
2023-12-19,DE0001030708,1.904
2023-12-20,DE0001030708,1.86
2023-12-21,DE0001030708,1.841
2023-12-22,DE0001030708,1.831
2023-12-27,DE0001030708,1.8
2023-12-28,DE0001030708,1.785
2023-12-29,DE0001030708,1.863
2024-01-02,DE0001030708,1.9399
2024-01-03,DE0001030708,1.904
2024-01-04,DE0001030708,1.9116
2024-01-05,DE0001030708,2.0223
2024-01-08,DE0001030708,2.0275
2024-01-09,DE0001030708,2.0496
2024-01-10,DE0001030708,2.0416
2024-01-11,DE0001030708,2.0601
2024-01-12,DE0001030708,2.0211
2024-01-15,DE0001030708,2.0264
2024-01-16,DE0001030708,2.0591
2024-01-17,DE0001030708,2.1009
2024-01-18,DE0001030708,2.159
2024-01-19,DE0001030708,2.1697
2024-01-22,DE0001030708,2.1482
2024-01-23,DE0001030708,2.1599
2024-01-24,DE0001030708,2.1644
2024-01-25,DE0001030708,2.2121
2024-01-26,DE0001030708,2.0919
2024-01-29,DE0001030708,2.0651
2024-01-30,DE0001030708,2.0749
2024-01-31,DE0001030708,2.0615
2024-02-01,DE0001030708,2.0355
2024-02-02,DE0001030708,2.0284
2024-02-05,DE0001030708,2.134
2024-02-06,DE0001030708,2.1673
2024-02-07,DE0001030708,2.1322
2024-02-08,DE0001030708,2.1529
2024-02-09,DE0001030708,2.2162
2024-02-12,DE0001030708,2.2254
2024-02-13,DE0001030708,2.2318
2024-02-14,DE0001030708,2.2472
2024-02-15,DE0001030708,2.2047
2024-02-16,DE0001030708,2.272
2024-02-19,DE0001030708,2.2849
2024-02-20,DE0001030708,2.2785
2024-02-21,DE0001030708,2.2813
2024-02-22,DE0001030708,2.3522
2024-02-23,DE0001030708,2.3798
2024-02-26,DE0001030708,2.2844
2024-02-27,DE0001030708,2.3313
2024-02-28,DE0001030708,2.358
2024-02-29,DE0001030708,2.411
2024-03-01,DE0001030708,2.3187
2024-03-04,DE0001030708,2.2986
2024-03-05,DE0001030708,2.2922
2024-03-06,DE0001030708,2.2712
2024-03-07,DE0001030708,2.2466
2024-03-08,DE0001030708,2.1752
2024-03-11,DE0001030708,2.1698
2024-03-12,DE0001030708,2.1999
2024-03-13,DE0001030708,2.2284
2024-03-14,DE0001030708,2.2791
2024-03-15,DE0001030708,2.3549
2024-03-18,DE0001030708,2.3681
2024-03-19,DE0001030708,2.3413
2024-03-20,DE0001030708,2.32
2024-03-21,DE0001030708,2.2916
2024-03-22,DE0001030708,2.262
2024-03-25,DE0001030708,2.2363
2024-03-26,DE0001030708,2.2483
2024-03-27,DE0001030708,2.2402
2024-03-28,DE0001030708,2.231
2024-04-02,DE0001030708,2.2496
2024-04-03,DE0001030708,2.2765
2024-04-04,DE0001030708,2.2591
2024-04-05,DE0001030708,2.2424
2024-04-08,DE0001030708,2.3299
2024-04-09,DE0001030708,2.3104
2024-04-10,DE0001030708,2.2519
2024-04-11,DE0001030708,2.3781
2024-04-12,DE0001030708,2.2939
2024-04-15,DE0001030708,2.2884
2024-04-16,DE0001030708,2.3437
2024-04-17,DE0001030708,2.3803
2024-04-18,DE0001030708,2.3515
2024-04-19,DE0001030708,2.376
2024-04-22,DE0001030708,2.4441
2024-04-23,DE0001030708,2.3998
2024-04-24,DE0001030708,2.4405
2024-04-25,DE0001030708,2.4684
2024-04-26,DE0001030708,2.5083
2024-04-29,DE0001030708,2.4299
2024-04-30,DE0001030708,2.4546
2024-05-02,DE0001030708,2.4646
2024-05-03,DE0001030708,2.4494
2024-05-06,DE0001030708,2.3681
2024-05-07,DE0001030708,2.354
2024-05-08,DE0001030708,2.3607
2024-05-09,DE0001030708,2.4208
2024-05-10,DE0001030708,2.3847
2024-05-13,DE0001030708,2.4325
2024-05-14,DE0001030708,2.4145
2024-05-15,DE0001030708,2.4041
2024-05-16,DE0001030708,2.3522
2024-05-17,DE0001030708,2.4035
2024-05-20,DE0001030708,2.4438
2024-05-21,DE0001030708,2.4354
2024-05-22,DE0001030708,2.4632
2024-05-23,DE0001030708,2.4934
2024-05-24,DE0001030708,2.5164
2024-05-27,DE0001030708,2.536
2024-05-28,DE0001030708,2.4909
2024-05-29,DE0001030708,2.546
2024-05-30,DE0001030708,2.594
2024-05-31,DE0001030708,2.6289
2024-06-03,DE0001030708,2.5691
2024-06-04,DE0001030708,2.4814
2024-06-05,DE0001030708,2.4729
2024-06-06,DE0001030708,2.4608
2024-06-07,DE0001030708,2.509
2024-06-10,DE0001030708,2.5752
2024-06-11,DE0001030708,2.5803
2024-06-12,DE0001030708,2.5174
2024-06-13,DE0001030708,2.4743
2024-06-14,DE0001030708,2.2822
2024-06-17,DE0001030708,2.2938
2024-06-18,DE0001030708,2.3236
2024-06-19,DE0001030708,2.294
2024-06-20,DE0001030708,2.3393
2024-06-21,DE0001030708,2.2607
2024-06-24,DE0001030708,2.3087
2024-06-25,DE0001030708,2.3174
2024-06-26,DE0001030708,2.3416
2024-06-27,DE0001030708,2.3582
2024-06-28,DE0001030708,2.3601
2024-07-01,DE0001030708,2.4727
2024-07-02,DE0001030708,2.4777
2024-07-03,DE0001030708,2.4964
2024-07-04,DE0001030708,2.4783
2024-07-05,DE0001030708,2.4627
2024-07-08,DE0001030708,2.4416
2024-07-09,DE0001030708,2.431
2024-07-10,DE0001030708,2.4185
2024-07-11,DE0001030708,2.4257
2024-07-12,DE0001030708,2.3771
2024-07-15,DE0001030708,2.3463
2024-07-16,DE0001030708,2.3105
2024-07-17,DE0001030708,2.2922
2024-07-18,DE0001030708,2.3186
2024-07-19,DE0001030708,2.2857
2024-07-22,DE0001030708,2.3499
2024-07-23,DE0001030708,2.3334
2024-07-24,DE0001030708,2.286
2024-07-25,DE0001030708,2.2504
2024-07-26,DE0001030708,2.2853
2024-07-29,DE0001030708,2.2061
2024-07-30,DE0001030708,2.2167
2024-07-31,DE0001030708,2.1618
2024-08-01,DE0001030708,2.132
2024-08-02,DE0001030708,2.0581
2024-08-05,DE0001030708,1.9388
2024-08-06,DE0001030708,1.9969
2024-08-07,DE0001030708,2.1013
2024-08-08,DE0001030708,2.0369
2024-08-09,DE0001030708,2.0686
2024-08-12,DE0001030708,2.0657
2024-08-13,DE0001030708,2.0512
2024-08-14,DE0001030708,2.0311
2024-08-15,DE0001030708,2.0281
2024-08-16,DE0001030708,2.0887
2024-08-19,DE0001030708,2.0685
2024-08-20,DE0001030708,2.0868
2024-08-21,DE0001030708,2.0627
2024-08-22,DE0001030708,2.0636
2024-08-23,DE0001030708,2.0994
2024-08-26,DE0001030708,2.0694
2024-08-27,DE0001030708,2.0994
2024-08-28,DE0001030708,2.0946
2024-08-29,DE0001030708,2.0626
2024-08-30,DE0001030708,2.0829
2024-09-02,DE0001030708,2.154
2024-09-03,DE0001030708,2.155
2024-09-04,DE0001030708,2.0742
2024-09-05,DE0001030708,2.0519
2024-09-06,DE0001030708,1.9908
2024-09-09,DE0001030708,2.046
2024-09-10,DE0001030708,1.9714
2024-09-11,DE0001030708,1.9087
2024-09-12,DE0001030708,1.9403
2024-09-13,DE0001030708,1.9393
2024-09-16,DE0001030708,1.9498
2024-09-17,DE0001030708,1.9082
2024-09-18,DE0001030708,1.9788
2024-09-19,DE0001030708,1.9991
2024-09-20,DE0001030708,1.9689
2024-09-23,DE0001030708,1.9407
2024-09-24,DE0001030708,1.9552
2024-09-25,DE0001030708,1.9096
2024-09-26,DE0001030708,1.8929
2024-09-27,DE0001030708,1.8938
2024-09-30,DE0001030708,1.9277
2024-10-01,DE0001030708,1.8298
2024-10-02,DE0001030708,1.8558
2024-10-03,DE0001030708,1.9011
2024-10-04,DE0001030708,1.939
2024-10-07,DE0001030708,2.0535
2024-10-08,DE0001030708,2.0426
2024-10-09,DE0001030708,2.024
2024-10-10,DE0001030708,2.0701
2024-10-11,DE0001030708,2.0692
2024-10-14,DE0001030708,2.0544
2024-10-15,DE0001030708,2.0258
2024-10-16,DE0001030708,1.9855
2024-10-17,DE0001030708,2.0001
2024-10-18,DE0001030708,1.9755
2024-10-21,DE0001030708,1.9961
2024-10-22,DE0001030708,2.076
2024-10-23,DE0001030708,2.0612
2024-10-24,DE0001030708,2.0226
2024-10-25,DE0001030708,2.0354
2024-10-28,DE0001030708,2.0443
2024-10-29,DE0001030708,2.077
2024-10-30,DE0001030708,2.082
2024-10-31,DE0001030708,2.2049
2024-11-01,DE0001030708,2.1999
2024-11-04,DE0001030708,2.2231
2024-11-05,DE0001030708,2.198
2024-11-06,DE0001030708,2.1449
2024-11-07,DE0001030708,2.2043
2024-11-08,DE0001030708,2.133
2024-11-11,DE0001030708,2.088
2024-11-12,DE0001030708,2.0631
2024-11-13,DE0001030708,2.1361
2024-11-14,DE0001030708,2.1352
2024-11-15,DE0001030708,2.074
2024-11-18,DE0001030708,2.1493
2024-11-19,DE0001030708,2.056
2024-11-20,DE0001030708,2.1092
2024-11-21,DE0001030708,2.074
2024-11-22,DE0001030708,1.981
2024-11-25,DE0001030708,1.9999
2024-11-26,DE0001030708,1.9629
2024-11-27,DE0001030708,1.9181
2024-11-28,DE0001030708,1.9268
2024-11-29,DE0001030708,1.8859
2024-12-02,DE0001030708,1.8114
2024-12-03,DE0001030708,1.8143
2024-12-04,DE0001030708,1.843
2024-12-05,DE0001030708,1.8496
2024-12-06,DE0001030708,1.9044
2024-12-09,DE0001030708,1.8853
2024-12-10,DE0001030708,1.8782
2024-12-11,DE0001030708,1.8692
2024-12-12,DE0001030708,1.9079
2024-12-13,DE0001030708,1.9731
2024-12-16,DE0001030708,1.9862
2024-12-17,DE0001030708,1.9811
2024-12-18,DE0001030708,1.9841
2024-12-19,DE0001030708,2.0193
2024-12-20,DE0001030708,2.0183
2024-12-23,DE0001030708,2.0314
2024-12-27,DE0001030708,2.1088
2024-12-30,DE0001030708,2.1109
2025-01-02,DE0001030708,2.0741
2025-01-03,DE0001030708,2.112
2025-01-06,DE0001030708,2.187
2025-01-07,DE0001030708,2.1839
2025-01-08,DE0001030708,2.2057
2025-01-09,DE0001030708,2.2503
2025-01-10,DE0001030708,2.2867
2025-01-13,DE0001030708,2.3546
2025-01-14,DE0001030708,2.3453
2025-01-15,DE0001030708,2.3569
2025-01-16,DE0001030708,2.2957
2025-01-17,DE0001030708,2.2593
2025-01-20,DE0001030708,2.2708
2025-01-21,DE0001030708,2.247
2025-01-22,DE0001030708,2.2377
2025-01-23,DE0001030708,2.2723
2025-01-24,DE0001030708,2.3111
2025-01-27,DE0001030708,2.26
2025-01-28,DE0001030708,2.2883
2025-01-29,DE0001030708,2.2685
2025-01-30,DE0001030708,2.2573
2025-01-31,DE0001030708,2.1853
2025-02-03,DE0001030708,2.1074
2025-02-04,DE0001030708,2.1333
2025-02-05,DE0001030708,2.0597
2025-02-06,DE0001030708,2.0981
2025-02-07,DE0001030708,2.0888
2025-02-10,DE0001030708,2.0961
2025-02-11,DE0001030708,2.1179
2025-02-12,DE0001030708,2.1712
2025-02-13,DE0001030708,2.1975
2025-02-14,DE0001030708,2.1567
2025-02-17,DE0001030708,2.2166
2025-02-18,DE0001030708,2.2261
2025-02-19,DE0001030708,2.2356
2025-02-20,DE0001030708,2.2644
2025-02-21,DE0001030708,2.217
2025-02-24,DE0001030708,2.1907
2025-02-25,DE0001030708,2.1687
2025-02-26,DE0001030708,2.1487
2025-02-27,DE0001030708,2.1415
2025-02-28,DE0001030708,2.0733
2025-03-03,DE0001030708,2.1268
2025-03-04,DE0001030708,2.1069
2025-03-05,DE0001030708,2.3089
2025-03-06,DE0001030708,2.4926
2025-03-07,DE0001030708,2.4615
2025-03-10,DE0001030708,2.4262
2025-03-11,DE0001030708,2.4727
2025-03-12,DE0001030708,2.5064
2025-03-13,DE0001030708,2.4907
2025-03-14,DE0001030708,2.4682
2025-03-17,DE0001030708,2.422
2025-03-18,DE0001030708,2.4491
2025-03-19,DE0001030708,2.39
2025-03-20,DE0001030708,2.3894
2025-03-21,DE0001030708,2.3604
2025-03-24,DE0001030708,2.3703
2025-03-25,DE0001030708,2.406
2025-03-26,DE0001030708,2.3856
2025-03-27,DE0001030708,2.3699
2025-03-28,DE0001030708,2.3086
2025-03-31,DE0001030708,2.256
2025-04-01,DE0001030708,2.2636
2025-04-02,DE0001030708,2.2648
2025-04-03,DE0001030708,2.2188
2025-04-04,DE0001030708,2.1023
2025-04-07,DE0001030708,1.9653
2025-04-08,DE0001030708,2.1536
2025-04-09,DE0001030708,2.0842
2025-04-10,DE0001030708,2.1796
2025-04-11,DE0001030708,2.0886
2025-04-14,DE0001030708,2.0982
2025-04-15,DE0001030708,2.048
2025-04-16,DE0001030708,2.0363
2025-04-17,DE0001030708,2.0812
2025-04-22,DE0001030708,1.9743
2025-04-23,DE0001030708,2.0095
2025-04-24,DE0001030708,1.9913
2025-04-25,DE0001030708,2.0094
2025-04-28,DE0001030708,2.0362
2025-04-29,DE0001030708,2.0168
2025-04-30,DE0001030708,2.005
2025-05-02,DE0001030708,1.9975
2025-05-05,DE0001030708,2.0544
2025-05-06,DE0001030708,2.0641
2025-05-07,DE0001030708,2.048
2025-05-08,DE0001030708,2.0296
2025-05-09,DE0001030708,2.1107
2025-05-12,DE0001030708,2.1857
2025-05-13,DE0001030708,2.2261
2025-05-14,DE0001030708,2.2317
2025-05-15,DE0001030708,2.2396
2025-05-16,DE0001030708,2.1577
2025-05-19,DE0001030708,2.1938
2025-05-20,DE0001030708,2.1164
2025-05-21,DE0001030708,2.1917
2025-05-22,DE0001030708,2.1668
2025-05-23,DE0001030708,2.1526
2025-05-26,DE0001030708,2.1144
2025-05-27,DE0001030708,2.0566
2025-05-28,DE0001030708,2.0882
2025-05-29,DE0001030708,2.1091
2025-05-30,DE0001030708,2.0708
2025-06-02,DE0001030708,2.0916
2025-06-03,DE0001030708,2.0403
2025-06-04,DE0001030708,2.072
2025-06-05,DE0001030708,2.0556
2025-06-06,DE0001030708,2.1203
2025-06-09,DE0001030708,2.1104
2025-06-10,DE0001030708,2.1269
2025-06-11,DE0001030708,2.1303
2025-06-12,DE0001030708,2.0875
2025-06-13,DE0001030708,2.0908
2025-06-16,DE0001030708,2.1448
2025-06-17,DE0001030708,2.1305
2025-06-18,DE0001030708,2.1273
2025-06-19,DE0001030708,2.1152
2025-06-20,DE0001030708,2.1009
2025-06-23,DE0001030708,2.133
2025-06-24,DE0001030708,2.1098
2025-06-25,DE0001030708,2.1065
2025-06-26,DE0001030708,2.1121
2025-06-27,DE0001030708,2.1177
2025-06-30,DE0001030708,2.1455
2025-07-01,DE0001030708,2.1
2025-07-02,DE0001030708,2.1456
2025-07-03,DE0001030708,2.1357
2025-07-04,DE0001030708,2.0857
2025-07-07,DE0001030708,2.118
2025-07-08,DE0001030708,2.1973
2025-07-09,DE0001030708,2.1828
2025-07-10,DE0001030708,2.173
2025-07-11,DE0001030708,2.2258
2025-07-14,DE0001030708,2.2045
2025-07-15,DE0001030708,2.1832
2025-07-16,DE0001030708,2.2002
2025-07-17,DE0001030708,2.1745
2025-07-18,DE0001030708,2.187
2025-07-21,DE0001030708,2.1319
2025-07-22,DE0001030708,2.1129
2025-07-23,DE0001030708,2.1118
2025-07-24,DE0001030708,2.1558
2025-07-25,DE0001030708,2.2656
2025-07-28,DE0001030708,2.2124
2025-07-29,DE0001030708,2.2159
2025-07-30,DE0001030708,2.2194
2025-07-31,DE0001030708,2.2344
2025-08-01,DE0001030708,2.2402
2025-08-04,DE0001030708,2.2028
2025-08-05,DE0001030708,2.1564
2025-08-06,DE0001030708,2.1644
2025-08-07,DE0001030708,2.1566
2025-08-08,DE0001030708,2.1896
2025-08-11,DE0001030708,2.209
2025-08-12,DE0001030708,2.2239
2025-08-13,DE0001030708,2.2092
2025-08-14,DE0001030708,2.1718
2025-08-15,DE0001030708,2.2301
2025-08-18,DE0001030708,2.2474
2025-08-19,DE0001030708,2.2624
2025-08-20,DE0001030708,2.2201
2025-08-21,DE0001030708,2.233
2025-08-22,DE0001030708,2.2503
2025-08-25,DE0001030708,2.2378
2025-08-26,DE0001030708,2.2069
2025-08-27,DE0001030708,2.1829
2025-08-28,DE0001030708,2.1773
2025-08-29,DE0001030708,2.1785
2025-09-01,DE0001030708,2.2166
2025-09-02,DE0001030708,2.2432
2025-09-03,DE0001030708,2.2375
2025-09-04,DE0001030708,2.1951
2025-09-05,DE0001030708,2.194
2025-09-08,DE0001030708,2.1515
2025-09-09,DE0001030708,2.1573
2025-09-10,DE0001030708,2.1539
2025-09-11,DE0001030708,2.1806
2025-09-12,DE0001030708,2.2375
2025-09-15,DE0001030708,2.2132
2025-09-16,DE0001030708,2.2284
2025-09-17,DE0001030708,2.218
2025-09-18,DE0001030708,2.2218
2025-09-19,DE0001030708,2.2603
2025-09-22,DE0001030708,2.2569
2025-09-23,DE0001030708,2.2652
2025-09-24,DE0001030708,2.2595
2025-09-25,DE0001030708,2.2704
2025-09-26,DE0001030708,2.2927
2025-09-29,DE0001030708,2.2612
2025-09-30,DE0001030708,2.2508
2025-10-01,DE0001030708,2.2661
2025-10-02,DE0001030708,2.2466
2025-10-03,DE0001030708,2.2431
2025-10-06,DE0001030708,2.2444
2025-10-07,DE0001030708,2.2481
2025-10-08,DE0001030708,2.2188
2025-10-09,DE0001030708,2.2203
2025-10-10,DE0001030708,2.2169
2025-10-13,DE0001030708,2.1641
2025-10-14,DE0001030708,2.1208
2025-10-15,DE0001030708,2.1174
2025-10-16,DE0001030708,2.0976
2025-10-17,DE0001030708,2.0707
2025-10-20,DE0001030708,2.1188
2025-10-21,DE0001030708,2.1083
2025-10-22,DE0001030708,2.0907
2025-10-23,DE0001030708,2.1202
2025-10-24,DE0001030708,2.1686
2025-10-27,DE0001030708,2.184
2025-10-28,DE0001030708,2.1663
2025-10-29,DE0001030708,2.1747
2025-10-30,DE0001030708,2.1998
2025-10-31,DE0001030708,2.1916
2025-11-03,DE0001030708,2.1786
2025-11-04,DE0001030708,2.1822
2025-11-05,DE0001030708,2.1883
2025-11-06,DE0001030708,2.1992
2025-11-07,DE0001030708,2.2053
2025-11-10,DE0001030708,2.2089
2025-11-11,DE0001030708,2.2031
2025-11-12,DE0001030708,2.2067
2025-11-13,DE0001030708,2.1939
2025-11-14,DE0001030708,2.2382
2025-11-17,DE0001030708,2.2324
2025-11-18,DE0001030708,2.2145
2025-11-19,DE0001030708,2.2254
2025-11-20,DE0001030708,2.2365
2025-11-21,DE0001030708,2.1922
2025-11-24,DE0001030708,2.2151
2025-11-25,DE0001030708,2.2164
2025-11-26,DE0001030708,2.2081
2025-11-27,DE0001030708,2.224
2025-11-28,DE0001030708,2.2301
2025-12-01,DE0001030708,2.2556
2025-12-02,DE0001030708,2.2908
2025-12-03,DE0001030708,2.2801
2025-12-04,DE0001030708,2.2914
2025-12-05,DE0001030708,2.3146
2025-12-08,DE0001030708,2.3769
2025-12-09,DE0001030708,2.4077
2025-12-10,DE0001030708,2.4385
2025-12-11,DE0001030708,2.4134
2025-12-12,DE0001030708,2.4124
2025-12-15,DE0001030708,2.3917
2025-12-16,DE0001030708,2.3932
2025-12-17,DE0001030708,2.3799
2025-12-18,DE0001030708,2.3768
2025-12-19,DE0001030708,2.3979
2025-12-22,DE0001030708,2.419
2025-12-23,DE0001030708,2.3966
2025-12-29,DE0001030708,2.3871
2025-12-30,DE0001030708,2.3776
2026-01-02,DE0001030708,2.3858
2026-01-05,DE0001030708,2.417
2026-01-06,DE0001030708,2.3738
2026-01-07,DE0001030708,2.3306
2026-01-08,DE0001030708,2.3572
2026-01-09,DE0001030708,2.3561
2026-01-12,DE0001030708,2.3526
2026-01-13,DE0001030708,2.3615
2026-01-14,DE0001030708,2.338
2026-01-15,DE0001030708,2.3199
2026-01-16,DE0001030708,2.3362
2026-01-19,DE0001030708,2.3202
2026-01-20,DE0001030708,2.3491
2026-01-21,DE0001030708,2.3255
2026-01-22,DE0001030708,2.3473
2026-01-23,DE0001030708,2.3888
2026-01-26,DE0001030708,2.3702
2026-01-27,DE0001030708,2.3691
2026-01-28,DE0001030708,2.328
2026-01-29,DE0001030708,2.3247
2026-01-30,DE0001030708,2.3161
2026-02-02,DE0001030708,2.315
2026-02-03,DE0001030708,2.3591
2026-02-04,DE0001030708,2.343
2026-02-05,DE0001030708,2.3247
2026-02-06,DE0001030708,2.2884
2026-02-09,DE0001030708,2.3149
2026-02-10,DE0001030708,2.2912
2026-02-11,DE0001030708,2.2649
2026-02-12,DE0001030708,2.2767
2026-02-13,DE0001030708,2.2554
2026-02-16,DE0001030708,2.2417
2026-02-17,DE0001030708,2.2179
2026-02-18,DE0001030708,2.2268
2026-02-19,DE0001030708,2.2461
2026-02-20,DE0001030708,2.2298
2026-02-23,DE0001030708,2.2287
2026-02-24,DE0001030708,2.1998
2026-02-25,DE0001030708,2.2163
2026-02-26,DE0001030708,2.2103
2026-02-27,DE0001030708,2.1839
2026-03-02,DE0001030708,2.1726
2026-03-03,DE0001030708,2.3314
2026-03-04,DE0001030708,2.3099
2026-03-05,DE0001030708,2.3219
2026-03-06,DE0001030708,2.4027
2026-03-09,DE0001030708,2.4891
2026-03-10,DE0001030708,2.3877
2026-03-11,DE0001030708,2.4561
2026-03-12,DE0001030708,2.4918
2026-03-13,DE0001030708,2.5063
2026-03-16,DE0001030708,2.5105
2026-03-17,DE0001030708,2.4835
2026-03-18,DE0001030708,2.4618
2026-03-19,DE0001030708,2.5809
2026-03-20,DE0001030708,2.6427
2026-03-23,DE0001030708,2.7442
2026-03-24,DE0001030708,2.6565
2026-03-25,DE0001030708,2.6372
2026-03-26,DE0001030708,2.6922
2026-03-27,DE0001030708,2.7758
2026-03-30,DE0001030708,2.7168
2026-03-31,DE0001030708,2.6604
2026-04-01,DE0001030708,2.5937
2026-04-02,DE0001030708,2.6689
2026-04-07,DE0001030708,2.6617
2026-04-08,DE0001030708,2.5421
2026-04-09,DE0001030708,2.6129
2026-04-10,DE0001030708,2.6384
2026-04-13,DE0001030708,2.6746
2026-04-14,DE0001030708,2.6604
2026-04-15,DE0001030708,2.617
2026-04-16,DE0001030708,2.6061
2026-04-17,DE0001030708,2.6025
2026-04-20,DE0001030708,2.5564
2026-04-21,DE0001030708,2.5501
2026-04-22,DE0001030708,2.5942
2026-04-23,DE0001030708,2.6445
2026-04-24,DE0001030708,2.6596
2026-04-27,DE0001030708,2.6124
2026-04-28,DE0001030708,2.6738
2026-04-29,DE0001030708,2.7156
2026-04-30,DE0001030708,2.7497
2026-05-04,DE0001030708,2.6976
2026-05-05,DE0001030708,2.7075
2026-05-06,DE0001030708,2.6178
2026-05-07,DE0001030708,2.6095
2026-05-08,DE0001030708,2.6246
2026-05-11,DE0001030708,2.6559
2026-05-12,DE0001030708,2.7225
2026-05-13,DE0001030708,2.727
2026-05-14,DE0001030708,2.7134
2026-05-15,DE0001030708,2.7477
2026-05-18,DE0001030708,2.7849
2026-05-19,DE0001030708,2.7622
2026-05-20,DE0001030708,2.7668
2026-05-21,DE0001030708,2.7014
2026-05-22,DE0001030708,2.6895
2026-05-25,DE0001030708,2.5827
2026-05-26,DE0001030708,2.6115
2026-05-27,DE0001030708,2.5861
2026-05-28,DE0001030708,2.632
2026-05-29,DE0001030708,2.5793
2026-06-01,DE0001030708,2.6219
2026-06-02,DE0001030708,2.5991
2026-06-03,DE0001030708,2.6663
2026-06-04,DE0001030708,2.6798
2026-06-05,DE0001030708,2.6651
2026-06-08,DE0001030708,2.7218
2026-06-09,DE0001030708,2.6879
2026-06-10,DE0001030708,2.6979
2026-06-11,DE0001030708,2.7143
2026-06-12,DE0001030708,2.6254
2026-06-15,DE0001030708,2.5805
2026-06-16,DE0001030708,2.574
2026-06-17,DE0001030708,2.5757
2026-06-18,DE0001030708,2.6139
2026-06-19,DE0001030708,2.6321
2026-06-22,DE0001030708,2.6312
2026-06-23,DE0001030708,2.5778
2026-06-24,DE0001030708,2.5685
2026-06-25,DE0001030708,2.5406
2026-06-26,DE0001030708,2.5147
2026-06-29,DE0001030708,2.5247
2026-06-30,DE0001030708,2.5099
2026-07-01,DE0001030708,2.5336
2026-07-02,DE0001030708,2.5581
2026-07-03,DE0001030708,2.5654
2026-07-06,DE0001030708,2.5588
2026-07-07,DE0001030708,2.6133
2026-07-08,DE0001030708,2.7127
2026-07-09,DE0001030708,2.7183
2026-07-10,DE0001030708,2.6865
2026-07-13,DE0001030708,2.7051
2026-07-14,DE0001030708,2.7829
2026-07-15,DE0001030708,2.7622
2026-07-16,DE0001030708,2.7763
2026-07-17,DE0001030708,2.7782
2026-07-20,DE0001030708,2.7943
2026-07-21,DE0001030708,2.7933
2026-07-22,DE0001030708,2.8236
2026-07-23,DE0001030708,2.8778
2026-07-24,DE0001030708,2.8626
2026-07-27,DE0001030708,2.7906
2026-07-28,DE0001030708,2.767
2026-07-29,DE0001030708,2.7831
2026-07-30,DE0001030708,2.8174
2026-07-31,DE0001030708,2.7965
2026-08-03,DE0001030708,2.787
2026-08-04,DE0001030708,2.7975
2026-08-05,DE0001030708,2.7338
2026-08-06,DE0001030708,2.7509
2026-08-07,DE0001030708,2.7757
2026-08-10,DE0001030708,2.7719
2026-08-11,DE0001030708,2.834
2026-08-12,DE0001030708,2.7958
2026-08-13,DE0001030708,2.7873
2026-08-14,DE0001030708,2.7921
2026-08-17,DE0001030708,2.8257
2026-08-18,DE0001030708,2.8623
2026-08-19,DE0001030708,2.8787
2026-08-20,DE0001030708,2.8877
2026-08-21,DE0001030708,2.8578
2026-08-24,DE0001030708,2.8627
2026-08-25,DE0001030708,2.8792
2026-08-26,DE0001030708,2.8174
2026-08-27,DE0001030708,2.8699
2026-08-28,DE0001030708,2.8893
2026-08-31,DE0001030708,2.9439
2026-09-01,DE0001030708,2.984
2026-09-02,DE0001030708,3.0331
2026-09-03,DE0001030708,3.0042
2026-09-04,DE0001030708,2.9887
2026-09-07,DE0001030708,2.9879
2026-09-08,DE0001030708,3.0401
2026-09-09,DE0001030708,3.054
2026-09-10,DE0001030708,3.0991
2026-09-11,DE0001030708,3.1965
2026-09-14,DE0001030708,3.2525
2026-09-15,DE0001030708,3.2848
2026-09-16,DE0001030708,3.2781
2026-09-17,DE0001030708,3.2671
2026-09-18,DE0001030708,3.2604
2026-09-21,DE0001030708,3.2297
2026-09-22,DE0001030708,3.208
2026-09-23,DE0001030708,3.2344
2026-09-24,DE0001030708,3.3289
2026-09-25,DE0001030708,3.3161
2026-09-28,DE0001030708,3.373
2026-09-29,DE0001030708,3.3451
2026-09-30,DE0001030708,3.296
2026-10-01,DE0001030708,3.2668
2021-05-14,DE0001030724,0.391542
2021-05-17,DE0001030724,0.392386
2021-05-18,DE0001030724,0.41293
2021-05-19,DE0001030724,0.44368
2021-05-20,DE0001030724,0.418089
2021-05-21,DE0001030724,0.384107
2021-05-25,DE0001030724,0.369262
2021-05-26,DE0001030724,0.339208
2021-05-27,DE0001030724,0.31851
2021-05-28,DE0001030724,0.359465
2021-05-31,DE0001030724,0.361823
2021-06-01,DE0001030724,0.333714
2021-06-02,DE0001030724,0.336018
2021-06-04,DE0001030724,0.338009
2021-06-07,DE0001030724,0.328223
2021-06-08,DE0001030724,0.309768
2021-06-09,DE0001030724,0.279459
2021-06-10,DE0001030724,0.275438
2021-06-11,DE0001030724,0.239134
2021-06-14,DE0001030724,0.247665
2021-06-15,DE0001030724,0.255456
2021-06-16,DE0001030724,0.279643
2021-06-17,DE0001030724,0.285698
2021-06-18,DE0001030724,0.229352
2021-06-21,DE0001030724,0.214721
2021-06-22,DE0001030724,0.280548
2021-06-23,DE0001030724,0.278334
2021-06-24,DE0001030724,0.277293
2021-06-25,DE0001030724,0.273564
2021-06-28,DE0001030724,0.297936
2021-06-29,DE0001030724,0.277745
2021-06-30,DE0001030724,0.271431
2021-07-01,DE0001030724,0.271507
2021-07-02,DE0001030724,0.244779
2021-07-05,DE0001030724,0.253342
2021-07-06,DE0001030724,0.244478
2021-07-07,DE0001030724,0.169535
2021-07-08,DE0001030724,0.108299
2021-07-09,DE0001030724,0.138979
2021-07-12,DE0001030724,0.149417
2021-07-13,DE0001030724,0.167823
2021-07-14,DE0001030724,0.171457
2021-07-15,DE0001030724,0.109793
2021-07-16,DE0001030724,0.108726
2021-07-19,DE0001030724,0.067418
2021-07-20,DE0001030724,0.017593
2021-07-21,DE0001030724,0.032849
2021-07-22,DE0001030724,0.043303
2021-07-23,DE0001030724,0.032511
2021-07-26,DE0001030724,0.004478
2021-07-27,DE0001030724,-0.002065
2021-07-28,DE0001030724,0.001378
2021-07-29,DE0001030724,0.001722
2021-07-30,DE0001030724,0.001033
2021-08-02,DE0001030724,-0.005507
2021-08-03,DE0001030724,-0.032568
2021-08-04,DE0001030724,-0.058062
2021-08-05,DE0001030724,-0.08842
2021-08-06,DE0001030724,-0.087749
2021-08-09,DE0001030724,-0.053004
2021-08-10,DE0001030724,-0.051991
2021-08-11,DE0001030724,-0.026099
2021-08-12,DE0001030724,-0.050652
2021-08-13,DE0001030724,-0.055065
2021-08-16,DE0001030724,-0.059144
2021-08-17,DE0001030724,-0.090183
2021-08-18,DE0001030724,-0.070997
2021-08-19,DE0001030724,-0.103291
2021-08-23,DE0001030724,-0.056809
2021-08-24,DE0001030724,-0.074752
2021-08-25,DE0001030724,-0.046623
2021-08-26,DE0001030724,0.020784
2021-08-27,DE0001030724,0.015229
2021-08-30,DE0001030724,0.005877
2021-08-31,DE0001030724,0.005531
2021-09-01,DE0001030724,0.068051
2021-09-02,DE0001030724,0.060321
2021-09-03,DE0001030724,0.075484
2021-09-06,DE0001030724,0.097488
2021-09-07,DE0001030724,0.128603
2021-09-08,DE0001030724,0.110701
2021-09-09,DE0001030724,0.114309
2021-09-10,DE0001030724,0.100027
2021-09-13,DE0001030724,0.117195
2021-09-14,DE0001030724,0.137326
2021-09-15,DE0001030724,0.111848
2021-09-16,DE0001030724,0.150019
2021-09-17,DE0001030724,0.159078
2021-09-20,DE0001030724,0.137764
2021-09-21,DE0001030724,0.141386
2021-09-22,DE0001030724,0.130585
2021-09-23,DE0001030724,0.130622
2021-09-24,DE0001030724,0.194223
2021-09-27,DE0001030724,0.224117
2021-09-28,DE0001030724,0.224138
2021-09-29,DE0001030724,0.203485
2021-09-30,DE0001030724,0.201703
2021-10-01,DE0001030724,0.198025
2021-10-04,DE0001030724,0.223896
2021-10-05,DE0001030724,0.207286
2021-10-06,DE0001030724,0.264946
2021-10-07,DE0001030724,0.251915
2021-10-08,DE0001030724,0.280063
2021-10-11,DE0001030724,0.2922
2021-10-12,DE0001030724,0.305876
2021-10-13,DE0001030724,0.279038
2021-10-14,DE0001030724,0.231577
2021-10-15,DE0001030724,0.20861
2021-10-18,DE0001030724,0.194648
2021-10-19,DE0001030724,0.18182
2021-10-20,DE0001030724,0.216084
2021-10-21,DE0001030724,0.215035
2021-10-22,DE0001030724,0.207641
2021-10-25,DE0001030724,0.199564
2021-10-26,DE0001030724,0.163662
2021-10-27,DE0001030724,0.123806
2021-10-28,DE0001030724,0.06135
2021-10-29,DE0001030724,0.106226
2021-11-01,DE0001030724,0.099082
2021-11-02,DE0001030724,0.094084
2021-11-03,DE0001030724,0.059958
2021-11-04,DE0001030724,0.09019
2021-11-05,DE0001030724,0.045497
2021-11-08,DE0001030724,0.015682
2021-11-09,DE0001030724,0.016033
2021-11-10,DE0001030724,-0.032875
2021-11-11,DE0001030724,-0.001739
2021-11-12,DE0001030724,-0.003824
2021-11-15,DE0001030724,-0.027719
2021-11-16,DE0001030724,0.021642
2021-11-17,DE0001030724,0.022695
2021-11-18,DE0001030724,0.002089
2021-11-19,DE0001030724,-0.080141
2021-11-22,DE0001030724,-0.075734
2021-11-23,DE0001030724,-0.013205
2021-11-24,DE0001030724,0.024113
2021-11-25,DE0001030724,0.023769
2021-11-26,DE0001030724,-0.048414
2021-11-29,DE0001030724,-0.043268
2021-11-30,DE0001030724,-0.102934
2021-12-01,DE0001030724,-0.108685
2021-12-02,DE0001030724,-0.128568
2021-12-03,DE0001030724,-0.141626
2021-12-06,DE0001030724,-0.151666
2021-12-07,DE0001030724,-0.151347
2021-12-08,DE0001030724,-0.176601
2021-12-09,DE0001030724,-0.109801
2021-12-10,DE0001030724,-0.102366
2021-12-13,DE0001030724,-0.12162
2021-12-14,DE0001030724,-0.140758
2021-12-15,DE0001030724,-0.132731
2021-12-16,DE0001030724,-0.092262
2021-12-17,DE0001030724,-0.087164
2021-12-20,DE0001030724,-0.113273
2021-12-21,DE0001030724,-0.051965
2021-12-22,DE0001030724,0.013995
2021-12-23,DE0001030724,0.023481
2021-12-27,DE0001030724,0.055648
2021-12-28,DE0001030724,0.050685
2021-12-29,DE0001030724,0.070253
2021-12-30,DE0001030724,0.089956
2022-01-03,DE0001030724,0.109414
2022-01-04,DE0001030724,0.171373
2022-01-05,DE0001030724,0.168816
2022-01-06,DE0001030724,0.218115
2022-01-07,DE0001030724,0.192475
2022-01-10,DE0001030724,0.21853
2022-01-11,DE0001030724,0.196606
2022-01-12,DE0001030724,0.213724
2022-01-13,DE0001030724,0.187052
2022-01-14,DE0001030724,0.150634
2022-01-17,DE0001030724,0.195977
2022-01-18,DE0001030724,0.209375
2022-01-19,DE0001030724,0.23519
2022-01-20,DE0001030724,0.208338
2022-01-21,DE0001030724,0.164677
2022-01-24,DE0001030724,0.133961
2022-01-25,DE0001030724,0.166932
2022-01-26,DE0001030724,0.17321
2022-01-27,DE0001030724,0.196203
2022-01-28,DE0001030724,0.171416
2022-01-31,DE0001030724,0.191046
2022-02-01,DE0001030724,0.20258
2022-02-02,DE0001030724,0.225751
2022-02-03,DE0001030724,0.226566
2022-02-04,DE0001030724,0.253665
2022-02-07,DE0001030724,0.32398
2022-02-08,DE0001030724,0.332125
2022-02-09,DE0001030724,0.358565
2022-02-10,DE0001030724,0.376655
2022-02-11,DE0001030724,0.38097
2022-02-14,DE0001030724,0.339678
2022-02-15,DE0001030724,0.436501
2022-02-16,DE0001030724,0.494104
2022-02-17,DE0001030724,0.465538
2022-02-18,DE0001030724,0.421929
2022-02-21,DE0001030724,0.42042
2022-02-22,DE0001030724,0.394329
2022-02-23,DE0001030724,0.420104
2022-02-24,DE0001030724,0.335802
2022-02-25,DE0001030724,0.376771
2022-02-28,DE0001030724,0.388642
2022-03-01,DE0001030724,0.27591
2022-03-02,DE0001030724,0.212114
2022-03-03,DE0001030724,0.261177
2022-03-04,DE0001030724,0.193514
2022-03-07,DE0001030724,0.078622
2022-03-08,DE0001030724,0.169825
2022-03-09,DE0001030724,0.313714
2022-03-10,DE0001030724,0.319211
2022-03-11,DE0001030724,0.374137
2022-03-14,DE0001030724,0.442846
2022-03-15,DE0001030724,0.461778
2022-03-16,DE0001030724,0.503592
2022-03-17,DE0001030724,0.454305
2022-03-18,DE0001030724,0.486233
2022-03-21,DE0001030724,0.530473
2022-03-22,DE0001030724,0.59532
2022-03-23,DE0001030724,0.578644
2022-03-24,DE0001030724,0.605212
2022-03-25,DE0001030724,0.584243
2022-03-28,DE0001030724,0.640855
2022-03-29,DE0001030724,0.692321
2022-03-30,DE0001030724,0.681184
2022-03-31,DE0001030724,0.659076
2022-04-01,DE0001030724,0.656085
2022-04-04,DE0001030724,0.578899
2022-04-05,DE0001030724,0.614652
2022-04-06,DE0001030724,0.705407
2022-04-07,DE0001030724,0.722131
2022-04-08,DE0001030724,0.748814
2022-04-11,DE0001030724,0.81056
2022-04-12,DE0001030724,0.898511
2022-04-13,DE0001030724,0.892069
2022-04-14,DE0001030724,0.871972
2022-04-19,DE0001030724,1.027749
2022-04-20,DE0001030724,0.988043
2022-04-21,DE0001030724,0.989746
2022-04-22,DE0001030724,0.99588
2022-04-25,DE0001030724,0.973942
2022-04-26,DE0001030724,0.914929
2022-04-27,DE0001030724,0.90166
2022-04-28,DE0001030724,0.933799
2022-04-29,DE0001030724,0.981938
2022-05-02,DE0001030724,1.019995
2022-05-03,DE0001030724,1.081564
2022-05-04,DE0001030724,1.048394
2022-05-05,DE0001030724,1.065544
2022-05-06,DE0001030724,1.12687
2022-05-09,DE0001030724,1.205074
2022-05-10,DE0001030724,1.153827
2022-05-11,DE0001030724,1.079499
2022-05-12,DE0001030724,1.0055
2022-05-13,DE0001030724,1.025479
2022-05-16,DE0001030724,1.116573
2022-05-17,DE0001030724,1.108363
2022-05-18,DE0001030724,1.111405
2022-05-19,DE0001030724,1.015692
2022-05-20,DE0001030724,1.095619
2022-05-23,DE0001030724,1.076885
2022-05-24,DE0001030724,1.13514
2022-05-25,DE0001030724,1.105318
2022-05-26,DE0001030724,1.130165
2022-05-27,DE0001030724,1.21386
2022-05-30,DE0001030724,1.265415
2022-05-31,DE0001030724,1.293293
2022-06-01,DE0001030724,1.340181
2022-06-02,DE0001030724,1.422639
2022-06-03,DE0001030724,1.446832
2022-06-06,DE0001030724,1.497665
2022-06-07,DE0001030724,1.497811
2022-06-08,DE0001030724,1.511126
2022-06-09,DE0001030724,1.549162
2022-06-10,DE0001030724,1.540835
2022-06-13,DE0001030724,1.604378
2022-06-14,DE0001030724,1.694941
2022-06-15,DE0001030724,1.832868
2022-06-16,DE0001030724,1.849128
2022-06-17,DE0001030724,1.762349
2022-06-20,DE0001030724,1.783449
2022-06-21,DE0001030724,1.886233
2022-06-22,DE0001030724,1.855922
2022-06-23,DE0001030724,1.64436
2022-06-24,DE0001030724,1.663851
2022-06-27,DE0001030724,1.683203
2022-06-28,DE0001030724,1.754037
2022-06-29,DE0001030724,1.749492
2022-06-30,DE0001030724,1.634069
2022-07-01,DE0001030724,1.655803
2022-07-04,DE0001030724,1.578383
2022-07-05,DE0001030724,1.545579
2022-07-06,DE0001030724,1.481818
2022-07-07,DE0001030724,1.555097
2022-07-08,DE0001030724,1.499775
2022-07-11,DE0001030724,1.54816
2022-07-12,DE0001030724,1.368763
2022-07-13,DE0001030724,1.393306
2022-07-14,DE0001030724,1.391587
2022-07-15,DE0001030724,1.322541
2022-07-18,DE0001030724,1.384946
2022-07-19,DE0001030724,1.4048
2022-07-20,DE0001030724,1.39693
2022-07-21,DE0001030724,1.430572
2022-07-22,DE0001030724,1.254165
2022-07-25,DE0001030724,1.283722
2022-07-26,DE0001030724,1.209252
2022-07-27,DE0001030724,1.174161
2022-07-28,DE0001030724,1.218842
2022-07-29,DE0001030724,1.135676
2022-08-01,DE0001030724,1.070658
2022-08-02,DE0001030724,0.974419
2022-08-03,DE0001030724,1.033641
2022-08-04,DE0001030724,1.046475
2022-08-05,DE0001030724,1.005202
2022-08-08,DE0001030724,1.102168
2022-08-09,DE0001030724,1.121465
2022-08-10,DE0001030724,1.107786
2022-08-11,DE0001030724,1.134763
2022-08-12,DE0001030724,1.234257
2022-08-15,DE0001030724,1.159351
2022-08-16,DE0001030724,1.153482
2022-08-17,DE0001030724,1.277326
2022-08-18,DE0001030724,1.279253
2022-08-19,DE0001030724,1.336543
2022-08-22,DE0001030724,1.380673
2022-08-23,DE0001030724,1.422006
2022-08-24,DE0001030724,1.456764
2022-08-25,DE0001030724,1.466451
2022-08-26,DE0001030724,1.493817
2022-08-29,DE0001030724,1.587113
2022-08-30,DE0001030724,1.562524
2022-08-31,DE0001030724,1.60951
2022-09-01,DE0001030724,1.682609
2022-09-02,DE0001030724,1.699762
2022-09-05,DE0001030724,1.68962
2022-09-06,DE0001030724,1.653352
2022-09-07,DE0001030724,1.689373
2022-09-08,DE0001030724,1.656886
2022-09-09,DE0001030724,1.768073
2022-09-12,DE0001030724,1.766639
2022-09-13,DE0001030724,1.7231
2022-09-14,DE0001030724,1.73798
2022-09-15,DE0001030724,1.732603
2022-09-16,DE0001030724,1.709715
2022-09-19,DE0001030724,1.758954
2022-09-20,DE0001030724,1.832875
2022-09-21,DE0001030724,1.828213
2022-09-22,DE0001030724,1.739702
2022-09-23,DE0001030724,1.857931
2022-09-26,DE0001030724,1.875434
2022-09-27,DE0001030724,1.935635
2022-09-28,DE0001030724,2.181305
2022-09-29,DE0001030724,2.105828
2022-09-30,DE0001030724,2.065455
2022-10-03,DE0001030724,2.073852
2022-10-04,DE0001030724,1.83785
2022-10-05,DE0001030724,1.972319
2022-10-06,DE0001030724,1.972907
2022-10-07,DE0001030724,2.048797
2022-10-10,DE0001030724,2.126774
2022-10-11,DE0001030724,2.292261
2022-10-12,DE0001030724,2.366462
2022-10-13,DE0001030724,2.314655
2022-10-14,DE0001030724,2.237652
2022-10-17,DE0001030724,2.315116
2022-10-18,DE0001030724,2.360828
2022-10-19,DE0001030724,2.319056
2022-10-20,DE0001030724,2.382967
2022-10-21,DE0001030724,2.466143
2022-10-24,DE0001030724,2.419063
2022-10-25,DE0001030724,2.241244
2022-10-26,DE0001030724,2.121592
2022-10-27,DE0001030724,2.161304
2022-10-28,DE0001030724,2.112359
2022-10-31,DE0001030724,2.124626
2022-11-01,DE0001030724,2.069238
2022-11-02,DE0001030724,2.140909
2022-11-03,DE0001030724,2.166147
2022-11-04,DE0001030724,2.154824
2022-11-07,DE0001030724,2.198751
2022-11-08,DE0001030724,2.239604
2022-11-09,DE0001030724,2.162342
2022-11-10,DE0001030724,2.096939
2022-11-11,DE0001030724,2.01223
2022-11-14,DE0001030724,2.093432
2022-11-15,DE0001030724,2.049453
2022-11-16,DE0001030724,2.040627
2022-11-17,DE0001030724,1.914639
2022-11-18,DE0001030724,1.967262
2022-11-21,DE0001030724,1.93498
2022-11-22,DE0001030724,1.899696
2022-11-23,DE0001030724,1.873352
2022-11-24,DE0001030724,1.710473
2022-11-25,DE0001030724,1.753603
2022-11-28,DE0001030724,1.775421
2022-11-29,DE0001030724,1.754722
2022-11-30,DE0001030724,1.737691
2022-12-01,DE0001030724,1.657433
2022-12-02,DE0001030724,1.610293
2022-12-05,DE0001030724,1.574245
2022-12-06,DE0001030724,1.586863
2022-12-07,DE0001030724,1.555386
2022-12-08,DE0001030724,1.541254
2022-12-09,DE0001030724,1.591472
2022-12-12,DE0001030724,1.639283
2022-12-13,DE0001030724,1.640022
2022-12-14,DE0001030724,1.731833
2022-12-15,DE0001030724,1.743608
2022-12-16,DE0001030724,1.891431
2022-12-19,DE0001030724,1.952338
2022-12-20,DE0001030724,2.080042
2022-12-21,DE0001030724,2.100533
2022-12-22,DE0001030724,2.123762
2022-12-23,DE0001030724,2.18909
2022-12-27,DE0001030724,2.296766
2022-12-28,DE0001030724,2.300465
2022-12-29,DE0001030724,2.324145
2022-12-30,DE0001030724,2.380493
2023-01-02,DE0001030724,2.366091
2023-01-03,DE0001030724,2.176954
2023-01-04,DE0001030724,2.152439
2023-01-05,DE0001030724,2.153087
2023-01-06,DE0001030724,2.157087
2023-01-09,DE0001030724,2.126959
2023-01-10,DE0001030724,2.134458
2023-01-11,DE0001030724,2.086595
2023-01-12,DE0001030724,2.048823
2023-01-13,DE0001030724,1.98912
2023-01-16,DE0001030724,2.088297
2023-01-17,DE0001030724,2.063715
2023-01-18,DE0001030724,1.984191
2023-01-19,DE0001030724,1.877646
2023-01-20,DE0001030724,1.980339
2023-01-23,DE0001030724,2.060408
2023-01-24,DE0001030724,2.054123
2023-01-25,DE0001030724,1.972882
2023-01-26,DE0001030724,2.066648
2023-01-27,DE0001030724,2.11845
2023-01-30,DE0001030724,2.153395
2023-01-31,DE0001030724,2.148945
2023-02-01,DE0001030724,2.110064
2023-02-02,DE0001030724,2.117299
2023-02-03,DE0001030724,2.087045
2023-02-06,DE0001030724,2.200593
2023-02-07,DE0001030724,2.204873
2023-02-08,DE0001030724,2.246631
2023-02-09,DE0001030724,2.184157
2023-02-10,DE0001030724,2.232952
2023-02-13,DE0001030724,2.228628
2023-02-14,DE0001030724,2.213887
2023-02-15,DE0001030724,2.249586
2023-02-16,DE0001030724,2.337035
2023-02-17,DE0001030724,2.37944
2023-02-20,DE0001030724,2.312994
2023-02-21,DE0001030724,2.341258
2023-02-22,DE0001030724,2.387519
2023-02-23,DE0001030724,2.409692
2023-02-24,DE0001030724,2.315558
2023-02-27,DE0001030724,2.413049
2023-02-28,DE0001030724,2.497548
2023-03-01,DE0001030724,2.557831
2023-03-02,DE0001030724,2.58788
2023-03-03,DE0001030724,2.551139
2023-03-06,DE0001030724,2.478531
2023-03-07,DE0001030724,2.484637
2023-03-08,DE0001030724,2.512094
2023-03-09,DE0001030724,2.510642
2023-03-10,DE0001030724,2.398768
2023-03-13,DE0001030724,2.186727
2023-03-14,DE0001030724,2.273644
2023-03-15,DE0001030724,2.226507
2023-03-16,DE0001030724,2.168316
2023-03-17,DE0001030724,2.148907
2023-03-20,DE0001030724,1.997053
2023-03-21,DE0001030724,2.162267
2023-03-22,DE0001030724,2.209703
2023-03-23,DE0001030724,2.18668
2023-03-24,DE0001030724,2.005754
2023-03-27,DE0001030724,2.146856
2023-03-28,DE0001030724,2.279634
2023-03-29,DE0001030724,2.274329
2023-03-30,DE0001030724,2.297917
2023-03-31,DE0001030724,2.287491
2023-04-03,DE0001030724,2.313033
2023-04-04,DE0001030724,2.243337
2023-04-05,DE0001030724,2.264424
2023-04-06,DE0001030724,2.127033
2023-04-11,DE0001030724,2.221673
2023-04-12,DE0001030724,2.285875
2023-04-13,DE0001030724,2.36305
2023-04-14,DE0001030724,2.368017
2023-04-17,DE0001030724,2.404903
2023-04-18,DE0001030724,2.451362
2023-04-19,DE0001030724,2.463258
2023-04-20,DE0001030724,2.434227
2023-04-21,DE0001030724,2.406124
2023-04-24,DE0001030724,2.419559
2023-04-25,DE0001030724,2.410449
2023-04-26,DE0001030724,2.333883
2023-04-27,DE0001030724,2.417431
2023-04-28,DE0001030724,2.346112
2023-05-02,DE0001030724,2.367842
2023-05-03,DE0001030724,2.253384
2023-05-04,DE0001030724,2.301901
2023-05-05,DE0001030724,2.323597
2023-05-08,DE0001030724,2.372131
2023-05-09,DE0001030724,2.393067
2023-05-10,DE0001030724,2.422774
2023-05-11,DE0001030724,2.378
2023-05-12,DE0001030724,2.316
2023-05-15,DE0001030724,2.373
2023-05-16,DE0001030724,2.386
2023-05-17,DE0001030724,2.41
2023-05-18,DE0001030724,2.469
2023-05-19,DE0001030724,2.525
2023-05-22,DE0001030724,2.479
2023-05-23,DE0001030724,2.541
2023-05-24,DE0001030724,2.509
2023-05-25,DE0001030724,2.531
2023-05-26,DE0001030724,2.577
2023-05-29,DE0001030724,2.515
2023-05-30,DE0001030724,2.451
2023-05-31,DE0001030724,2.341
2023-06-01,DE0001030724,2.375
2023-06-02,DE0001030724,2.372
2023-06-05,DE0001030724,2.437
2023-06-06,DE0001030724,2.406
2023-06-07,DE0001030724,2.425
2023-06-08,DE0001030724,2.507
2023-06-09,DE0001030724,2.464
2023-06-12,DE0001030724,2.423
2023-06-13,DE0001030724,2.424
2023-06-14,DE0001030724,2.473
2023-06-15,DE0001030724,2.492
2023-06-16,DE0001030724,2.469
2023-06-19,DE0001030724,2.473
2023-06-20,DE0001030724,2.474
2023-06-21,DE0001030724,2.37
2023-06-22,DE0001030724,2.375
2023-06-23,DE0001030724,2.304
2023-06-26,DE0001030724,2.279
2023-06-27,DE0001030724,2.285
2023-06-28,DE0001030724,2.284
2023-06-29,DE0001030724,2.284
2023-06-30,DE0001030724,2.351
2023-07-03,DE0001030724,2.258
2023-07-04,DE0001030724,2.347
2023-07-05,DE0001030724,2.32
2023-07-06,DE0001030724,2.433
2023-07-07,DE0001030724,2.522
2023-07-10,DE0001030724,2.571
2023-07-11,DE0001030724,2.504
2023-07-12,DE0001030724,2.542
2023-07-13,DE0001030724,2.438
2023-07-14,DE0001030724,2.412
2023-07-17,DE0001030724,2.41
2023-07-18,DE0001030724,2.349
2023-07-19,DE0001030724,2.293
2023-07-20,DE0001030724,2.365
2023-07-21,DE0001030724,2.409
2023-07-24,DE0001030724,2.357
2023-07-25,DE0001030724,2.39
2023-07-26,DE0001030724,2.391
2023-07-27,DE0001030724,2.448
2023-07-28,DE0001030724,2.487
2023-07-31,DE0001030724,2.503
2023-08-01,DE0001030724,2.484
2023-08-02,DE0001030724,2.524
2023-08-03,DE0001030724,2.588
2023-08-04,DE0001030724,2.595
2023-08-07,DE0001030724,2.587
2023-08-08,DE0001030724,2.487
2023-08-09,DE0001030724,2.47
2023-08-10,DE0001030724,2.531
2023-08-11,DE0001030724,2.571
2023-08-14,DE0001030724,2.612
2023-08-15,DE0001030724,2.673
2023-08-16,DE0001030724,2.657
2023-08-17,DE0001030724,2.692
2023-08-18,DE0001030724,2.622
2023-08-21,DE0001030724,2.672
2023-08-22,DE0001030724,2.663
2023-08-23,DE0001030724,2.554
2023-08-24,DE0001030724,2.501
2023-08-25,DE0001030724,2.565
2023-08-28,DE0001030724,2.577
2023-08-29,DE0001030724,2.556
2023-08-30,DE0001030724,2.575
2023-08-31,DE0001030724,2.533
2023-09-01,DE0001030724,2.515
2023-09-04,DE0001030724,2.608
2023-09-05,DE0001030724,2.649
2023-09-06,DE0001030724,2.663
2023-09-07,DE0001030724,2.662
2023-09-08,DE0001030724,2.642
2023-09-11,DE0001030724,2.666
2023-09-12,DE0001030724,2.664
2023-09-13,DE0001030724,2.702954
2023-09-14,DE0001030724,2.659
2023-09-15,DE0001030724,2.692
2023-09-18,DE0001030724,2.736
2023-09-19,DE0001030724,2.752
2023-09-20,DE0001030724,2.784
2023-09-21,DE0001030724,2.792
2023-09-22,DE0001030724,2.788
2023-09-25,DE0001030724,2.862
2023-09-26,DE0001030724,2.903
2023-09-27,DE0001030724,2.883
2023-09-28,DE0001030724,3.004
2023-09-29,DE0001030724,2.929
2023-10-02,DE0001030724,2.981
2023-10-03,DE0001030724,3.059
2023-10-04,DE0001030724,3.098
2023-10-05,DE0001030724,3.085
2023-10-06,DE0001030724,3.041
2023-10-09,DE0001030724,2.997
2023-10-10,DE0001030724,2.942
2023-10-11,DE0001030724,2.839
2023-10-12,DE0001030724,2.839
2023-10-13,DE0001030724,2.858
2023-10-16,DE0001030724,2.911
2023-10-17,DE0001030724,2.925
2023-10-18,DE0001030724,3.013
2023-10-19,DE0001030724,3.038
2023-10-20,DE0001030724,3.041
2023-10-23,DE0001030724,3.087
2023-10-24,DE0001030724,2.911
2023-10-25,DE0001030724,2.986
2023-10-26,DE0001030724,3.035
2023-10-27,DE0001030724,3.016
2023-10-30,DE0001030724,3.022
2023-10-31,DE0001030724,2.967
2023-11-01,DE0001030724,3.042
2023-11-02,DE0001030724,2.928
2023-11-03,DE0001030724,2.913
2023-11-06,DE0001030724,2.882
2023-11-07,DE0001030724,2.857
2023-11-08,DE0001030724,2.752
2023-11-09,DE0001030724,2.789
2023-11-10,DE0001030724,2.875
2023-11-13,DE0001030724,2.83
2023-11-14,DE0001030724,2.817
2023-11-15,DE0001030724,2.74
2023-11-16,DE0001030724,2.768
2023-11-17,DE0001030724,2.685
2023-11-20,DE0001030724,2.728
2023-11-21,DE0001030724,2.698
2023-11-22,DE0001030724,2.689
2023-11-23,DE0001030724,2.689
2023-11-24,DE0001030724,2.745
2023-11-27,DE0001030724,2.736
2023-11-28,DE0001030724,2.683
2023-11-29,DE0001030724,2.618
2023-11-30,DE0001030724,2.604
2023-12-01,DE0001030724,2.596
2023-12-04,DE0001030724,2.556
2023-12-05,DE0001030724,2.48
2023-12-06,DE0001030724,2.398
2023-12-07,DE0001030724,2.303
2023-12-08,DE0001030724,2.382
2023-12-11,DE0001030724,2.38
2023-12-12,DE0001030724,2.345
2023-12-13,DE0001030724,2.3
2023-12-14,DE0001030724,2.227
2023-12-15,DE0001030724,2.178
2023-12-18,DE0001030724,2.152
2023-12-19,DE0001030724,2.168
2023-12-20,DE0001030724,2.127
2023-12-21,DE0001030724,2.101
2023-12-22,DE0001030724,2.107
2023-12-27,DE0001030724,2.097
2023-12-28,DE0001030724,2.094
2023-12-29,DE0001030724,2.208
2024-01-02,DE0001030724,2.2831
2024-01-03,DE0001030724,2.2526
2024-01-04,DE0001030724,2.2603
2024-01-05,DE0001030724,2.3172
2024-01-08,DE0001030724,2.329
2024-01-09,DE0001030724,2.367
2024-01-10,DE0001030724,2.333
2024-01-11,DE0001030724,2.3394
2024-01-12,DE0001030724,2.3281
2024-01-15,DE0001030724,2.3728
2024-01-16,DE0001030724,2.3745
2024-01-17,DE0001030724,2.3986
2024-01-18,DE0001030724,2.4313
2024-01-19,DE0001030724,2.4422
2024-01-22,DE0001030724,2.4107
2024-01-23,DE0001030724,2.4401
2024-01-24,DE0001030724,2.4697
2024-01-25,DE0001030724,2.5001
2024-01-26,DE0001030724,2.4382
2024-01-29,DE0001030724,2.4139
2024-01-30,DE0001030724,2.4156
2024-01-31,DE0001030724,2.3883
2024-02-01,DE0001030724,2.4035
2024-02-02,DE0001030724,2.3218
2024-02-05,DE0001030724,2.4412
2024-02-06,DE0001030724,2.4856
2024-02-07,DE0001030724,2.4601
2024-02-08,DE0001030724,2.4756
2024-02-09,DE0001030724,2.5038
2024-02-12,DE0001030724,2.5021
2024-02-13,DE0001030724,2.5038
2024-02-14,DE0001030724,2.4877
2024-02-15,DE0001030724,2.4325
2024-02-16,DE0001030724,2.4989
2024-02-19,DE0001030724,2.4965
2024-02-20,DE0001030724,2.4908
2024-02-21,DE0001030724,2.5037
2024-02-22,DE0001030724,2.5306
2024-02-23,DE0001030724,2.5239
2024-02-26,DE0001030724,2.4635
2024-02-27,DE0001030724,2.5172
2024-02-28,DE0001030724,2.5672
2024-02-29,DE0001030724,2.5756
2024-03-01,DE0001030724,2.4914
2024-03-04,DE0001030724,2.4764
2024-03-05,DE0001030724,2.4663
2024-03-06,DE0001030724,2.4466
2024-03-07,DE0001030724,2.3833
2024-03-08,DE0001030724,2.3732
2024-03-11,DE0001030724,2.3838
2024-03-12,DE0001030724,2.3906
2024-03-13,DE0001030724,2.409
2024-03-14,DE0001030724,2.4809
2024-03-15,DE0001030724,2.5257
2024-03-18,DE0001030724,2.5488
2024-03-19,DE0001030724,2.534
2024-03-20,DE0001030724,2.5237
2024-03-21,DE0001030724,2.5133
2024-03-22,DE0001030724,2.4865
2024-03-25,DE0001030724,2.4574
2024-03-26,DE0001030724,2.4518
2024-03-27,DE0001030724,2.4384
2024-03-28,DE0001030724,2.4099
2024-04-02,DE0001030724,2.4794
2024-04-03,DE0001030724,2.5147
2024-04-04,DE0001030724,2.4924
2024-04-05,DE0001030724,2.476
2024-04-08,DE0001030724,2.5567
2024-04-09,DE0001030724,2.4879
2024-04-10,DE0001030724,2.4483
2024-04-11,DE0001030724,2.5241
2024-04-12,DE0001030724,2.4653
2024-04-15,DE0001030724,2.4955
2024-04-16,DE0001030724,2.552
2024-04-17,DE0001030724,2.5637
2024-04-18,DE0001030724,2.529
2024-04-19,DE0001030724,2.5418
2024-04-22,DE0001030724,2.6016
2024-04-23,DE0001030724,2.5698
2024-04-24,DE0001030724,2.636
2024-04-25,DE0001030724,2.6797
2024-04-26,DE0001030724,2.6891
2024-04-29,DE0001030724,2.6238
2024-04-30,DE0001030724,2.6269
2024-05-02,DE0001030724,2.6187
2024-05-03,DE0001030724,2.6003
2024-05-06,DE0001030724,2.5355
2024-05-07,DE0001030724,2.5245
2024-05-08,DE0001030724,2.5217
2024-05-09,DE0001030724,2.5907
2024-05-10,DE0001030724,2.558
2024-05-13,DE0001030724,2.6128
2024-05-14,DE0001030724,2.6123
2024-05-15,DE0001030724,2.5918
2024-05-16,DE0001030724,2.541
2024-05-17,DE0001030724,2.5957
2024-05-20,DE0001030724,2.6232
2024-05-21,DE0001030724,2.6111
2024-05-22,DE0001030724,2.6276
2024-05-23,DE0001030724,2.6369
2024-05-24,DE0001030724,2.6579
2024-05-27,DE0001030724,2.6756
2024-05-28,DE0001030724,2.6416
2024-05-29,DE0001030724,2.7116
2024-05-30,DE0001030724,2.7722
2024-05-31,DE0001030724,2.7851
2024-06-03,DE0001030724,2.7376
2024-06-04,DE0001030724,2.6654
2024-06-05,DE0001030724,2.6516
2024-06-06,DE0001030724,2.6385
2024-06-07,DE0001030724,2.6626
2024-06-10,DE0001030724,2.7365
2024-06-11,DE0001030724,2.7583
2024-06-12,DE0001030724,2.718
2024-06-13,DE0001030724,2.6599
2024-06-14,DE0001030724,2.5311
2024-06-17,DE0001030724,2.5016
2024-06-18,DE0001030724,2.5349
2024-06-19,DE0001030724,2.5021
2024-06-20,DE0001030724,2.5436
2024-06-21,DE0001030724,2.5074
2024-06-24,DE0001030724,2.5494
2024-06-25,DE0001030724,2.5489
2024-06-26,DE0001030724,2.5636
2024-06-27,DE0001030724,2.5996
2024-06-28,DE0001030724,2.6003
2024-07-01,DE0001030724,2.7171
2024-07-02,DE0001030724,2.7436
2024-07-03,DE0001030724,2.7375
2024-07-04,DE0001030724,2.7083
2024-07-05,DE0001030724,2.6878
2024-07-08,DE0001030724,2.686
2024-07-09,DE0001030724,2.6714
2024-07-10,DE0001030724,2.6506
2024-07-11,DE0001030724,2.6537
2024-07-12,DE0001030724,2.6444
2024-07-15,DE0001030724,2.6186
2024-07-16,DE0001030724,2.5774
2024-07-17,DE0001030724,2.5465
2024-07-18,DE0001030724,2.5724
2024-07-19,DE0001030724,2.5778
2024-07-22,DE0001030724,2.6244
2024-07-23,DE0001030724,2.6139
2024-07-24,DE0001030724,2.5842
2024-07-25,DE0001030724,2.5904
2024-07-26,DE0001030724,2.6088
2024-07-29,DE0001030724,2.5165
2024-07-30,DE0001030724,2.5364
2024-07-31,DE0001030724,2.5095
2024-08-01,DE0001030724,2.4633
2024-08-02,DE0001030724,2.4011
2024-08-05,DE0001030724,2.3391
2024-08-06,DE0001030724,2.34
2024-08-07,DE0001030724,2.4333
2024-08-08,DE0001030724,2.4224
2024-08-09,DE0001030724,2.4329
2024-08-12,DE0001030724,2.4221
2024-08-13,DE0001030724,2.418
2024-08-14,DE0001030724,2.4036
2024-08-15,DE0001030724,2.3927
2024-08-16,DE0001030724,2.412
2024-08-19,DE0001030724,2.3889
2024-08-20,DE0001030724,2.4183
2024-08-21,DE0001030724,2.4054
2024-08-22,DE0001030724,2.4179
2024-08-23,DE0001030724,2.4454
2024-08-26,DE0001030724,2.439
2024-08-27,DE0001030724,2.4734
2024-08-28,DE0001030724,2.461
2024-08-29,DE0001030724,2.4536
2024-08-30,DE0001030724,2.471
2024-09-02,DE0001030724,2.5479
2024-09-03,DE0001030724,2.5338
2024-09-04,DE0001030724,2.4562
2024-09-05,DE0001030724,2.4303
2024-09-06,DE0001030724,2.3816
2024-09-09,DE0001030724,2.4656
2024-09-10,DE0001030724,2.3996
2024-09-11,DE0001030724,2.357
2024-09-12,DE0001030724,2.3919
2024-09-13,DE0001030724,2.387
2024-09-16,DE0001030724,2.3953
2024-09-17,DE0001030724,2.347
2024-09-18,DE0001030724,2.4024
2024-09-19,DE0001030724,2.4465
2024-09-20,DE0001030724,2.4291
2024-09-23,DE0001030724,2.4508
2024-09-24,DE0001030724,2.4935
2024-09-25,DE0001030724,2.4432
2024-09-26,DE0001030724,2.4351
2024-09-27,DE0001030724,2.414
2024-09-30,DE0001030724,2.46
2024-10-01,DE0001030724,2.3534
2024-10-02,DE0001030724,2.3761
2024-10-03,DE0001030724,2.4295
2024-10-04,DE0001030724,2.4594
2024-10-07,DE0001030724,2.497
2024-10-08,DE0001030724,2.5093
2024-10-09,DE0001030724,2.4878
2024-10-10,DE0001030724,2.5156
2024-10-11,DE0001030724,2.5424
2024-10-14,DE0001030724,2.5169
2024-10-15,DE0001030724,2.4819
2024-10-16,DE0001030724,2.4582
2024-10-17,DE0001030724,2.471
2024-10-18,DE0001030724,2.4832
2024-10-21,DE0001030724,2.5226
2024-10-22,DE0001030724,2.5992
2024-10-23,DE0001030724,2.6079
2024-10-24,DE0001030724,2.5566
2024-10-25,DE0001030724,2.5546
2024-10-28,DE0001030724,2.5609
2024-10-29,DE0001030724,2.585
2024-10-30,DE0001030724,2.5447
2024-10-31,DE0001030724,2.5999
2024-11-01,DE0001030724,2.5987
2024-11-04,DE0001030724,2.5897
2024-11-05,DE0001030724,2.5731
2024-11-06,DE0001030724,2.5949
2024-11-07,DE0001030724,2.6917
2024-11-08,DE0001030724,2.5868
2024-11-11,DE0001030724,2.5064
2024-11-12,DE0001030724,2.4811
2024-11-13,DE0001030724,2.516
2024-11-14,DE0001030724,2.5456
2024-11-15,DE0001030724,2.5012
2024-11-18,DE0001030724,2.5568
2024-11-19,DE0001030724,2.4636
2024-11-20,DE0001030724,2.5196
2024-11-21,DE0001030724,2.4766
2024-11-22,DE0001030724,2.4404
2024-11-25,DE0001030724,2.42
2024-11-26,DE0001030724,2.3989
2024-11-27,DE0001030724,2.3037
2024-11-28,DE0001030724,2.3295
2024-11-29,DE0001030724,2.2769
2024-12-02,DE0001030724,2.2327
2024-12-03,DE0001030724,2.2435
2024-12-04,DE0001030724,2.2444
2024-12-05,DE0001030724,2.243
2024-12-06,DE0001030724,2.2531
2024-12-09,DE0001030724,2.2661
2024-12-10,DE0001030724,2.3055
2024-12-11,DE0001030724,2.295
2024-12-12,DE0001030724,2.3613
2024-12-13,DE0001030724,2.4156
2024-12-16,DE0001030724,2.4188
2024-12-17,DE0001030724,2.4169
2024-12-18,DE0001030724,2.4238
2024-12-19,DE0001030724,2.4416
2024-12-20,DE0001030724,2.4806
2024-12-23,DE0001030724,2.4784
2024-12-27,DE0001030724,2.5651
2024-12-30,DE0001030724,2.5703
2025-01-02,DE0001030724,2.5377
2025-01-03,DE0001030724,2.5563
2025-01-06,DE0001030724,2.6082
2025-01-07,DE0001030724,2.6349
2025-01-08,DE0001030724,2.6665
2025-01-09,DE0001030724,2.7165
2025-01-10,DE0001030724,2.7392
2025-01-13,DE0001030724,2.7652
2025-01-14,DE0001030724,2.7776
2025-01-15,DE0001030724,2.7974
2025-01-16,DE0001030724,2.7442
2025-01-17,DE0001030724,2.7053
2025-01-20,DE0001030724,2.7175
2025-01-21,DE0001030724,2.6805
2025-01-22,DE0001030724,2.6824
2025-01-23,DE0001030724,2.7166
2025-01-24,DE0001030724,2.7417
2025-01-27,DE0001030724,2.6926
2025-01-28,DE0001030724,2.7167
2025-01-29,DE0001030724,2.7082
2025-01-30,DE0001030724,2.7052
2025-01-31,DE0001030724,2.6785
2025-02-03,DE0001030724,2.5882
2025-02-04,DE0001030724,2.6172
2025-02-05,DE0001030724,2.5397
2025-02-06,DE0001030724,2.5497
2025-02-07,DE0001030724,2.5492
2025-02-10,DE0001030724,2.5802
2025-02-11,DE0001030724,2.6036
2025-02-12,DE0001030724,2.657
2025-02-13,DE0001030724,2.6555
2025-02-14,DE0001030724,2.6167
2025-02-17,DE0001030724,2.7019
2025-02-18,DE0001030724,2.7054
2025-02-19,DE0001030724,2.724
2025-02-20,DE0001030724,2.7482
2025-02-21,DE0001030724,2.6997
2025-02-24,DE0001030724,2.6746
2025-02-25,DE0001030724,2.6908
2025-02-26,DE0001030724,2.6383
2025-02-27,DE0001030724,2.6525
2025-02-28,DE0001030724,2.609
2025-03-03,DE0001030724,2.7052
2025-03-04,DE0001030724,2.7255
2025-03-05,DE0001030724,2.9422
2025-03-06,DE0001030724,3.0513
2025-03-07,DE0001030724,3.0291
2025-03-10,DE0001030724,3.0225
2025-03-11,DE0001030724,3.0882
2025-03-12,DE0001030724,3.1362
2025-03-13,DE0001030724,3.1364
2025-03-14,DE0001030724,3.1385
2025-03-17,DE0001030724,3.063
2025-03-18,DE0001030724,3.087
2025-03-19,DE0001030724,3.0307
2025-03-20,DE0001030724,3.0135
2025-03-21,DE0001030724,3.0216
2025-03-24,DE0001030724,3.0575
2025-03-25,DE0001030724,3.0929
2025-03-26,DE0001030724,3.0748
2025-03-27,DE0001030724,3.0811
2025-03-28,DE0001030724,3.0136
2025-03-31,DE0001030724,2.995
2025-04-01,DE0001030724,2.9654
2025-04-02,DE0001030724,2.9674
2025-04-03,DE0001030724,2.9743
2025-04-04,DE0001030724,2.8362
2025-04-07,DE0001030724,2.7841
2025-04-08,DE0001030724,2.9464
2025-04-09,DE0001030724,2.9543
2025-04-10,DE0001030724,2.9511
2025-04-11,DE0001030724,2.8591
2025-04-14,DE0001030724,2.8297
2025-04-15,DE0001030724,2.8234
2025-04-16,DE0001030724,2.8196
2025-04-17,DE0001030724,2.8555
2025-04-22,DE0001030724,2.8075
2025-04-23,DE0001030724,2.8127
2025-04-24,DE0001030724,2.8202
2025-04-25,DE0001030724,2.8255
2025-04-28,DE0001030724,2.8646
2025-04-29,DE0001030724,2.852
2025-04-30,DE0001030724,2.8216
2025-05-02,DE0001030724,2.826
2025-05-05,DE0001030724,2.8894
2025-05-06,DE0001030724,2.93
2025-05-07,DE0001030724,2.9135
2025-05-08,DE0001030724,2.901
2025-05-09,DE0001030724,2.9784
2025-05-12,DE0001030724,3.0019
2025-05-13,DE0001030724,3.0612
2025-05-14,DE0001030724,3.0694
2025-05-15,DE0001030724,3.0626
2025-05-16,DE0001030724,2.9424
2025-05-19,DE0001030724,3.0441
2025-05-20,DE0001030724,2.9643
2025-05-21,DE0001030724,3.0841
2025-05-22,DE0001030724,3.0807
2025-05-23,DE0001030724,3.0574
2025-05-26,DE0001030724,3.0377
2025-05-27,DE0001030724,2.9529
2025-05-28,DE0001030724,2.9669
2025-05-29,DE0001030724,2.9756
2025-05-30,DE0001030724,2.9427
2025-06-02,DE0001030724,2.9702
2025-06-03,DE0001030724,2.923
2025-06-04,DE0001030724,2.9564
2025-06-05,DE0001030724,2.8907
2025-06-06,DE0001030724,2.9195
2025-06-09,DE0001030724,2.9039
2025-06-10,DE0001030724,2.9185
2025-06-11,DE0001030724,2.9451
2025-06-12,DE0001030724,2.9046
2025-06-13,DE0001030724,2.8715
2025-06-16,DE0001030724,2.9518
2025-06-17,DE0001030724,2.9309
2025-06-18,DE0001030724,2.9219
2025-06-19,DE0001030724,2.9044
2025-06-20,DE0001030724,2.9055
2025-06-23,DE0001030724,2.9295
2025-06-24,DE0001030724,2.974
2025-06-25,DE0001030724,2.9505
2025-06-26,DE0001030724,2.9762
2025-06-27,DE0001030724,2.9989
2025-06-30,DE0001030724,2.9949
2025-07-01,DE0001030724,2.9669
2025-07-02,DE0001030724,3.0016
2025-07-03,DE0001030724,3.0034
2025-07-04,DE0001030724,2.9634
2025-07-07,DE0001030724,3.0136
2025-07-08,DE0001030724,3.0873
2025-07-09,DE0001030724,3.0656
2025-07-10,DE0001030724,3.0878
2025-07-11,DE0001030724,3.144
2025-07-14,DE0001030724,3.1408
2025-07-15,DE0001030724,3.1038
2025-07-16,DE0001030724,3.1352
2025-07-17,DE0001030724,3.1363
2025-07-18,DE0001030724,3.1277
2025-07-21,DE0001030724,3.0864
2025-07-22,DE0001030724,3.0701
2025-07-23,DE0001030724,3.0634
2025-07-24,DE0001030724,3.1032
2025-07-25,DE0001030724,3.1786
2025-07-28,DE0001030724,3.1101
2025-07-29,DE0001030724,3.13
2025-07-30,DE0001030724,3.1134
2025-07-31,DE0001030724,3.1038
2025-08-01,DE0001030724,3.1175
2025-08-04,DE0001030724,3.1196
2025-08-05,DE0001030724,3.0652
2025-08-06,DE0001030724,3.0866
2025-08-07,DE0001030724,3.0709
2025-08-08,DE0001030724,3.0818
2025-08-11,DE0001030724,3.122
2025-08-12,DE0001030724,3.1545
2025-08-13,DE0001030724,3.171
2025-08-14,DE0001030724,3.1362
2025-08-15,DE0001030724,3.2305
2025-08-18,DE0001030724,3.2391
2025-08-19,DE0001030724,3.2782
2025-08-20,DE0001030724,3.2307
2025-08-21,DE0001030724,3.2318
2025-08-22,DE0001030724,3.2468
2025-08-25,DE0001030724,3.2739
2025-08-26,DE0001030724,3.2595
2025-08-27,DE0001030724,3.2186
2025-08-28,DE0001030724,3.2462
2025-08-29,DE0001030724,3.2549
2025-09-01,DE0001030724,3.2978
2025-09-02,DE0001030724,3.3365
2025-09-03,DE0001030724,3.3425
2025-09-04,DE0001030724,3.2672
2025-09-05,DE0001030724,3.2787
2025-09-08,DE0001030724,3.2312
2025-09-09,DE0001030724,3.2306
2025-09-10,DE0001030724,3.2145
2025-09-11,DE0001030724,3.2147
2025-09-12,DE0001030724,3.2041
2025-09-15,DE0001030724,3.2218
2025-09-16,DE0001030724,3.2167
2025-09-17,DE0001030724,3.1952
2025-09-18,DE0001030724,3.1945
2025-09-19,DE0001030724,3.2597
2025-09-22,DE0001030724,3.2758
2025-09-23,DE0001030724,3.2864
2025-09-24,DE0001030724,3.2747
2025-09-25,DE0001030724,3.2656
2025-09-26,DE0001030724,3.266
2025-09-29,DE0001030724,3.2433
2025-09-30,DE0001030724,3.2281
2025-10-01,DE0001030724,3.2551
2025-10-02,DE0001030724,3.2415
2025-10-03,DE0001030724,3.2217
2025-10-06,DE0001030724,3.2532
2025-10-07,DE0001030724,3.2739
2025-10-08,DE0001030724,3.2328
2025-10-09,DE0001030724,3.2312
2025-10-10,DE0001030724,3.206
2025-10-13,DE0001030724,3.1755
2025-10-14,DE0001030724,3.1283
2025-10-15,DE0001030724,3.126
2025-10-16,DE0001030724,3.1119
2025-10-17,DE0001030724,3.106
2025-10-20,DE0001030724,3.1411
2025-10-21,DE0001030724,3.1058
2025-10-22,DE0001030724,3.0788
2025-10-23,DE0001030724,3.1206
2025-10-24,DE0001030724,3.1459
2025-10-27,DE0001030724,3.1679
2025-10-28,DE0001030724,3.1413
2025-10-29,DE0001030724,3.1551
2025-10-30,DE0001030724,3.1687
2025-10-31,DE0001030724,3.1754
2025-11-03,DE0001030724,3.1803
2025-11-04,DE0001030724,3.1942
2025-11-05,DE0001030724,3.1982
2025-11-06,DE0001030724,3.2075
2025-11-07,DE0001030724,3.2252
2025-11-10,DE0001030724,3.2274
2025-11-11,DE0001030724,3.2223
2025-11-12,DE0001030724,3.2172
2025-11-13,DE0001030724,3.1955
2025-11-14,DE0001030724,3.2673
2025-11-17,DE0001030724,3.264
2025-11-18,DE0001030724,3.257
2025-11-19,DE0001030724,3.2786
2025-11-20,DE0001030724,3.2974
2025-11-21,DE0001030724,3.2708
2025-11-24,DE0001030724,3.2703
2025-11-25,DE0001030724,3.279
2025-11-26,DE0001030724,3.2729
2025-11-27,DE0001030724,3.2851
2025-11-28,DE0001030724,3.291
2025-12-01,DE0001030724,3.3326
2025-12-02,DE0001030724,3.3565
2025-12-03,DE0001030724,3.3645
2025-12-04,DE0001030724,3.3675
2025-12-05,DE0001030724,3.3898
2025-12-08,DE0001030724,3.441
2025-12-09,DE0001030724,3.4327
2025-12-10,DE0001030724,3.4534
2025-12-11,DE0001030724,3.4449
2025-12-12,DE0001030724,3.4424
2025-12-15,DE0001030724,3.4235
2025-12-16,DE0001030724,3.4354
2025-12-17,DE0001030724,3.4397
2025-12-18,DE0001030724,3.4515
2025-12-19,DE0001030724,3.5036
2025-12-22,DE0001030724,3.5118
2025-12-23,DE0001030724,3.462
2025-12-29,DE0001030724,3.456
2025-12-30,DE0001030724,3.448
2026-01-02,DE0001030724,3.4719
2026-01-05,DE0001030724,3.4977
2026-01-06,DE0001030724,3.4786
2026-01-07,DE0001030724,3.4045
2026-01-08,DE0001030724,3.452
2026-01-09,DE0001030724,3.4514
2026-01-12,DE0001030724,3.4373
2026-01-13,DE0001030724,3.4425
2026-01-14,DE0001030724,3.4342
2026-01-15,DE0001030724,3.4017
2026-01-16,DE0001030724,3.4011
2026-01-19,DE0001030724,3.4217
2026-01-20,DE0001030724,3.4861
2026-01-21,DE0001030724,3.4718
2026-01-22,DE0001030724,3.4681
2026-01-23,DE0001030724,3.4822
2026-01-26,DE0001030724,3.4738
2026-01-27,DE0001030724,3.4713
2026-01-28,DE0001030724,3.4571
2026-01-29,DE0001030724,3.4699
2026-01-30,DE0001030724,3.482
2026-02-02,DE0001030724,3.4766
2026-02-03,DE0001030724,3.4965
2026-02-04,DE0001030724,3.5097
2026-02-05,DE0001030724,3.5128
2026-02-06,DE0001030724,3.4643
2026-02-09,DE0001030724,3.5038
2026-02-10,DE0001030724,3.4885
2026-02-11,DE0001030724,3.4538
2026-02-12,DE0001030724,3.4337
2026-02-13,DE0001030724,3.4225
2026-02-16,DE0001030724,3.4133
2026-02-17,DE0001030724,3.3812
2026-02-18,DE0001030724,3.3806
2026-02-19,DE0001030724,3.3989
2026-02-20,DE0001030724,3.3698
2026-02-23,DE0001030724,3.3768
2026-02-24,DE0001030724,3.3487
2026-02-25,DE0001030724,3.3681
2026-02-26,DE0001030724,3.3512
2026-02-27,DE0001030724,3.3393
2026-03-02,DE0001030724,3.3143
2026-03-03,DE0001030724,3.4038
2026-03-04,DE0001030724,3.386
2026-03-05,DE0001030724,3.3996
2026-03-06,DE0001030724,3.399
2026-03-09,DE0001030724,3.4013
2026-03-10,DE0001030724,3.4065
2026-03-11,DE0001030724,3.4348
2026-03-12,DE0001030724,3.4602
2026-03-13,DE0001030724,3.483
2026-03-16,DE0001030724,3.4834
2026-03-17,DE0001030724,3.4556
2026-03-18,DE0001030724,3.4058
2026-03-19,DE0001030724,3.4533
2026-03-20,DE0001030724,3.442
2026-03-23,DE0001030724,3.4813
2026-03-24,DE0001030724,3.4496
2026-03-25,DE0001030724,3.3951
2026-03-26,DE0001030724,3.4193
2026-03-27,DE0001030724,3.4906
2026-03-30,DE0001030724,3.492
2026-03-31,DE0001030724,3.4301
2026-04-01,DE0001030724,3.3701
2026-04-02,DE0001030724,3.4563
2026-04-07,DE0001030724,3.4367
2026-04-08,DE0001030724,3.4188
2026-04-09,DE0001030724,3.4645
2026-04-10,DE0001030724,3.5317
2026-04-13,DE0001030724,3.5579
2026-04-14,DE0001030724,3.5563
2026-04-15,DE0001030724,3.5507
2026-04-16,DE0001030724,3.5599
2026-04-17,DE0001030724,3.5653
2026-04-20,DE0001030724,3.5329
2026-04-21,DE0001030724,3.5037
2026-04-22,DE0001030724,3.5258
2026-04-23,DE0001030724,3.527
2026-04-24,DE0001030724,3.5245
2026-04-27,DE0001030724,3.523
2026-04-28,DE0001030724,3.559
2026-04-29,DE0001030724,3.5587
2026-04-30,DE0001030724,3.5701
2026-05-04,DE0001030724,3.5257
2026-05-05,DE0001030724,3.5469
2026-05-06,DE0001030724,3.496
2026-05-07,DE0001030724,3.5011
2026-05-08,DE0001030724,3.5104
2026-05-11,DE0001030724,3.5226
2026-05-12,DE0001030724,3.5858
2026-05-13,DE0001030724,3.5892
2026-05-14,DE0001030724,3.5834
2026-05-15,DE0001030724,3.6029
2026-05-18,DE0001030724,3.6551
2026-05-19,DE0001030724,3.6535
2026-05-20,DE0001030724,3.6508
2026-05-21,DE0001030724,3.5783
2026-05-22,DE0001030724,3.5527
2026-05-25,DE0001030724,3.4674
2026-05-26,DE0001030724,3.4834
2026-05-27,DE0001030724,3.474
2026-05-28,DE0001030724,3.5086
2026-05-29,DE0001030724,3.4825
2026-06-01,DE0001030724,3.5005
2026-06-02,DE0001030724,3.4745
2026-06-03,DE0001030724,3.523
2026-06-04,DE0001030724,3.5461
2026-06-05,DE0001030724,3.5375
2026-06-08,DE0001030724,3.5648
2026-06-09,DE0001030724,3.5663
2026-06-10,DE0001030724,3.5687
2026-06-11,DE0001030724,3.5749
2026-06-12,DE0001030724,3.5058
2026-06-15,DE0001030724,3.4964
2026-06-16,DE0001030724,3.4781
2026-06-17,DE0001030724,3.4678
2026-06-18,DE0001030724,3.4495
2026-06-19,DE0001030724,3.4899
2026-06-22,DE0001030724,3.5011
2026-06-23,DE0001030724,3.476
2026-06-24,DE0001030724,3.4385
2026-06-25,DE0001030724,3.3972
2026-06-26,DE0001030724,3.3928
2026-06-29,DE0001030724,3.3999
2026-06-30,DE0001030724,3.3946
2026-07-01,DE0001030724,3.4364
2026-07-02,DE0001030724,3.4746
2026-07-03,DE0001030724,3.4936
2026-07-06,DE0001030724,3.497
2026-07-07,DE0001030724,3.5448
2026-07-08,DE0001030724,3.6145
2026-07-09,DE0001030724,3.6279
2026-07-10,DE0001030724,3.602
2026-07-13,DE0001030724,3.6024
2026-07-14,DE0001030724,3.617
2026-07-15,DE0001030724,3.6316
2026-07-16,DE0001030724,3.6471
2026-07-17,DE0001030724,3.6292
2026-07-20,DE0001030724,3.6276
2026-07-21,DE0001030724,3.6484
2026-07-22,DE0001030724,3.6529
2026-07-23,DE0001030724,3.6531
2026-07-24,DE0001030724,3.6444
2026-07-27,DE0001030724,3.6022
2026-07-28,DE0001030724,3.5825
2026-07-29,DE0001030724,3.593
2026-07-30,DE0001030724,3.6551
2026-07-31,DE0001030724,3.6351
2026-08-03,DE0001030724,3.6345
2026-08-04,DE0001030724,3.6431
2026-08-05,DE0001030724,3.5929
2026-08-06,DE0001030724,3.6052
2026-08-07,DE0001030724,3.636
2026-08-10,DE0001030724,3.6253
2026-08-11,DE0001030724,3.6768
2026-08-12,DE0001030724,3.6404
2026-08-13,DE0001030724,3.6488
2026-08-14,DE0001030724,3.6635
2026-08-17,DE0001030724,3.7134
2026-08-18,DE0001030724,3.7587
2026-08-19,DE0001030724,3.7644
2026-08-20,DE0001030724,3.7468
2026-08-21,DE0001030724,3.7452
2026-08-24,DE0001030724,3.7383
2026-08-25,DE0001030724,3.7366
2026-08-26,DE0001030724,3.7018
2026-08-27,DE0001030724,3.7384
2026-08-28,DE0001030724,3.7555
2026-08-31,DE0001030724,3.7822
2026-09-01,DE0001030724,3.8251
2026-09-02,DE0001030724,3.8373
2026-09-03,DE0001030724,3.8056
2026-09-04,DE0001030724,3.7986
2026-09-07,DE0001030724,3.8054
2026-09-08,DE0001030724,3.8293
2026-09-09,DE0001030724,3.8159
2026-09-10,DE0001030724,3.8739
2026-09-11,DE0001030724,3.8787
2026-09-14,DE0001030724,3.8824
2026-09-15,DE0001030724,3.8883
2026-09-16,DE0001030724,3.8812
2026-09-17,DE0001030724,3.8481
2026-09-18,DE0001030724,3.8186
2026-09-21,DE0001030724,3.7789
2026-09-22,DE0001030724,3.7656
2026-09-23,DE0001030724,3.7829
2026-09-24,DE0001030724,3.8373
2026-09-25,DE0001030724,3.8463
2026-09-28,DE0001030724,3.905
2026-09-29,DE0001030724,3.9174
2026-09-30,DE0001030724,3.8789
2026-10-01,DE0001030724,3.9171
2021-09-08,DE0001030732,-0.37
2021-09-09,DE0001030732,-0.37
2021-09-10,DE0001030732,-0.39
2021-09-13,DE0001030732,-0.38
2021-09-14,DE0001030732,-0.36
2021-09-15,DE0001030732,-0.39
2021-09-16,DE0001030732,-0.35
2021-09-17,DE0001030732,-0.33
2021-09-20,DE0001030732,-0.35
2021-09-21,DE0001030732,-0.35
2021-09-22,DE0001030732,-0.36
2021-09-23,DE0001030732,-0.350433
2021-09-24,DE0001030732,-0.284941
2021-09-27,DE0001030732,-0.257575
2021-09-28,DE0001030732,-0.241877
2021-09-29,DE0001030732,-0.258703
2021-09-30,DE0001030732,-0.258918
2021-10-01,DE0001030732,-0.269755
2021-10-04,DE0001030732,-0.253143
2021-10-05,DE0001030732,-0.26998
2021-10-06,DE0001030732,-0.20874
2021-10-07,DE0001030732,-0.229745
2021-10-08,DE0001030732,-0.197983
2021-10-11,DE0001030732,-0.180169
2021-10-12,DE0001030732,-0.173238
2021-10-13,DE0001030732,-0.169293
2021-10-14,DE0001030732,-0.188402
2021-10-15,DE0001030732,-0.216284
2021-10-18,DE0001030732,-0.177524
2021-10-19,DE0001030732,-0.191553
2021-10-20,DE0001030732,-0.155606
2021-10-21,DE0001030732,-0.160749
2021-10-22,DE0001030732,-0.11453
2021-10-25,DE0001030732,-0.134729
2021-10-26,DE0001030732,-0.171912
2021-10-27,DE0001030732,-0.189981
2021-10-28,DE0001030732,-0.204145
2021-10-29,DE0001030732,-0.13391
2021-11-01,DE0001030732,-0.136
2021-11-02,DE0001030732,-0.180276
2021-11-03,DE0001030732,-0.230355
2021-11-04,DE0001030732,-0.219556
2021-11-05,DE0001030732,-0.281343
2021-11-08,DE0001030732,-0.305322
2021-11-09,DE0001030732,-0.294494
2021-11-10,DE0001030732,-0.321348
2021-11-11,DE0001030732,-0.27891
2021-11-12,DE0001030732,-0.272935
2021-11-15,DE0001030732,-0.310887
2021-11-16,DE0001030732,-0.268179
2021-11-17,DE0001030732,-0.279224
2021-11-18,DE0001030732,-0.290425
2021-11-19,DE0001030732,-0.359905
2021-11-22,DE0001030732,-0.372962
2021-11-23,DE0001030732,-0.293661
2021-11-24,DE0001030732,-0.275779
2021-11-25,DE0001030732,-0.274012
2021-11-26,DE0001030732,-0.348718
2021-11-29,DE0001030732,-0.347921
2021-11-30,DE0001030732,-0.38469
2021-12-01,DE0001030732,-0.351097
2021-12-02,DE0001030732,-0.388094
2021-12-03,DE0001030732,-0.398977
2021-12-06,DE0001030732,-0.406125
2021-12-07,DE0001030732,-0.396346
2021-12-08,DE0001030732,-0.411299
2021-12-09,DE0001030732,-0.372978
2021-12-10,DE0001030732,-0.373972
2021-12-13,DE0001030732,-0.397018
2021-12-14,DE0001030732,-0.405062
2021-12-15,DE0001030732,-0.404186
2021-12-16,DE0001030732,-0.386651
2021-12-17,DE0001030732,-0.387645
2021-12-20,DE0001030732,-0.416665
2021-12-21,DE0001030732,-0.379017
2021-12-22,DE0001030732,-0.313147
2021-12-23,DE0001030732,-0.298341
2021-12-27,DE0001030732,-0.259186
2021-12-28,DE0001030732,-0.26027
2021-12-29,DE0001030732,-0.25023
2021-12-30,DE0001030732,-0.229149
2022-01-03,DE0001030732,-0.207925
2022-01-04,DE0001030732,-0.16
2022-01-05,DE0001030732,-0.16107
2022-01-06,DE0001030732,-0.113958
2022-01-07,DE0001030732,-0.123221
2022-01-10,DE0001030732,-0.098555
2022-01-11,DE0001030732,-0.116116
2022-01-12,DE0001030732,-0.104805
2022-01-13,DE0001030732,-0.109025
2022-01-14,DE0001030732,-0.1348
2022-01-17,DE0001030732,-0.093581
2022-01-18,DE0001030732,-0.077034
2022-01-19,DE0001030732,-0.057331
2022-01-20,DE0001030732,-0.088533
2022-01-21,DE0001030732,-0.124748
2022-01-24,DE0001030732,-0.154739
2022-01-25,DE0001030732,-0.139315
2022-01-26,DE0001030732,-0.142452
2022-01-27,DE0001030732,-0.10428
2022-01-28,DE0001030732,-0.10428
2022-01-31,DE0001030732,-0.078362
2022-02-01,DE0001030732,-0.073179
2022-02-02,DE0001030732,-0.037716
2022-02-03,DE0001030732,-0.023087
2022-02-04,DE0001030732,0.095033
2022-02-07,DE0001030732,0.169707
2022-02-08,DE0001030732,0.15585
2022-02-09,DE0001030732,0.159103
2022-02-10,DE0001030732,0.181748
2022-02-11,DE0001030732,0.21507
2022-02-14,DE0001030732,0.140071
2022-02-15,DE0001030732,0.219569
2022-02-16,DE0001030732,0.245552
2022-02-17,DE0001030732,0.204722
2022-02-18,DE0001030732,0.159563
2022-02-21,DE0001030732,0.155363
2022-02-22,DE0001030732,0.13504
2022-02-23,DE0001030732,0.181251
2022-02-24,DE0001030732,0.08494
2022-02-25,DE0001030732,0.106294
2022-02-28,DE0001030732,0.128841
2022-03-01,DE0001030732,-0.004231
2022-03-02,DE0001030732,-0.106293
2022-03-03,DE0001030732,-0.01376
2022-03-04,DE0001030732,-0.081213
2022-03-07,DE0001030732,-0.130524
2022-03-08,DE0001030732,-0.008477
2022-03-09,DE0001030732,0.105561
2022-03-10,DE0001030732,0.100289
2022-03-11,DE0001030732,0.200553
2022-03-14,DE0001030732,0.280158
2022-03-15,DE0001030732,0.276959
2022-03-16,DE0001030732,0.306613
2022-03-17,DE0001030732,0.293715
2022-03-18,DE0001030732,0.298102
2022-03-21,DE0001030732,0.332362
2022-03-22,DE0001030732,0.431022
2022-03-23,DE0001030732,0.402242
2022-03-24,DE0001030732,0.45384
2022-03-25,DE0001030732,0.440446
2022-03-28,DE0001030732,0.54619
2022-03-29,DE0001030732,0.576872
2022-03-30,DE0001030732,0.595179
2022-03-31,DE0001030732,0.546991
2022-04-01,DE0001030732,0.533441
2022-04-04,DE0001030732,0.441609
2022-04-05,DE0001030732,0.482097
2022-04-06,DE0001030732,0.595266
2022-04-07,DE0001030732,0.569655
2022-04-08,DE0001030732,0.626563
2022-04-11,DE0001030732,0.71989
2022-04-12,DE0001030732,0.808162
2022-04-13,DE0001030732,0.774447
2022-04-14,DE0001030732,0.731566
2022-04-19,DE0001030732,0.861286
2022-04-20,DE0001030732,0.813572
2022-04-21,DE0001030732,0.861131
2022-04-22,DE0001030732,0.888165
2022-04-25,DE0001030732,0.84404
2022-04-26,DE0001030732,0.769523
2022-04-27,DE0001030732,0.748819
2022-04-28,DE0001030732,0.761118
2022-04-29,DE0001030732,0.835902
2022-05-02,DE0001030732,0.858722
2022-05-03,DE0001030732,0.922724
2022-05-04,DE0001030732,0.922998
2022-05-05,DE0001030732,0.929751
2022-05-06,DE0001030732,1.007177
2022-05-09,DE0001030732,1.066583
2022-05-10,DE0001030732,0.9997
2022-05-11,DE0001030732,0.905942
2022-05-12,DE0001030732,0.824082
2022-05-13,DE0001030732,0.818204
2022-05-16,DE0001030732,0.919165
2022-05-17,DE0001030732,0.91825
2022-05-18,DE0001030732,0.980529
2022-05-19,DE0001030732,0.899141
2022-05-20,DE0001030732,0.920535
2022-05-23,DE0001030732,0.897301
2022-05-24,DE0001030732,0.913026
2022-05-25,DE0001030732,0.883586
2022-05-26,DE0001030732,0.84171
2022-05-27,DE0001030732,0.923653
2022-05-30,DE0001030732,0.979247
2022-05-31,DE0001030732,1.005981
2022-06-01,DE0001030732,1.053344
2022-06-02,DE0001030732,1.139401
2022-06-03,DE0001030732,1.182231
2022-06-06,DE0001030732,1.228447
2022-06-07,DE0001030732,1.230049
2022-06-08,DE0001030732,1.256359
2022-06-09,DE0001030732,1.289732
2022-06-10,DE0001030732,1.334544
2022-06-13,DE0001030732,1.49009
2022-06-14,DE0001030732,1.591237
2022-06-15,DE0001030732,1.697356
2022-06-16,DE0001030732,1.719655
2022-06-17,DE0001030732,1.568816
2022-06-20,DE0001030732,1.55569
2022-06-21,DE0001030732,1.662876
2022-06-22,DE0001030732,1.609219
2022-06-23,DE0001030732,1.376586
2022-06-24,DE0001030732,1.365275
2022-06-27,DE0001030732,1.424082
2022-06-28,DE0001030732,1.541528
2022-06-29,DE0001030732,1.534319
2022-06-30,DE0001030732,1.371944
2022-07-01,DE0001030732,1.338003
2022-07-04,DE0001030732,1.226431
2022-07-05,DE0001030732,1.197037
2022-07-06,DE0001030732,1.104919
2022-07-07,DE0001030732,1.167537
2022-07-08,DE0001030732,1.141613
2022-07-11,DE0001030732,1.168245
2022-07-12,DE0001030732,0.99322
2022-07-13,DE0001030732,1.023971
2022-07-14,DE0001030732,1.123057
2022-07-15,DE0001030732,0.979829
2022-07-18,DE0001030732,1.063469
2022-07-19,DE0001030732,1.111747
2022-07-20,DE0001030732,1.102226
2022-07-21,DE0001030732,1.166306
2022-07-22,DE0001030732,0.938159
2022-07-25,DE0001030732,0.949657
2022-07-26,DE0001030732,0.850791
2022-07-27,DE0001030732,0.80302
2022-07-28,DE0001030732,0.861469
2022-07-29,DE0001030732,0.782195
2022-08-01,DE0001030732,0.736091
2022-08-02,DE0001030732,0.595464
2022-08-03,DE0001030732,0.7151
2022-08-04,DE0001030732,0.744376
2022-08-05,DE0001030732,0.676532
2022-08-08,DE0001030732,0.748416
2022-08-09,DE0001030732,0.794187
2022-08-10,DE0001030732,0.760841
2022-08-11,DE0001030732,0.785541
2022-08-12,DE0001030732,0.855473
2022-08-15,DE0001030732,0.817329
2022-08-16,DE0001030732,0.795888
2022-08-17,DE0001030732,0.950231
2022-08-18,DE0001030732,0.975611
2022-08-19,DE0001030732,1.056904
2022-08-22,DE0001030732,1.107172
2022-08-23,DE0001030732,1.187435
2022-08-24,DE0001030732,1.196583
2022-08-25,DE0001030732,1.212774
2022-08-26,DE0001030732,1.221586
2022-08-29,DE0001030732,1.391329
2022-08-30,DE0001030732,1.357213
2022-08-31,DE0001030732,1.432007
2022-09-01,DE0001030732,1.494708
2022-09-02,DE0001030732,1.468174
2022-09-05,DE0001030732,1.448407
2022-09-06,DE0001030732,1.43466
2022-09-07,DE0001030732,1.4674
2022-09-08,DE0001030732,1.481721
2022-09-09,DE0001030732,1.631948
2022-09-12,DE0001030732,1.586975
2022-09-13,DE0001030732,1.552123
2022-09-14,DE0001030732,1.615541
2022-09-15,DE0001030732,1.642087
2022-09-16,DE0001030732,1.671161
2022-09-19,DE0001030732,1.686776
2022-09-20,DE0001030732,1.781919
2022-09-21,DE0001030732,1.76374
2022-09-22,DE0001030732,1.774757
2022-09-23,DE0001030732,1.887874
2022-09-26,DE0001030732,1.996647
2022-09-27,DE0001030732,2.019205
2022-09-28,DE0001030732,2.241863
2022-09-29,DE0001030732,2.170097
2022-09-30,DE0001030732,2.03135
2022-10-03,DE0001030732,2.026372
2022-10-04,DE0001030732,1.717343
2022-10-05,DE0001030732,1.863156
2022-10-06,DE0001030732,1.923373
2022-10-07,DE0001030732,2.035798
2022-10-10,DE0001030732,2.063314
2022-10-11,DE0001030732,2.213039
2022-10-12,DE0001030732,2.239032
2022-10-13,DE0001030732,2.196164
2022-10-14,DE0001030732,2.106793
2022-10-17,DE0001030732,2.137374
2022-10-18,DE0001030732,2.226347
2022-10-19,DE0001030732,2.248188
2022-10-20,DE0001030732,2.325427
2022-10-21,DE0001030732,2.373903
2022-10-24,DE0001030732,2.301303
2022-10-25,DE0001030732,2.156752
2022-10-26,DE0001030732,2.063976
2022-10-27,DE0001030732,2.095156
2022-10-28,DE0001030732,2.003566
2022-10-31,DE0001030732,2.068619
2022-11-01,DE0001030732,1.984737
2022-11-02,DE0001030732,2.068532
2022-11-03,DE0001030732,2.167054
2022-11-04,DE0001030732,2.174086
2022-11-07,DE0001030732,2.21354
2022-11-08,DE0001030732,2.260986
2022-11-09,DE0001030732,2.188112
2022-11-10,DE0001030732,2.115642
2022-11-11,DE0001030732,1.98887
2022-11-14,DE0001030732,2.066614
2022-11-15,DE0001030732,2.032421
2022-11-16,DE0001030732,2.035849
2022-11-17,DE0001030732,1.91172
2022-11-18,DE0001030732,2.011338
2022-11-21,DE0001030732,1.969579
2022-11-22,DE0001030732,1.946671
2022-11-23,DE0001030732,1.938993
2022-11-24,DE0001030732,1.785669
2022-11-25,DE0001030732,1.863654
2022-11-28,DE0001030732,1.915804
2022-11-29,DE0001030732,1.85856
2022-11-30,DE0001030732,1.875653
2022-12-01,DE0001030732,1.79511
2022-12-02,DE0001030732,1.728347
2022-12-05,DE0001030732,1.785316
2022-12-06,DE0001030732,1.791352
2022-12-07,DE0001030732,1.729187
2022-12-08,DE0001030732,1.707727
2022-12-09,DE0001030732,1.803225
2022-12-12,DE0001030732,1.874547
2022-12-13,DE0001030732,1.898647
2022-12-14,DE0001030732,1.904793
2022-12-15,DE0001030732,1.862342
2022-12-16,DE0001030732,2.153514
2022-12-19,DE0001030732,2.152053
2022-12-20,DE0001030732,2.23115
2022-12-21,DE0001030732,2.240456
2022-12-22,DE0001030732,2.264869
2022-12-23,DE0001030732,2.336977
2022-12-27,DE0001030732,2.444711
2022-12-28,DE0001030732,2.4338
2022-12-29,DE0001030732,2.434687
2022-12-30,DE0001030732,2.458115
2023-01-02,DE0001030732,2.424552
2023-01-03,DE0001030732,2.30319
2023-01-04,DE0001030732,2.251993
2023-01-05,DE0001030732,2.25417
2023-01-06,DE0001030732,2.278689
2023-01-09,DE0001030732,2.225394
2023-01-10,DE0001030732,2.221798
2023-01-11,DE0001030732,2.176603
2023-01-12,DE0001030732,2.114418
2023-01-13,DE0001030732,2.026466
2023-01-16,DE0001030732,2.130047
2023-01-17,DE0001030732,2.107915
2023-01-18,DE0001030732,2.012123
2023-01-19,DE0001030732,1.946431
2023-01-20,DE0001030732,2.04664
2023-01-23,DE0001030732,2.092043
2023-01-24,DE0001030732,2.08987
2023-01-25,DE0001030732,2.02093
2023-01-26,DE0001030732,2.096861
2023-01-27,DE0001030732,2.172779
2023-01-30,DE0001030732,2.205882
2023-01-31,DE0001030732,2.208041
2023-02-01,DE0001030732,2.174162
2023-02-02,DE0001030732,2.163324
2023-02-03,DE0001030732,2.047403
2023-02-06,DE0001030732,2.176256
2023-02-07,DE0001030732,2.201503
2023-02-08,DE0001030732,2.279112
2023-02-09,DE0001030732,2.202925
2023-02-10,DE0001030732,2.265321
2023-02-13,DE0001030732,2.274082
2023-02-14,DE0001030732,2.282115
2023-02-15,DE0001030732,2.335518
2023-02-16,DE0001030732,2.389301
2023-02-17,DE0001030732,2.45884
2023-02-20,DE0001030732,2.376117
2023-02-21,DE0001030732,2.421212
2023-02-22,DE0001030732,2.473956
2023-02-23,DE0001030732,2.452584
2023-02-24,DE0001030732,2.393302
2023-02-27,DE0001030732,2.500391
2023-02-28,DE0001030732,2.577672
2023-03-01,DE0001030732,2.652516
2023-03-02,DE0001030732,2.697687
2023-03-03,DE0001030732,2.63846
2023-03-06,DE0001030732,2.608416
2023-03-07,DE0001030732,2.616835
2023-03-08,DE0001030732,2.655591
2023-03-09,DE0001030732,2.650619
2023-03-10,DE0001030732,2.493789
2023-03-13,DE0001030732,2.207147
2023-03-14,DE0001030732,2.276684
2023-03-15,DE0001030732,2.258351
2023-03-16,DE0001030732,2.20494
2023-03-17,DE0001030732,2.167031
2023-03-20,DE0001030732,1.920794
2023-03-21,DE0001030732,2.13136
2023-03-22,DE0001030732,2.221021
2023-03-23,DE0001030732,2.185178
2023-03-24,DE0001030732,1.938231
2023-03-27,DE0001030732,2.093478
2023-03-28,DE0001030732,2.226894
2023-03-29,DE0001030732,2.208564
2023-03-30,DE0001030732,2.231313
2023-03-31,DE0001030732,2.278441
2023-04-03,DE0001030732,2.271093
2023-04-04,DE0001030732,2.217361
2023-04-05,DE0001030732,2.198993
2023-04-06,DE0001030732,2.041545
2023-04-11,DE0001030732,2.149145
2023-04-12,DE0001030732,2.232095
2023-04-13,DE0001030732,2.302407
2023-04-14,DE0001030732,2.300923
2023-04-17,DE0001030732,2.353079
2023-04-18,DE0001030732,2.407738
2023-04-19,DE0001030732,2.440101
2023-04-20,DE0001030732,2.406446
2023-04-21,DE0001030732,2.36448
2023-04-24,DE0001030732,2.384037
2023-04-25,DE0001030732,2.368346
2023-04-26,DE0001030732,2.241046
2023-04-27,DE0001030732,2.343841
2023-04-28,DE0001030732,2.266307
2023-05-02,DE0001030732,2.273772
2023-05-03,DE0001030732,2.151707
2023-05-04,DE0001030732,2.165659
2023-05-05,DE0001030732,2.150922
2023-05-08,DE0001030732,2.212951
2023-05-09,DE0001030732,2.230011
2023-05-10,DE0001030732,2.239672
2023-05-11,DE0001030732,2.194
2023-05-12,DE0001030732,2.138
2023-05-15,DE0001030732,2.187
2023-05-16,DE0001030732,2.177
2023-05-17,DE0001030732,2.227
2023-05-18,DE0001030732,2.3
2023-05-19,DE0001030732,2.354
2023-05-22,DE0001030732,2.309
2023-05-23,DE0001030732,2.383
2023-05-24,DE0001030732,2.364
2023-05-25,DE0001030732,2.386
2023-05-26,DE0001030732,2.429
2023-05-29,DE0001030732,2.396
2023-05-30,DE0001030732,2.319
2023-05-31,DE0001030732,2.184
2023-06-01,DE0001030732,2.204
2023-06-02,DE0001030732,2.185
2023-06-05,DE0001030732,2.28
2023-06-06,DE0001030732,2.233
2023-06-07,DE0001030732,2.28
2023-06-08,DE0001030732,2.355
2023-06-09,DE0001030732,2.325
2023-06-12,DE0001030732,2.293
2023-06-13,DE0001030732,2.293
2023-06-14,DE0001030732,2.364
2023-06-15,DE0001030732,2.413
2023-06-16,DE0001030732,2.419
2023-06-19,DE0001030732,2.422
2023-06-20,DE0001030732,2.429
2023-06-21,DE0001030732,2.359
2023-06-22,DE0001030732,2.395
2023-06-23,DE0001030732,2.31
2023-06-26,DE0001030732,2.263
2023-06-27,DE0001030732,2.267
2023-06-28,DE0001030732,2.273
2023-06-29,DE0001030732,2.305
2023-06-30,DE0001030732,2.383
2023-07-03,DE0001030732,2.343
2023-07-04,DE0001030732,2.414
2023-07-05,DE0001030732,2.362
2023-07-06,DE0001030732,2.467
2023-07-07,DE0001030732,2.578
2023-07-10,DE0001030732,2.594
2023-07-11,DE0001030732,2.542
2023-07-12,DE0001030732,2.552
2023-07-13,DE0001030732,2.41
2023-07-14,DE0001030732,2.41
2023-07-17,DE0001030732,2.41
2023-07-18,DE0001030732,2.332
2023-07-19,DE0001030732,2.256
2023-07-20,DE0001030732,2.351
2023-07-21,DE0001030732,2.403
2023-07-24,DE0001030732,2.311
2023-07-25,DE0001030732,2.358
2023-07-26,DE0001030732,2.362
2023-07-27,DE0001030732,2.407
2023-07-28,DE0001030732,2.412
2023-07-31,DE0001030732,2.432
2023-08-01,DE0001030732,2.416
2023-08-02,DE0001030732,2.418
2023-08-03,DE0001030732,2.478
2023-08-04,DE0001030732,2.514
2023-08-07,DE0001030732,2.474
2023-08-08,DE0001030732,2.386
2023-08-09,DE0001030732,2.364
2023-08-10,DE0001030732,2.431
2023-08-11,DE0001030732,2.456
2023-08-14,DE0001030732,2.508
2023-08-15,DE0001030732,2.6
2023-08-16,DE0001030732,2.555
2023-08-17,DE0001030732,2.586
2023-08-18,DE0001030732,2.517
2023-08-21,DE0001030732,2.55
2023-08-22,DE0001030732,2.578
2023-08-23,DE0001030732,2.438
2023-08-24,DE0001030732,2.379
2023-08-25,DE0001030732,2.443
2023-08-28,DE0001030732,2.481
2023-08-29,DE0001030732,2.447
2023-08-30,DE0001030732,2.448
2023-08-31,DE0001030732,2.405
2023-09-01,DE0001030732,2.373
2023-09-04,DE0001030732,2.46
2023-09-05,DE0001030732,2.487
2023-09-06,DE0001030732,2.514
2023-09-07,DE0001030732,2.529
2023-09-08,DE0001030732,2.502
2023-09-11,DE0001030732,2.504
2023-09-12,DE0001030732,2.529
2023-09-13,DE0001030732,2.576854
2023-09-14,DE0001030732,2.546
2023-09-15,DE0001030732,2.548
2023-09-18,DE0001030732,2.594
2023-09-19,DE0001030732,2.619
2023-09-20,DE0001030732,2.639
2023-09-21,DE0001030732,2.642
2023-09-22,DE0001030732,2.64
2023-09-25,DE0001030732,2.688
2023-09-26,DE0001030732,2.696
2023-09-27,DE0001030732,2.679
2023-09-28,DE0001030732,2.806
2023-09-29,DE0001030732,2.75
2023-10-02,DE0001030732,2.768
2023-10-03,DE0001030732,2.814
2023-10-04,DE0001030732,2.856
2023-10-05,DE0001030732,2.83
2023-10-06,DE0001030732,2.774
2023-10-09,DE0001030732,2.719
2023-10-10,DE0001030732,2.672
2023-10-11,DE0001030732,2.614
2023-10-12,DE0001030732,2.623
2023-10-13,DE0001030732,2.642
2023-10-16,DE0001030732,2.668
2023-10-17,DE0001030732,2.693
2023-10-18,DE0001030732,2.796
2023-10-19,DE0001030732,2.827
2023-10-20,DE0001030732,2.796
2023-10-23,DE0001030732,2.818
2023-10-24,DE0001030732,2.674
2023-10-25,DE0001030732,2.724
2023-10-26,DE0001030732,2.757
2023-10-27,DE0001030732,2.7
2023-10-30,DE0001030732,2.67
2023-10-31,DE0001030732,2.65
2023-11-01,DE0001030732,2.693
2023-11-02,DE0001030732,2.583
2023-11-03,DE0001030732,2.596
2023-11-06,DE0001030732,2.581
2023-11-07,DE0001030732,2.579
2023-11-08,DE0001030732,2.532
2023-11-09,DE0001030732,2.533
2023-11-10,DE0001030732,2.612
2023-11-13,DE0001030732,2.601
2023-11-14,DE0001030732,2.605
2023-11-15,DE0001030732,2.487
2023-11-16,DE0001030732,2.515
2023-11-17,DE0001030732,2.411
2023-11-20,DE0001030732,2.483
2023-11-21,DE0001030732,2.492
2023-11-22,DE0001030732,2.466
2023-11-23,DE0001030732,2.481
2023-11-24,DE0001030732,2.541
2023-11-27,DE0001030732,2.53
2023-11-28,DE0001030732,2.429
2023-11-29,DE0001030732,2.336
2023-11-30,DE0001030732,2.293
2023-12-01,DE0001030732,2.309
2023-12-04,DE0001030732,2.255
2023-12-05,DE0001030732,2.199
2023-12-06,DE0001030732,2.154
2023-12-07,DE0001030732,2.069
2023-12-08,DE0001030732,2.119
2023-12-11,DE0001030732,2.149
2023-12-12,DE0001030732,2.128
2023-12-13,DE0001030732,2.111
2023-12-14,DE0001030732,1.95
2023-12-15,DE0001030732,1.939
2023-12-18,DE0001030732,1.927
2023-12-19,DE0001030732,1.929
2023-12-20,DE0001030732,1.887
2023-12-21,DE0001030732,1.867
2023-12-22,DE0001030732,1.859
2023-12-27,DE0001030732,1.829
2023-12-28,DE0001030732,1.813
2023-12-29,DE0001030732,1.904
2024-01-02,DE0001030732,1.9793
2024-01-03,DE0001030732,1.9459
2024-01-04,DE0001030732,1.948
2024-01-05,DE0001030732,2.0494
2024-01-08,DE0001030732,2.0524
2024-01-09,DE0001030732,2.0657
2024-01-10,DE0001030732,2.0508
2024-01-11,DE0001030732,2.0766
2024-01-12,DE0001030732,2.0389
2024-01-15,DE0001030732,2.0577
2024-01-16,DE0001030732,2.082
2024-01-17,DE0001030732,2.1238
2024-01-18,DE0001030732,2.1785
2024-01-19,DE0001030732,2.1881
2024-01-22,DE0001030732,2.1626
2024-01-23,DE0001030732,2.1746
2024-01-24,DE0001030732,2.1849
2024-01-25,DE0001030732,2.2336
2024-01-26,DE0001030732,2.1158
2024-01-29,DE0001030732,2.0935
2024-01-30,DE0001030732,2.0959
2024-01-31,DE0001030732,2.084
2024-02-01,DE0001030732,2.0657
2024-02-02,DE0001030732,2.0499
2024-02-05,DE0001030732,2.1562
2024-02-06,DE0001030732,2.2001
2024-02-07,DE0001030732,2.1594
2024-02-08,DE0001030732,2.1825
2024-02-09,DE0001030732,2.2371
2024-02-12,DE0001030732,2.2436
2024-02-13,DE0001030732,2.2509
2024-02-14,DE0001030732,2.2614
2024-02-15,DE0001030732,2.2107
2024-02-16,DE0001030732,2.28
2024-02-19,DE0001030732,2.2898
2024-02-20,DE0001030732,2.2842
2024-02-21,DE0001030732,2.2866
2024-02-22,DE0001030732,2.351
2024-02-23,DE0001030732,2.3738
2024-02-26,DE0001030732,2.273
2024-02-27,DE0001030732,2.3259
2024-02-28,DE0001030732,2.3545
2024-02-29,DE0001030732,2.4111
2024-03-01,DE0001030732,2.3195
2024-03-04,DE0001030732,2.3001
2024-03-05,DE0001030732,2.2895
2024-03-06,DE0001030732,2.2725
2024-03-07,DE0001030732,2.2393
2024-03-08,DE0001030732,2.1794
2024-03-11,DE0001030732,2.173
2024-03-12,DE0001030732,2.2029
2024-03-13,DE0001030732,2.2248
2024-03-14,DE0001030732,2.2793
2024-03-15,DE0001030732,2.3546
2024-03-18,DE0001030732,2.3712
2024-03-19,DE0001030732,2.3572
2024-03-20,DE0001030732,2.3302
2024-03-21,DE0001030732,2.305
2024-03-22,DE0001030732,2.2804
2024-03-25,DE0001030732,2.2511
2024-03-26,DE0001030732,2.2633
2024-03-27,DE0001030732,2.2512
2024-03-28,DE0001030732,2.2333
2024-04-02,DE0001030732,2.2562
2024-04-03,DE0001030732,2.2882
2024-04-04,DE0001030732,2.276
2024-04-05,DE0001030732,2.2612
2024-04-08,DE0001030732,2.3485
2024-04-09,DE0001030732,2.3131
2024-04-10,DE0001030732,2.2597
2024-04-11,DE0001030732,2.3844
2024-04-12,DE0001030732,2.2984
2024-04-15,DE0001030732,2.2985
2024-04-16,DE0001030732,2.3556
2024-04-17,DE0001030732,2.3897
2024-04-18,DE0001030732,2.3575
2024-04-19,DE0001030732,2.3791
2024-04-22,DE0001030732,2.4476
2024-04-23,DE0001030732,2.3985
2024-04-24,DE0001030732,2.4512
2024-04-25,DE0001030732,2.4774
2024-04-26,DE0001030732,2.5128
2024-04-29,DE0001030732,2.4366
2024-04-30,DE0001030732,2.4635
2024-05-02,DE0001030732,2.4655
2024-05-03,DE0001030732,2.4487
2024-05-06,DE0001030732,2.3635
2024-05-07,DE0001030732,2.3511
2024-05-08,DE0001030732,2.3503
2024-05-09,DE0001030732,2.4149
2024-05-10,DE0001030732,2.3797
2024-05-13,DE0001030732,2.4319
2024-05-14,DE0001030732,2.4177
2024-05-15,DE0001030732,2.3984
2024-05-16,DE0001030732,2.3425
2024-05-17,DE0001030732,2.3978
2024-05-20,DE0001030732,2.435
2024-05-21,DE0001030732,2.4258
2024-05-22,DE0001030732,2.4521
2024-05-23,DE0001030732,2.4718
2024-05-24,DE0001030732,2.504
2024-05-27,DE0001030732,2.5178
2024-05-28,DE0001030732,2.4763
2024-05-29,DE0001030732,2.5368
2024-05-30,DE0001030732,2.5859
2024-05-31,DE0001030732,2.6167
2024-06-03,DE0001030732,2.5639
2024-06-04,DE0001030732,2.4779
2024-06-05,DE0001030732,2.4687
2024-06-06,DE0001030732,2.4494
2024-06-07,DE0001030732,2.4954
2024-06-10,DE0001030732,2.5622
2024-06-11,DE0001030732,2.5684
2024-06-12,DE0001030732,2.5077
2024-06-13,DE0001030732,2.4595
2024-06-14,DE0001030732,2.2819
2024-06-17,DE0001030732,2.2938
2024-06-18,DE0001030732,2.3216
2024-06-19,DE0001030732,2.2972
2024-06-20,DE0001030732,2.3404
2024-06-21,DE0001030732,2.2595
2024-06-24,DE0001030732,2.3
2024-06-25,DE0001030732,2.3026
2024-06-26,DE0001030732,2.3373
2024-06-27,DE0001030732,2.3536
2024-06-28,DE0001030732,2.3417
2024-07-01,DE0001030732,2.473
2024-07-02,DE0001030732,2.4826
2024-07-03,DE0001030732,2.4818
2024-07-04,DE0001030732,2.4538
2024-07-05,DE0001030732,2.4624
2024-07-08,DE0001030732,2.4592
2024-07-09,DE0001030732,2.4413
2024-07-10,DE0001030732,2.4183
2024-07-11,DE0001030732,2.4177
2024-07-12,DE0001030732,2.3749
2024-07-15,DE0001030732,2.3393
2024-07-16,DE0001030732,2.3096
2024-07-17,DE0001030732,2.2833
2024-07-18,DE0001030732,2.3098
2024-07-19,DE0001030732,2.2826
2024-07-22,DE0001030732,2.3474
2024-07-23,DE0001030732,2.3347
2024-07-24,DE0001030732,2.2896
2024-07-25,DE0001030732,2.2684
2024-07-26,DE0001030732,2.2974
2024-07-29,DE0001030732,2.2125
2024-07-30,DE0001030732,2.2235
2024-07-31,DE0001030732,2.1804
2024-08-01,DE0001030732,2.1475
2024-08-02,DE0001030732,2.0776
2024-08-05,DE0001030732,1.9631
2024-08-06,DE0001030732,2.0155
2024-08-07,DE0001030732,2.1188
2024-08-08,DE0001030732,2.064
2024-08-09,DE0001030732,2.0867
2024-08-12,DE0001030732,2.0842
2024-08-13,DE0001030732,2.0749
2024-08-14,DE0001030732,2.0505
2024-08-15,DE0001030732,2.0428
2024-08-16,DE0001030732,2.1009
2024-08-19,DE0001030732,2.0798
2024-08-20,DE0001030732,2.0975
2024-08-21,DE0001030732,2.0696
2024-08-22,DE0001030732,2.0704
2024-08-23,DE0001030732,2.1051
2024-08-26,DE0001030732,2.0856
2024-08-27,DE0001030732,2.1135
2024-08-28,DE0001030732,2.1008
2024-08-29,DE0001030732,2.0762
2024-08-30,DE0001030732,2.0974
2024-09-02,DE0001030732,2.168
2024-09-03,DE0001030732,2.1672
2024-09-04,DE0001030732,2.0829
2024-09-05,DE0001030732,2.0633
2024-09-06,DE0001030732,2.0049
2024-09-09,DE0001030732,2.0633
2024-09-10,DE0001030732,1.9896
2024-09-11,DE0001030732,1.9348
2024-09-12,DE0001030732,1.9641
2024-09-13,DE0001030732,1.9648
2024-09-16,DE0001030732,1.9775
2024-09-17,DE0001030732,1.9327
2024-09-18,DE0001030732,2.0011
2024-09-19,DE0001030732,2.0272
2024-09-20,DE0001030732,1.9992
2024-09-23,DE0001030732,1.9779
2024-09-24,DE0001030732,1.994
2024-09-25,DE0001030732,1.9524
2024-09-26,DE0001030732,1.9412
2024-09-27,DE0001030732,1.9352
2024-09-30,DE0001030732,1.9665
2024-10-01,DE0001030732,1.8692
2024-10-02,DE0001030732,1.8953
2024-10-03,DE0001030732,1.9433
2024-10-04,DE0001030732,1.9781
2024-10-07,DE0001030732,2.0901
2024-10-08,DE0001030732,2.0823
2024-10-09,DE0001030732,2.0608
2024-10-10,DE0001030732,2.1046
2024-10-11,DE0001030732,2.1072
2024-10-14,DE0001030732,2.0874
2024-10-15,DE0001030732,2.0607
2024-10-16,DE0001030732,2.0203
2024-10-17,DE0001030732,2.0383
2024-10-18,DE0001030732,2.015
2024-10-21,DE0001030732,2.0382
2024-10-22,DE0001030732,2.1218
2024-10-23,DE0001030732,2.1088
2024-10-24,DE0001030732,2.0717
2024-10-25,DE0001030732,2.0794
2024-10-28,DE0001030732,2.0889
2024-10-29,DE0001030732,2.1192
2024-10-30,DE0001030732,2.1201
2024-10-31,DE0001030732,2.2326
2024-11-01,DE0001030732,2.2317
2024-11-04,DE0001030732,2.2572
2024-11-05,DE0001030732,2.2353
2024-11-06,DE0001030732,2.1889
2024-11-07,DE0001030732,2.2601
2024-11-08,DE0001030732,2.1768
2024-11-11,DE0001030732,2.1322
2024-11-12,DE0001030732,2.1139
2024-11-13,DE0001030732,2.1865
2024-11-14,DE0001030732,2.1892
2024-11-15,DE0001030732,2.1358
2024-11-18,DE0001030732,2.205
2024-11-19,DE0001030732,2.1078
2024-11-20,DE0001030732,2.1629
2024-11-21,DE0001030732,2.1218
2024-11-22,DE0001030732,2.0371
2024-11-25,DE0001030732,2.0537
2024-11-26,DE0001030732,2.018
2024-11-27,DE0001030732,1.9685
2024-11-28,DE0001030732,1.9761
2024-11-29,DE0001030732,1.9336
2024-12-02,DE0001030732,1.8688
2024-12-03,DE0001030732,1.8747
2024-12-04,DE0001030732,1.8979
2024-12-05,DE0001030732,1.902
2024-12-06,DE0001030732,1.9531
2024-12-09,DE0001030732,1.9331
2024-12-10,DE0001030732,1.9339
2024-12-11,DE0001030732,1.9243
2024-12-12,DE0001030732,1.9597
2024-12-13,DE0001030732,2.0251
2024-12-16,DE0001030732,2.0365
2024-12-17,DE0001030732,2.0303
2024-12-18,DE0001030732,2.0329
2024-12-19,DE0001030732,2.0671
2024-12-20,DE0001030732,2.0715
2024-12-23,DE0001030732,2.0882
2024-12-27,DE0001030732,2.159
2024-12-30,DE0001030732,2.1644
2025-01-02,DE0001030732,2.1289
2025-01-03,DE0001030732,2.16
2025-01-06,DE0001030732,2.2342
2025-01-07,DE0001030732,2.2298
2025-01-08,DE0001030732,2.2558
2025-01-09,DE0001030732,2.3091
2025-01-10,DE0001030732,2.3463
2025-01-13,DE0001030732,2.4072
2025-01-14,DE0001030732,2.4119
2025-01-15,DE0001030732,2.4165
2025-01-16,DE0001030732,2.3522
2025-01-17,DE0001030732,2.3079
2025-01-20,DE0001030732,2.3161
2025-01-21,DE0001030732,2.2881
2025-01-22,DE0001030732,2.2782
2025-01-23,DE0001030732,2.3174
2025-01-24,DE0001030732,2.3547
2025-01-27,DE0001030732,2.303
2025-01-28,DE0001030732,2.3294
2025-01-29,DE0001030732,2.3122
2025-01-30,DE0001030732,2.2988
2025-01-31,DE0001030732,2.2381
2025-02-03,DE0001030732,2.1596
2025-02-04,DE0001030732,2.1785
2025-02-05,DE0001030732,2.1111
2025-02-06,DE0001030732,2.1552
2025-02-07,DE0001030732,2.1435
2025-02-10,DE0001030732,2.1552
2025-02-11,DE0001030732,2.1796
2025-02-12,DE0001030732,2.2295
2025-02-13,DE0001030732,2.2487
2025-02-14,DE0001030732,2.2078
2025-02-17,DE0001030732,2.2707
2025-02-18,DE0001030732,2.2826
2025-02-19,DE0001030732,2.2909
2025-02-20,DE0001030732,2.3213
2025-02-21,DE0001030732,2.2692
2025-02-24,DE0001030732,2.2428
2025-02-25,DE0001030732,2.2273
2025-02-26,DE0001030732,2.2027
2025-02-27,DE0001030732,2.2037
2025-02-28,DE0001030732,2.1446
2025-03-03,DE0001030732,2.2002
2025-03-04,DE0001030732,2.1865
2025-03-05,DE0001030732,2.397
2025-03-06,DE0001030732,2.5792
2025-03-07,DE0001030732,2.5447
2025-03-10,DE0001030732,2.5158
2025-03-11,DE0001030732,2.5713
2025-03-12,DE0001030732,2.6063
2025-03-13,DE0001030732,2.5908
2025-03-14,DE0001030732,2.5731
2025-03-17,DE0001030732,2.5197
2025-03-18,DE0001030732,2.5452
2025-03-19,DE0001030732,2.4843
2025-03-20,DE0001030732,2.4763
2025-03-21,DE0001030732,2.4605
2025-03-24,DE0001030732,2.4785
2025-03-25,DE0001030732,2.519
2025-03-26,DE0001030732,2.4975
2025-03-27,DE0001030732,2.4782
2025-03-28,DE0001030732,2.4193
2025-03-31,DE0001030732,2.3717
2025-04-01,DE0001030732,2.369
2025-04-02,DE0001030732,2.3757
2025-04-03,DE0001030732,2.3284
2025-04-04,DE0001030732,2.2161
2025-04-07,DE0001030732,2.0955
2025-04-08,DE0001030732,2.2737
2025-04-09,DE0001030732,2.219
2025-04-10,DE0001030732,2.2963
2025-04-11,DE0001030732,2.1951
2025-04-14,DE0001030732,2.2072
2025-04-15,DE0001030732,2.16
2025-04-16,DE0001030732,2.1517
2025-04-17,DE0001030732,2.1926
2025-04-22,DE0001030732,2.0946
2025-04-23,DE0001030732,2.125
2025-04-24,DE0001030732,2.1056
2025-04-25,DE0001030732,2.1232
2025-04-28,DE0001030732,2.1501
2025-04-29,DE0001030732,2.1334
2025-04-30,DE0001030732,2.1195
2025-05-02,DE0001030732,2.1093
2025-05-05,DE0001030732,2.1567
2025-05-06,DE0001030732,2.1745
2025-05-07,DE0001030732,2.1568
2025-05-08,DE0001030732,2.1335
2025-05-09,DE0001030732,2.2129
2025-05-12,DE0001030732,2.2853
2025-05-13,DE0001030732,2.3297
2025-05-14,DE0001030732,2.3289
2025-05-15,DE0001030732,2.3301
2025-05-16,DE0001030732,2.2443
2025-05-19,DE0001030732,2.2905
2025-05-20,DE0001030732,2.2124
2025-05-21,DE0001030732,2.3001
2025-05-22,DE0001030732,2.2805
2025-05-23,DE0001030732,2.2626
2025-05-26,DE0001030732,2.2277
2025-05-27,DE0001030732,2.1685
2025-05-28,DE0001030732,2.1939
2025-05-29,DE0001030732,2.2176
2025-05-30,DE0001030732,2.1771
2025-06-02,DE0001030732,2.2007
2025-06-03,DE0001030732,2.1489
2025-06-04,DE0001030732,2.1781
2025-06-05,DE0001030732,2.1565
2025-06-06,DE0001030732,2.2161
2025-06-09,DE0001030732,2.2057
2025-06-10,DE0001030732,2.2219
2025-06-11,DE0001030732,2.2191
2025-06-12,DE0001030732,2.1747
2025-06-13,DE0001030732,2.1775
2025-06-16,DE0001030732,2.2298
2025-06-17,DE0001030732,2.227
2025-06-18,DE0001030732,2.2184
2025-06-19,DE0001030732,2.2043
2025-06-20,DE0001030732,2.1958
2025-06-23,DE0001030732,2.2235
2025-06-24,DE0001030732,2.2092
2025-06-25,DE0001030732,2.2026
2025-06-26,DE0001030732,2.2113
2025-06-27,DE0001030732,2.2199
2025-06-30,DE0001030732,2.2324
2025-07-01,DE0001030732,2.199
2025-07-02,DE0001030732,2.2459
2025-07-03,DE0001030732,2.2394
2025-07-04,DE0001030732,2.183
2025-07-07,DE0001030732,2.2203
2025-07-08,DE0001030732,2.2982
2025-07-09,DE0001030732,2.2819
2025-07-10,DE0001030732,2.2754
2025-07-11,DE0001030732,2.3286
2025-07-14,DE0001030732,2.3122
2025-07-15,DE0001030732,2.2824
2025-07-16,DE0001030732,2.3027
2025-07-17,DE0001030732,2.2807
2025-07-18,DE0001030732,2.2895
2025-07-21,DE0001030732,2.2365
2025-07-22,DE0001030732,2.2182
2025-07-23,DE0001030732,2.2173
2025-07-24,DE0001030732,2.259
2025-07-25,DE0001030732,2.361
2025-07-28,DE0001030732,2.3057
2025-07-29,DE0001030732,2.3106
2025-07-30,DE0001030732,2.3078
2025-07-31,DE0001030732,2.3227
2025-08-01,DE0001030732,2.3335
2025-08-04,DE0001030732,2.2975
2025-08-05,DE0001030732,2.2461
2025-08-06,DE0001030732,2.2568
2025-08-07,DE0001030732,2.2483
2025-08-08,DE0001030732,2.2766
2025-08-11,DE0001030732,2.2991
2025-08-12,DE0001030732,2.3138
2025-08-13,DE0001030732,2.3012
2025-08-14,DE0001030732,2.2634
2025-08-15,DE0001030732,2.329
2025-08-18,DE0001030732,2.3438
2025-08-19,DE0001030732,2.3606
2025-08-20,DE0001030732,2.3185
2025-08-21,DE0001030732,2.3276
2025-08-22,DE0001030732,2.3464
2025-08-25,DE0001030732,2.3376
2025-08-26,DE0001030732,2.3131
2025-08-27,DE0001030732,2.2828
2025-08-28,DE0001030732,2.2801
2025-08-29,DE0001030732,2.2851
2025-09-01,DE0001030732,2.3216
2025-09-02,DE0001030732,2.3483
2025-09-03,DE0001030732,2.3455
2025-09-04,DE0001030732,2.2934
2025-09-05,DE0001030732,2.3024
2025-09-08,DE0001030732,2.2542
2025-09-09,DE0001030732,2.2572
2025-09-10,DE0001030732,2.2563
2025-09-11,DE0001030732,2.2832
2025-09-12,DE0001030732,2.3318
2025-09-15,DE0001030732,2.311
2025-09-16,DE0001030732,2.322
2025-09-17,DE0001030732,2.3112
2025-09-18,DE0001030732,2.3105
2025-09-19,DE0001030732,2.3494
2025-09-22,DE0001030732,2.3505
2025-09-23,DE0001030732,2.3596
2025-09-24,DE0001030732,2.3547
2025-09-25,DE0001030732,2.362
2025-09-26,DE0001030732,2.3811
2025-09-29,DE0001030732,2.3523
2025-09-30,DE0001030732,2.3414
2025-10-01,DE0001030732,2.3585
2025-10-02,DE0001030732,2.3378
2025-10-03,DE0001030732,2.3369
2025-10-06,DE0001030732,2.342
2025-10-07,DE0001030732,2.3491
2025-10-08,DE0001030732,2.3162
2025-10-09,DE0001030732,2.3195
2025-10-10,DE0001030732,2.3146
2025-10-13,DE0001030732,2.2617
2025-10-14,DE0001030732,2.2208
2025-10-15,DE0001030732,2.2159
2025-10-16,DE0001030732,2.1951
2025-10-17,DE0001030732,2.1663
2025-10-20,DE0001030732,2.2132
2025-10-21,DE0001030732,2.2003
2025-10-22,DE0001030732,2.1814
2025-10-23,DE0001030732,2.2105
2025-10-24,DE0001030732,2.2576
2025-10-27,DE0001030732,2.2728
2025-10-28,DE0001030732,2.2558
2025-10-29,DE0001030732,2.2669
2025-10-30,DE0001030732,2.2883
2025-10-31,DE0001030732,2.2854
2025-11-03,DE0001030732,2.2724
2025-11-04,DE0001030732,2.2755
2025-11-05,DE0001030732,2.2786
2025-11-06,DE0001030732,2.294
2025-11-07,DE0001030732,2.2991
2025-11-10,DE0001030732,2.3023
2025-11-11,DE0001030732,2.2953
2025-11-12,DE0001030732,2.2984
2025-11-13,DE0001030732,2.2815
2025-11-14,DE0001030732,2.3374
2025-11-17,DE0001030732,2.3304
2025-11-18,DE0001030732,2.3152
2025-11-19,DE0001030732,2.3286
2025-11-20,DE0001030732,2.3401
2025-11-21,DE0001030732,2.2964
2025-11-24,DE0001030732,2.3199
2025-11-25,DE0001030732,2.3211
2025-11-26,DE0001030732,2.3099
2025-11-27,DE0001030732,2.3215
2025-11-28,DE0001030732,2.3226
2025-12-01,DE0001030732,2.3524
2025-12-02,DE0001030732,2.3885
2025-12-03,DE0001030732,2.3814
2025-12-04,DE0001030732,2.389
2025-12-05,DE0001030732,2.4108
2025-12-08,DE0001030732,2.472
2025-12-09,DE0001030732,2.5022
2025-12-10,DE0001030732,2.5347
2025-12-11,DE0001030732,2.5051
2025-12-12,DE0001030732,2.5042
2025-12-15,DE0001030732,2.4909
2025-12-16,DE0001030732,2.4879
2025-12-17,DE0001030732,2.4808
2025-12-18,DE0001030732,2.4782
2025-12-19,DE0001030732,2.5066
2025-12-22,DE0001030732,2.5203
2025-12-23,DE0001030732,2.5014
2025-12-29,DE0001030732,2.4871
2025-12-30,DE0001030732,2.477
2026-01-02,DE0001030732,2.4882
2026-01-05,DE0001030732,2.5231
2026-01-06,DE0001030732,2.4802
2026-01-07,DE0001030732,2.4332
2026-01-08,DE0001030732,2.4641
2026-01-09,DE0001030732,2.459
2026-01-12,DE0001030732,2.456
2026-01-13,DE0001030732,2.4678
2026-01-14,DE0001030732,2.4501
2026-01-15,DE0001030732,2.4285
2026-01-16,DE0001030732,2.4423
2026-01-19,DE0001030732,2.4309
2026-01-20,DE0001030732,2.4679
2026-01-21,DE0001030732,2.4417
2026-01-22,DE0001030732,2.4581
2026-01-23,DE0001030732,2.4995
2026-01-26,DE0001030732,2.4817
2026-01-27,DE0001030732,2.4808
2026-01-28,DE0001030732,2.4418
2026-01-29,DE0001030732,2.437
2026-01-30,DE0001030732,2.4256
2026-02-02,DE0001030732,2.4268
2026-02-03,DE0001030732,2.4662
2026-02-04,DE0001030732,2.4504
2026-02-05,DE0001030732,2.435
2026-02-06,DE0001030732,2.3938
2026-02-09,DE0001030732,2.4247
2026-02-10,DE0001030732,2.4005
2026-02-11,DE0001030732,2.3741
2026-02-12,DE0001030732,2.382
2026-02-13,DE0001030732,2.362
2026-02-16,DE0001030732,2.3505
2026-02-17,DE0001030732,2.3241
2026-02-18,DE0001030732,2.3316
2026-02-19,DE0001030732,2.35
2026-02-20,DE0001030732,2.3364
2026-02-23,DE0001030732,2.3312
2026-02-24,DE0001030732,2.3005
2026-02-25,DE0001030732,2.3166
2026-02-26,DE0001030732,2.3116
2026-02-27,DE0001030732,2.2851
2026-03-02,DE0001030732,2.2672
2026-03-03,DE0001030732,2.4219
2026-03-04,DE0001030732,2.3803
2026-03-05,DE0001030732,2.4139
2026-03-06,DE0001030732,2.4926
2026-03-09,DE0001030732,2.5587
2026-03-10,DE0001030732,2.4822
2026-03-11,DE0001030732,2.5397
2026-03-12,DE0001030732,2.5762
2026-03-13,DE0001030732,2.5905
2026-03-16,DE0001030732,2.5984
2026-03-17,DE0001030732,2.5692
2026-03-18,DE0001030732,2.5401
2026-03-19,DE0001030732,2.6488
2026-03-20,DE0001030732,2.7095
2026-03-23,DE0001030732,2.7969
2026-03-24,DE0001030732,2.7167
2026-03-25,DE0001030732,2.6938
2026-03-26,DE0001030732,2.7443
2026-03-27,DE0001030732,2.8367
2026-03-30,DE0001030732,2.7826
2026-03-31,DE0001030732,2.7265
2026-04-01,DE0001030732,2.6595
2026-04-02,DE0001030732,2.7291
2026-04-07,DE0001030732,2.7142
2026-04-08,DE0001030732,2.6052
2026-04-09,DE0001030732,2.6755
2026-04-10,DE0001030732,2.708
2026-04-13,DE0001030732,2.7472
2026-04-14,DE0001030732,2.733
2026-04-15,DE0001030732,2.6989
2026-04-16,DE0001030732,2.6853
2026-04-17,DE0001030732,2.6822
2026-04-20,DE0001030732,2.6392
2026-04-21,DE0001030732,2.6273
2026-04-22,DE0001030732,2.6687
2026-04-23,DE0001030732,2.7197
2026-04-24,DE0001030732,2.7278
2026-04-27,DE0001030732,2.6852
2026-04-28,DE0001030732,2.7419
2026-04-29,DE0001030732,2.7769
2026-04-30,DE0001030732,2.8076
2026-05-04,DE0001030732,2.7573
2026-05-05,DE0001030732,2.7677
2026-05-06,DE0001030732,2.6883
2026-05-07,DE0001030732,2.6791
2026-05-08,DE0001030732,2.694
2026-05-11,DE0001030732,2.7224
2026-05-12,DE0001030732,2.7893
2026-05-13,DE0001030732,2.7975
2026-05-14,DE0001030732,2.7861
2026-05-15,DE0001030732,2.8125
2026-05-18,DE0001030732,2.8618
2026-05-19,DE0001030732,2.8428
2026-05-20,DE0001030732,2.8466
2026-05-21,DE0001030732,2.7761
2026-05-22,DE0001030732,2.7594
2026-05-25,DE0001030732,2.65
2026-05-26,DE0001030732,2.6785
2026-05-27,DE0001030732,2.6506
2026-05-28,DE0001030732,2.6933
2026-05-29,DE0001030732,2.6449
2026-06-01,DE0001030732,2.6825
2026-06-02,DE0001030732,2.6568
2026-06-03,DE0001030732,2.7218
2026-06-04,DE0001030732,2.7375
2026-06-05,DE0001030732,2.7253
2026-06-08,DE0001030732,2.777
2026-06-09,DE0001030732,2.7465
2026-06-10,DE0001030732,2.7571
2026-06-11,DE0001030732,2.773
2026-06-12,DE0001030732,2.6876
2026-06-15,DE0001030732,2.6458
2026-06-16,DE0001030732,2.6358
2026-06-17,DE0001030732,2.6349
2026-06-18,DE0001030732,2.6666
2026-06-19,DE0001030732,2.6863
2026-06-22,DE0001030732,2.6923
2026-06-23,DE0001030732,2.6435
2026-06-24,DE0001030732,2.6289
2026-06-25,DE0001030732,2.5989
2026-06-26,DE0001030732,2.573
2026-06-29,DE0001030732,2.5835
2026-06-30,DE0001030732,2.5666
2026-07-01,DE0001030732,2.5954
2026-07-02,DE0001030732,2.6249
2026-07-03,DE0001030732,2.6355
2026-07-06,DE0001030732,2.6323
2026-07-07,DE0001030732,2.6843
2026-07-08,DE0001030732,2.7829
2026-07-09,DE0001030732,2.7875
2026-07-10,DE0001030732,2.7565
2026-07-13,DE0001030732,2.7719
2026-07-14,DE0001030732,2.841
2026-07-15,DE0001030732,2.8262
2026-07-16,DE0001030732,2.8402
2026-07-17,DE0001030732,2.8371
2026-07-20,DE0001030732,2.8503
2026-07-21,DE0001030732,2.8542
2026-07-22,DE0001030732,2.8816
2026-07-23,DE0001030732,2.9287
2026-07-24,DE0001030732,2.9162
2026-07-27,DE0001030732,2.8495
2026-07-28,DE0001030732,2.8229
2026-07-29,DE0001030732,2.8386
2026-07-30,DE0001030732,2.8833
2026-07-31,DE0001030732,2.8614
2026-08-03,DE0001030732,2.8535
2026-08-04,DE0001030732,2.8622
2026-08-05,DE0001030732,2.7931
2026-08-06,DE0001030732,2.8142
2026-08-07,DE0001030732,2.8441
2026-08-10,DE0001030732,2.8362
2026-08-11,DE0001030732,2.8994
2026-08-12,DE0001030732,2.8607
2026-08-13,DE0001030732,2.8512
2026-08-14,DE0001030732,2.8575
2026-08-17,DE0001030732,2.89
2026-08-18,DE0001030732,2.9345
2026-08-19,DE0001030732,2.9481
2026-08-20,DE0001030732,2.9578
2026-08-21,DE0001030732,2.9284
2026-08-24,DE0001030732,2.9324
2026-08-25,DE0001030732,2.9436
2026-08-26,DE0001030732,2.8807
2026-08-27,DE0001030732,2.9358
2026-08-28,DE0001030732,2.9567
2026-08-31,DE0001030732,3.0113
2026-09-01,DE0001030732,3.0516
2026-09-02,DE0001030732,3.0969
2026-09-03,DE0001030732,3.0681
2026-09-04,DE0001030732,3.0505
2026-09-07,DE0001030732,3.0546
2026-09-08,DE0001030732,3.1025
2026-09-09,DE0001030732,3.1164
2026-09-10,DE0001030732,3.1657
2026-09-11,DE0001030732,3.2508
2026-09-14,DE0001030732,3.2995
2026-09-15,DE0001030732,3.3236
2026-09-16,DE0001030732,3.3304
2026-09-17,DE0001030732,3.3138
2026-09-18,DE0001030732,3.2959
2026-09-21,DE0001030732,3.2681
2026-09-22,DE0001030732,3.2453
2026-09-23,DE0001030732,3.2694
2026-09-24,DE0001030732,3.3718
2026-09-25,DE0001030732,3.3688
2026-09-28,DE0001030732,3.4206
2026-09-29,DE0001030732,3.3951
2026-09-30,DE0001030732,3.3471
2026-10-01,DE0001030732,3.3329
2022-09-05,DE0001030740,1.333747
2022-09-06,DE0001030740,1.317438
2022-09-07,DE0001030740,1.311324
2022-09-08,DE0001030740,1.378884
2022-09-09,DE0001030740,1.521011
2022-09-12,DE0001030740,1.50054
2022-09-13,DE0001030740,1.473763
2022-09-14,DE0001030740,1.571281
2022-09-15,DE0001030740,1.594616
2022-09-16,DE0001030740,1.678225
2022-09-19,DE0001030740,1.657651
2022-09-20,DE0001030740,1.788293
2022-09-21,DE0001030740,1.765314
2022-09-22,DE0001030740,1.833815
2022-09-23,DE0001030740,1.931721
2022-09-26,DE0001030740,1.932378
2022-09-27,DE0001030740,2.065776
2022-09-28,DE0001030740,2.202535
2022-09-29,DE0001030740,2.134446
2022-09-30,DE0001030740,1.946888
2022-10-03,DE0001030740,1.939317
2022-10-04,DE0001030740,1.588795
2022-10-05,DE0001030740,1.758084
2022-10-06,DE0001030740,1.867684
2022-10-07,DE0001030740,1.968643
2022-10-10,DE0001030740,1.945639
2022-10-11,DE0001030740,2.108359
2022-10-12,DE0001030740,2.067481
2022-10-13,DE0001030740,2.016582
2022-10-14,DE0001030740,1.966786
2022-10-17,DE0001030740,1.995648
2022-10-18,DE0001030740,2.131016
2022-10-19,DE0001030740,2.144584
2022-10-20,DE0001030740,2.260308
2022-10-21,DE0001030740,2.328858
2022-10-24,DE0001030740,2.181979
2022-10-25,DE0001030740,2.085905
2022-10-26,DE0001030740,2.04041
2022-10-27,DE0001030740,2.048156
2022-10-28,DE0001030740,1.987007
2022-10-31,DE0001030740,2.01832
2022-11-01,DE0001030740,1.890125
2022-11-02,DE0001030740,1.988475
2022-11-03,DE0001030740,2.092735
2022-11-04,DE0001030740,2.130197
2022-11-07,DE0001030740,2.139924
2022-11-08,DE0001030740,2.213484
2022-11-09,DE0001030740,2.131982
2022-11-10,DE0001030740,2.102351
2022-11-11,DE0001030740,1.974612
2022-11-14,DE0001030740,2.00832
2022-11-15,DE0001030740,2.046177
2022-11-16,DE0001030740,2.033337
2022-11-17,DE0001030740,1.933164
2022-11-18,DE0001030740,2.030107
2022-11-21,DE0001030740,1.971281
2022-11-22,DE0001030740,1.980469
2022-11-23,DE0001030740,1.974215
2022-11-24,DE0001030740,1.845375
2022-11-25,DE0001030740,1.939981
2022-11-28,DE0001030740,1.993761
2022-11-29,DE0001030740,1.881464
2022-11-30,DE0001030740,1.956857
2022-12-01,DE0001030740,1.814448
2022-12-02,DE0001030740,1.717982
2022-12-05,DE0001030740,1.826017
2022-12-06,DE0001030740,1.846146
2022-12-07,DE0001030740,1.762773
2022-12-08,DE0001030740,1.737149
2022-12-09,DE0001030740,1.829665
2022-12-12,DE0001030740,1.830247
2022-12-13,DE0001030740,1.948177
2022-12-14,DE0001030740,1.935169
2022-12-15,DE0001030740,1.896119
2022-12-16,DE0001030740,2.27169
2022-12-19,DE0001030740,2.195566
2022-12-20,DE0001030740,2.271026
2022-12-21,DE0001030740,2.287514
2022-12-22,DE0001030740,2.312569
2022-12-23,DE0001030740,2.36756
2022-12-27,DE0001030740,2.495555
2022-12-28,DE0001030740,2.459217
2022-12-29,DE0001030740,2.461156
2022-12-30,DE0001030740,2.498222
2023-01-02,DE0001030740,2.446243
2023-01-03,DE0001030740,2.372924
2023-01-04,DE0001030740,2.290638
2023-01-05,DE0001030740,2.301508
2023-01-06,DE0001030740,2.326849
2023-01-09,DE0001030740,2.268093
2023-01-10,DE0001030740,2.268636
2023-01-11,DE0001030740,2.243866
2023-01-12,DE0001030740,2.185667
2023-01-13,DE0001030740,2.08265
2023-01-16,DE0001030740,2.177473
2023-01-17,DE0001030740,2.159589
2023-01-18,DE0001030740,2.047846
2023-01-19,DE0001030740,2.007993
2023-01-20,DE0001030740,2.110971
2023-01-23,DE0001030740,2.167115
2023-01-24,DE0001030740,2.15608
2023-01-25,DE0001030740,2.069158
2023-01-26,DE0001030740,2.130329
2023-01-27,DE0001030740,2.206593
2023-01-30,DE0001030740,2.254055
2023-01-31,DE0001030740,2.247622
2023-02-01,DE0001030740,2.236534
2023-02-02,DE0001030740,2.219516
2023-02-03,DE0001030740,2.07816
2023-02-06,DE0001030740,2.19264
2023-02-07,DE0001030740,2.228086
2023-02-08,DE0001030740,2.301073
2023-02-09,DE0001030740,2.225542
2023-02-10,DE0001030740,2.298104
2023-02-13,DE0001030740,2.315694
2023-02-14,DE0001030740,2.342163
2023-02-15,DE0001030740,2.3994
2023-02-16,DE0001030740,2.441596
2023-02-17,DE0001030740,2.512921
2023-02-20,DE0001030740,2.438164
2023-02-21,DE0001030740,2.498327
2023-02-22,DE0001030740,2.539619
2023-02-23,DE0001030740,2.505885
2023-02-24,DE0001030740,2.472451
2023-02-27,DE0001030740,2.588829
2023-02-28,DE0001030740,2.669117
2023-03-01,DE0001030740,2.7547
2023-03-02,DE0001030740,2.78889
2023-03-03,DE0001030740,2.740224
2023-03-06,DE0001030740,2.724882
2023-03-07,DE0001030740,2.769544
2023-03-08,DE0001030740,2.821699
2023-03-09,DE0001030740,2.824372
2023-03-10,DE0001030740,2.636646
2023-03-13,DE0001030740,2.28938
2023-03-14,DE0001030740,2.36403
2023-03-15,DE0001030740,2.290541
2023-03-16,DE0001030740,2.227864
2023-03-17,DE0001030740,2.211199
2023-03-20,DE0001030740,1.933245
2023-03-21,DE0001030740,2.167569
2023-03-22,DE0001030740,2.301816
2023-03-23,DE0001030740,2.238877
2023-03-24,DE0001030740,1.921
2023-03-27,DE0001030740,2.099189
2023-03-28,DE0001030740,2.25733
2023-03-29,DE0001030740,2.212344
2023-03-30,DE0001030740,2.257199
2023-03-31,DE0001030740,2.360879
2023-04-03,DE0001030740,2.325864
2023-04-04,DE0001030740,2.268545
2023-04-05,DE0001030740,2.240039
2023-04-06,DE0001030740,2.240039
2023-04-11,DE0001030740,2.197726
2023-04-12,DE0001030740,2.278024
2023-04-13,DE0001030740,2.340544
2023-04-14,DE0001030740,2.340544
2023-04-17,DE0001030740,2.417502
2023-04-18,DE0001030740,2.442676
2023-04-19,DE0001030740,2.494952
2023-04-20,DE0001030740,2.487258
2023-04-21,DE0001030740,2.440516
2023-04-24,DE0001030740,2.464046
2023-04-25,DE0001030740,2.440121
2023-04-26,DE0001030740,2.278969
2023-04-27,DE0001030740,2.359828
2023-04-28,DE0001030740,2.296034
2023-05-02,DE0001030740,2.299696
2023-05-03,DE0001030740,2.182864
2023-05-04,DE0001030740,2.179591
2023-05-05,DE0001030740,2.111313
2023-05-08,DE0001030740,2.192897
2023-05-09,DE0001030740,2.210592
2023-05-10,DE0001030740,2.213601
2023-05-11,DE0001030740,2.171
2023-05-12,DE0001030740,2.129
2023-05-15,DE0001030740,2.18
2023-05-16,DE0001030740,2.16
2023-05-17,DE0001030740,2.218
2023-05-18,DE0001030740,2.318
2023-05-19,DE0001030740,2.353
2023-05-22,DE0001030740,2.339
2023-05-23,DE0001030740,2.405
2023-05-24,DE0001030740,2.388
2023-05-25,DE0001030740,2.425
2023-05-26,DE0001030740,2.443
2023-05-29,DE0001030740,2.444
2023-05-30,DE0001030740,2.352
2023-05-31,DE0001030740,2.218
2023-06-01,DE0001030740,2.26
2023-06-02,DE0001030740,2.247
2023-06-05,DE0001030740,2.346
2023-06-06,DE0001030740,2.296
2023-06-07,DE0001030740,2.342
2023-06-08,DE0001030740,2.417
2023-06-09,DE0001030740,2.397
2023-06-12,DE0001030740,2.376
2023-06-13,DE0001030740,2.399
2023-06-14,DE0001030740,2.463
2023-06-15,DE0001030740,2.544
2023-06-16,DE0001030740,2.57
2023-06-19,DE0001030740,2.571
2023-06-20,DE0001030740,2.587
2023-06-21,DE0001030740,2.542
2023-06-22,DE0001030740,2.565
2023-06-23,DE0001030740,2.504
2023-06-26,DE0001030740,2.457
2023-06-27,DE0001030740,2.462
2023-06-28,DE0001030740,2.489
2023-06-29,DE0001030740,2.517
2023-06-30,DE0001030740,2.594
2023-07-03,DE0001030740,2.59
2023-07-04,DE0001030740,2.635
2023-07-05,DE0001030740,2.582
2023-07-06,DE0001030740,2.67
2023-07-07,DE0001030740,2.73
2023-07-10,DE0001030740,2.737
2023-07-11,DE0001030740,2.719
2023-07-12,DE0001030740,2.725
2023-07-13,DE0001030740,2.577
2023-07-14,DE0001030740,2.577
2023-07-17,DE0001030740,2.6
2023-07-18,DE0001030740,2.51
2023-07-19,DE0001030740,2.43
2023-07-20,DE0001030740,2.532
2023-07-21,DE0001030740,2.575
2023-07-24,DE0001030740,2.475
2023-07-25,DE0001030740,2.533
2023-07-26,DE0001030740,2.531
2023-07-27,DE0001030740,2.57
2023-07-28,DE0001030740,2.544
2023-07-31,DE0001030740,2.556
2023-08-01,DE0001030740,2.531
2023-08-02,DE0001030740,2.51
2023-08-03,DE0001030740,2.547
2023-08-04,DE0001030740,2.586
2023-08-07,DE0001030740,2.533
2023-08-08,DE0001030740,2.473
2023-08-09,DE0001030740,2.448
2023-08-10,DE0001030740,2.516
2023-08-11,DE0001030740,2.529
2023-08-14,DE0001030740,2.578
2023-08-15,DE0001030740,2.672
2023-08-16,DE0001030740,2.63
2023-08-17,DE0001030740,2.654
2023-08-18,DE0001030740,2.58
2023-08-21,DE0001030740,2.605
2023-08-22,DE0001030740,2.641
2023-08-23,DE0001030740,2.509
2023-08-24,DE0001030740,2.458
2023-08-25,DE0001030740,2.519
2023-08-28,DE0001030740,2.587
2023-08-29,DE0001030740,2.564
2023-08-30,DE0001030740,2.602
2023-08-31,DE0001030740,2.522
2023-09-01,DE0001030740,2.479
2023-09-04,DE0001030740,2.545
2023-09-05,DE0001030740,2.559
2023-09-06,DE0001030740,2.584
2023-09-07,DE0001030740,2.63
2023-09-08,DE0001030740,2.6
2023-09-11,DE0001030740,2.61
2023-09-12,DE0001030740,2.622
2023-09-13,DE0001030740,2.68222
2023-09-14,DE0001030740,2.669
2023-09-15,DE0001030740,2.669
2023-09-18,DE0001030740,2.711
2023-09-19,DE0001030740,2.742
2023-09-20,DE0001030740,2.76
2023-09-21,DE0001030740,2.8
2023-09-22,DE0001030740,2.749
2023-09-25,DE0001030740,2.773
2023-09-26,DE0001030740,2.757
2023-09-27,DE0001030740,2.747
2023-09-28,DE0001030740,2.841
2023-09-29,DE0001030740,2.8
2023-10-02,DE0001030740,2.794
2023-10-03,DE0001030740,2.813
2023-10-04,DE0001030740,2.837
2023-10-05,DE0001030740,2.81
2023-10-06,DE0001030740,2.746
2023-10-09,DE0001030740,2.701
2023-10-10,DE0001030740,2.661
2023-10-11,DE0001030740,2.64
2023-10-12,DE0001030740,2.667
2023-10-13,DE0001030740,2.684
2023-10-16,DE0001030740,2.705
2023-10-17,DE0001030740,2.731
2023-10-18,DE0001030740,2.824
2023-10-19,DE0001030740,2.846
2023-10-20,DE0001030740,2.805
2023-10-23,DE0001030740,2.804
2023-10-24,DE0001030740,2.701
2023-10-25,DE0001030740,2.728
2023-10-26,DE0001030740,2.747
2023-10-27,DE0001030740,2.683
2023-10-30,DE0001030740,2.649
2023-10-31,DE0001030740,2.63
2023-11-01,DE0001030740,2.656
2023-11-02,DE0001030740,2.569
2023-11-03,DE0001030740,2.603
2023-11-06,DE0001030740,2.596
2023-11-07,DE0001030740,2.611
2023-11-08,DE0001030740,2.581
2023-11-09,DE0001030740,2.589
2023-11-10,DE0001030740,2.648
2023-11-13,DE0001030740,2.661
2023-11-14,DE0001030740,2.671
2023-11-15,DE0001030740,2.548
2023-11-16,DE0001030740,2.573
2023-11-17,DE0001030740,2.469
2023-11-20,DE0001030740,2.541
2023-11-21,DE0001030740,2.564
2023-11-22,DE0001030740,2.537
2023-11-23,DE0001030740,2.542
2023-11-24,DE0001030740,2.599
2023-11-27,DE0001030740,2.592
2023-11-28,DE0001030740,2.477
2023-11-29,DE0001030740,2.366
2023-11-30,DE0001030740,2.298
2023-12-01,DE0001030740,2.312
2023-12-04,DE0001030740,2.246
2023-12-05,DE0001030740,2.191
2023-12-06,DE0001030740,2.169
2023-12-07,DE0001030740,2.109
2023-12-08,DE0001030740,2.143
2023-12-11,DE0001030740,2.189
2023-12-12,DE0001030740,2.17
2023-12-13,DE0001030740,2.179
2023-12-14,DE0001030740,1.96
2023-12-15,DE0001030740,1.976
2023-12-18,DE0001030740,1.974
2023-12-19,DE0001030740,1.989
2023-12-20,DE0001030740,1.931
2023-12-21,DE0001030740,1.916
2023-12-22,DE0001030740,1.899
2023-12-27,DE0001030740,1.867
2023-12-28,DE0001030740,1.838
2023-12-29,DE0001030740,1.888
2024-01-02,DE0001030740,1.9477
2024-01-03,DE0001030740,1.9313
2024-01-04,DE0001030740,1.9343
2024-01-05,DE0001030740,2.057
2024-01-08,DE0001030740,2.0552
2024-01-09,DE0001030740,2.0685
2024-01-10,DE0001030740,2.0705
2024-01-11,DE0001030740,2.1006
2024-01-12,DE0001030740,2.0522
2024-01-15,DE0001030740,2.0419
2024-01-16,DE0001030740,2.0738
2024-01-17,DE0001030740,2.1287
2024-01-18,DE0001030740,2.1995
2024-01-19,DE0001030740,2.2081
2024-01-22,DE0001030740,2.1979
2024-01-23,DE0001030740,2.2158
2024-01-24,DE0001030740,2.2252
2024-01-25,DE0001030740,2.2678
2024-01-26,DE0001030740,2.1288
2024-01-29,DE0001030740,2.1012
2024-01-30,DE0001030740,2.1335
2024-01-31,DE0001030740,2.1168
2024-02-01,DE0001030740,2.104
2024-02-02,DE0001030740,2.1127
2024-02-05,DE0001030740,2.2069
2024-02-06,DE0001030740,2.2368
2024-02-07,DE0001030740,2.2141
2024-02-08,DE0001030740,2.2536
2024-02-09,DE0001030740,2.3096
2024-02-12,DE0001030740,2.3143
2024-02-13,DE0001030740,2.3209
2024-02-14,DE0001030740,2.3482
2024-02-15,DE0001030740,2.3298
2024-02-16,DE0001030740,2.389
2024-02-19,DE0001030740,2.4024
2024-02-20,DE0001030740,2.4062
2024-02-21,DE0001030740,2.4011
2024-02-22,DE0001030740,2.4811
2024-02-23,DE0001030740,2.529
2024-02-26,DE0001030740,2.444
2024-02-27,DE0001030740,2.4807
2024-02-28,DE0001030740,2.5026
2024-02-29,DE0001030740,2.5564
2024-03-01,DE0001030740,2.4752
2024-03-04,DE0001030740,2.4469
2024-03-05,DE0001030740,2.4537
2024-03-06,DE0001030740,2.4275
2024-03-07,DE0001030740,2.415
2024-03-08,DE0001030740,2.3369
2024-03-11,DE0001030740,2.3144
2024-03-12,DE0001030740,2.3482
2024-03-13,DE0001030740,2.3821
2024-03-14,DE0001030740,2.4299
2024-03-15,DE0001030740,2.4996
2024-03-18,DE0001030740,2.5106
2024-03-19,DE0001030740,2.4871
2024-03-20,DE0001030740,2.4606
2024-03-21,DE0001030740,2.4298
2024-03-22,DE0001030740,2.4085
2024-03-25,DE0001030740,2.3919
2024-03-26,DE0001030740,2.4171
2024-03-27,DE0001030740,2.406
2024-03-28,DE0001030740,2.403
2024-04-02,DE0001030740,2.3985
2024-04-03,DE0001030740,2.4055
2024-04-04,DE0001030740,2.4142
2024-04-05,DE0001030740,2.4049
2024-04-08,DE0001030740,2.4867
2024-04-09,DE0001030740,2.4753
2024-04-10,DE0001030740,2.4206
2024-04-11,DE0001030740,2.5471
2024-04-12,DE0001030740,2.4541
2024-04-15,DE0001030740,2.4435
2024-04-16,DE0001030740,2.4816
2024-04-17,DE0001030740,2.5198
2024-04-18,DE0001030740,2.5071
2024-04-19,DE0001030740,2.5382
2024-04-22,DE0001030740,2.5902
2024-04-23,DE0001030740,2.563
2024-04-24,DE0001030740,2.5891
2024-04-25,DE0001030740,2.6078
2024-04-26,DE0001030740,2.6645
2024-04-29,DE0001030740,2.5982
2024-04-30,DE0001030740,2.6298
2024-05-02,DE0001030740,2.6371
2024-05-03,DE0001030740,2.6339
2024-05-06,DE0001030740,2.5506
2024-05-07,DE0001030740,2.5484
2024-05-08,DE0001030740,2.5589
2024-05-09,DE0001030740,2.6158
2024-05-10,DE0001030740,2.5872
2024-05-13,DE0001030740,2.6306
2024-05-14,DE0001030740,2.5998
2024-05-15,DE0001030740,2.604
2024-05-16,DE0001030740,2.5529
2024-05-17,DE0001030740,2.5975
2024-05-20,DE0001030740,2.638
2024-05-21,DE0001030740,2.6327
2024-05-22,DE0001030740,2.6594
2024-05-23,DE0001030740,2.6981
2024-05-24,DE0001030740,2.7207
2024-05-27,DE0001030740,2.7359
2024-05-28,DE0001030740,2.6918
2024-05-29,DE0001030740,2.7187
2024-05-30,DE0001030740,2.7644
2024-05-31,DE0001030740,2.7969
2024-06-03,DE0001030740,2.7505
2024-06-04,DE0001030740,2.6704
2024-06-05,DE0001030740,2.6747
2024-06-06,DE0001030740,2.665
2024-06-07,DE0001030740,2.7139
2024-06-10,DE0001030740,2.7652
2024-06-11,DE0001030740,2.75
2024-06-12,DE0001030740,2.7054
2024-06-13,DE0001030740,2.6695
2024-06-14,DE0001030740,2.474
2024-06-17,DE0001030740,2.4791
2024-06-18,DE0001030740,2.5257
2024-06-19,DE0001030740,2.4843
2024-06-20,DE0001030740,2.533
2024-06-21,DE0001030740,2.4481
2024-06-24,DE0001030740,2.4728
2024-06-25,DE0001030740,2.4934
2024-06-26,DE0001030740,2.5042
2024-06-27,DE0001030740,2.517
2024-06-28,DE0001030740,2.5105
2024-07-01,DE0001030740,2.6213
2024-07-02,DE0001030740,2.6092
2024-07-03,DE0001030740,2.6434
2024-07-04,DE0001030740,2.6268
2024-07-05,DE0001030740,2.6368
2024-07-08,DE0001030740,2.6124
2024-07-09,DE0001030740,2.6068
2024-07-10,DE0001030740,2.5846
2024-07-11,DE0001030740,2.5912
2024-07-12,DE0001030740,2.5246
2024-07-15,DE0001030740,2.4967
2024-07-16,DE0001030740,2.4644
2024-07-17,DE0001030740,2.4421
2024-07-18,DE0001030740,2.4716
2024-07-19,DE0001030740,2.425
2024-07-22,DE0001030740,2.4937
2024-07-23,DE0001030740,2.4813
2024-07-24,DE0001030740,2.4187
2024-07-25,DE0001030740,2.3547
2024-07-26,DE0001030740,2.3948
2024-07-29,DE0001030740,2.3231
2024-07-30,DE0001030740,2.3373
2024-07-31,DE0001030740,2.2847
2024-08-01,DE0001030740,2.2538
2024-08-02,DE0001030740,2.181
2024-08-05,DE0001030740,2.022
2024-08-06,DE0001030740,2.1058
2024-08-07,DE0001030740,2.19
2024-08-08,DE0001030740,2.1019
2024-08-09,DE0001030740,2.1561
2024-08-12,DE0001030740,2.1602
2024-08-13,DE0001030740,2.1408
2024-08-14,DE0001030740,2.1214
2024-08-15,DE0001030740,2.1202
2024-08-16,DE0001030740,2.2018
2024-08-19,DE0001030740,2.1688
2024-08-20,DE0001030740,2.1865
2024-08-21,DE0001030740,2.1602
2024-08-22,DE0001030740,2.1421
2024-08-23,DE0001030740,2.1835
2024-08-26,DE0001030740,2.1435
2024-08-27,DE0001030740,2.1748
2024-08-28,DE0001030740,2.1654
2024-08-29,DE0001030740,2.1251
2024-08-30,DE0001030740,2.1377
2024-09-02,DE0001030740,2.1965
2024-09-03,DE0001030740,2.2007
2024-09-04,DE0001030740,2.1263
2024-09-05,DE0001030740,2.1045
2024-09-06,DE0001030740,2.0436
2024-09-09,DE0001030740,2.0682
2024-09-10,DE0001030740,2.0005
2024-09-11,DE0001030740,1.9396
2024-09-12,DE0001030740,1.9721
2024-09-13,DE0001030740,1.9779
2024-09-16,DE0001030740,2.0039
2024-09-17,DE0001030740,1.9568
2024-09-18,DE0001030740,2.0192
2024-09-19,DE0001030740,2.035
2024-09-20,DE0001030740,1.9976
2024-09-23,DE0001030740,1.9603
2024-09-24,DE0001030740,1.954
2024-09-25,DE0001030740,1.9162
2024-09-26,DE0001030740,1.8965
2024-09-27,DE0001030740,1.8942
2024-09-30,DE0001030740,1.9228
2024-10-01,DE0001030740,1.8403
2024-10-02,DE0001030740,1.8442
2024-10-03,DE0001030740,1.87
2024-10-04,DE0001030740,1.9297
2024-10-07,DE0001030740,2.0526
2024-10-08,DE0001030740,2.0358
2024-10-09,DE0001030740,2.0291
2024-10-10,DE0001030740,2.0839
2024-10-11,DE0001030740,2.0603
2024-10-14,DE0001030740,2.0539
2024-10-15,DE0001030740,2.0281
2024-10-16,DE0001030740,1.9949
2024-10-17,DE0001030740,2.0031
2024-10-18,DE0001030740,1.9437
2024-10-21,DE0001030740,1.963
2024-10-22,DE0001030740,2.0323
2024-10-23,DE0001030740,1.9975
2024-10-24,DE0001030740,1.946
2024-10-25,DE0001030740,1.9825
2024-10-28,DE0001030740,1.9707
2024-10-29,DE0001030740,2.0105
2024-10-30,DE0001030740,2.0397
2024-10-31,DE0001030740,2.1602
2024-11-01,DE0001030740,2.1502
2024-11-04,DE0001030740,2.1762
2024-11-05,DE0001030740,2.1589
2024-11-06,DE0001030740,2.0876
2024-11-07,DE0001030740,2.1186
2024-11-08,DE0001030740,2.0796
2024-11-11,DE0001030740,2.0405
2024-11-12,DE0001030740,2.0051
2024-11-13,DE0001030740,2.06
2024-11-14,DE0001030740,2.0475
2024-11-15,DE0001030740,2.001
2024-11-18,DE0001030740,2.0798
2024-11-19,DE0001030740,1.9932
2024-11-20,DE0001030740,2.0357
2024-11-21,DE0001030740,1.9903
2024-11-22,DE0001030740,1.8945
2024-11-25,DE0001030740,1.9332
2024-11-26,DE0001030740,1.9192
2024-11-27,DE0001030740,1.8906
2024-11-28,DE0001030740,1.9142
2024-11-29,DE0001030740,1.8892
2024-12-02,DE0001030740,1.7874
2024-12-03,DE0001030740,1.8207
2024-12-04,DE0001030740,1.8432
2024-12-05,DE0001030740,1.8429
2024-12-06,DE0001030740,1.9188
2024-12-09,DE0001030740,1.8751
2024-12-10,DE0001030740,1.8628
2024-12-11,DE0001030740,1.832
2024-12-12,DE0001030740,1.8594
2024-12-13,DE0001030740,1.9229
2024-12-16,DE0001030740,1.9309
2024-12-17,DE0001030740,1.9278
2024-12-18,DE0001030740,1.9228
2024-12-19,DE0001030740,1.9339
2024-12-20,DE0001030740,1.9184
2024-12-23,DE0001030740,1.9288
2024-12-27,DE0001030740,1.9839
2024-12-30,DE0001030740,1.9927
2025-01-02,DE0001030740,1.9575
2025-01-03,DE0001030740,2.0188
2025-01-06,DE0001030740,2.0926
2025-01-07,DE0001030740,2.0762
2025-01-08,DE0001030740,2.0915
2025-01-09,DE0001030740,2.1294
2025-01-10,DE0001030740,2.1629
2025-01-13,DE0001030740,2.2203
2025-01-14,DE0001030740,2.2135
2025-01-15,DE0001030740,2.2298
2025-01-16,DE0001030740,2.1981
2025-01-17,DE0001030740,2.1541
2025-01-20,DE0001030740,2.1685
2025-01-21,DE0001030740,2.1538
2025-01-22,DE0001030740,2.145
2025-01-23,DE0001030740,2.1708
2025-01-24,DE0001030740,2.2224
2025-01-27,DE0001030740,2.1842
2025-01-28,DE0001030740,2.2027
2025-01-29,DE0001030740,2.1821
2025-01-30,DE0001030740,2.1671
2025-01-31,DE0001030740,2.0838
2025-02-03,DE0001030740,1.9888
2025-02-04,DE0001030740,2.0208
2025-02-05,DE0001030740,1.9609
2025-02-06,DE0001030740,2.0099
2025-02-07,DE0001030740,1.9949
2025-02-10,DE0001030740,1.9819
2025-02-11,DE0001030740,1.9963
2025-02-12,DE0001030740,2.0463
2025-02-13,DE0001030740,2.0644
2025-02-14,DE0001030740,2.0255
2025-02-17,DE0001030740,2.0857
2025-02-18,DE0001030740,2.0826
2025-02-19,DE0001030740,2.0953
2025-02-20,DE0001030740,2.1177
2025-02-21,DE0001030740,2.0686
2025-02-24,DE0001030740,2.0442
2025-02-25,DE0001030740,2.0174
2025-02-26,DE0001030740,1.997
2025-02-27,DE0001030740,2.002
2025-02-28,DE0001030740,1.9478
2025-03-03,DE0001030740,1.9906
2025-03-04,DE0001030740,1.9672
2025-03-05,DE0001030740,2.133
2025-03-06,DE0001030740,2.2168
2025-03-07,DE0001030740,2.2157
2025-03-10,DE0001030740,2.1881
2025-03-11,DE0001030740,2.2013
2025-03-12,DE0001030740,2.2206
2025-03-13,DE0001030740,2.2194
2025-03-14,DE0001030740,2.1773
2025-03-17,DE0001030740,2.1639
2025-03-18,DE0001030740,2.1812
2025-03-19,DE0001030740,2.1432
2025-03-20,DE0001030740,2.1417
2025-03-21,DE0001030740,2.1221
2025-03-24,DE0001030740,2.1205
2025-03-25,DE0001030740,2.1403
2025-03-26,DE0001030740,2.1172
2025-03-27,DE0001030740,2.0892
2025-03-28,DE0001030740,2.0322
2025-03-31,DE0001030740,1.9719
2025-04-01,DE0001030740,1.9974
2025-04-02,DE0001030740,1.9981
2025-04-03,DE0001030740,1.9299
2025-04-04,DE0001030740,1.8395
2025-04-07,DE0001030740,1.6525
2025-04-08,DE0001030740,1.8407
2025-04-09,DE0001030740,1.7585
2025-04-10,DE0001030740,1.8459
2025-04-11,DE0001030740,1.7356
2025-04-14,DE0001030740,1.7713
2025-04-15,DE0001030740,1.7573
2025-04-16,DE0001030740,1.7303
2025-04-17,DE0001030740,1.7941
2025-04-22,DE0001030740,1.6603
2025-04-23,DE0001030740,1.7235
2025-04-24,DE0001030740,1.6976
2025-04-25,DE0001030740,1.7191
2025-04-28,DE0001030740,1.7343
2025-04-29,DE0001030740,1.7141
2025-04-30,DE0001030740,1.7092
2025-05-02,DE0001030740,1.716
2025-05-05,DE0001030740,1.7598
2025-05-06,DE0001030740,1.7573
2025-05-07,DE0001030740,1.7386
2025-05-08,DE0001030740,1.7401
2025-05-09,DE0001030740,1.7933
2025-05-12,DE0001030740,1.8913
2025-05-13,DE0001030740,1.9178
2025-05-14,DE0001030740,1.9142
2025-05-15,DE0001030740,1.9033
2025-05-16,DE0001030740,1.8347
2025-05-19,DE0001030740,1.8592
2025-05-20,DE0001030740,1.8013
2025-05-21,DE0001030740,1.8582
2025-05-22,DE0001030740,1.8188
2025-05-23,DE0001030740,1.8216
2025-05-26,DE0001030740,1.7829
2025-05-27,DE0001030740,1.7552
2025-05-28,DE0001030740,1.7871
2025-05-29,DE0001030740,1.8024
2025-05-30,DE0001030740,1.76
2025-06-02,DE0001030740,1.7824
2025-06-03,DE0001030740,1.7588
2025-06-04,DE0001030740,1.7792
2025-06-05,DE0001030740,1.7654
2025-06-06,DE0001030740,1.83
2025-06-09,DE0001030740,1.8262
2025-06-10,DE0001030740,1.8379
2025-06-11,DE0001030740,1.8363
2025-06-12,DE0001030740,1.807
2025-06-13,DE0001030740,1.8031
2025-06-16,DE0001030740,1.8484
2025-06-17,DE0001030740,1.8334
2025-06-18,DE0001030740,1.8407
2025-06-19,DE0001030740,1.8359
2025-06-20,DE0001030740,1.8208
2025-06-23,DE0001030740,1.8417
2025-06-24,DE0001030740,1.8175
2025-06-25,DE0001030740,1.8204
2025-06-26,DE0001030740,1.8132
2025-06-27,DE0001030740,1.8161
2025-06-30,DE0001030740,1.828
2025-07-01,DE0001030740,1.8082
2025-07-02,DE0001030740,1.8361
2025-07-03,DE0001030740,1.8312
2025-07-04,DE0001030740,1.7839
2025-07-07,DE0001030740,1.7982
2025-07-08,DE0001030740,1.8561
2025-07-09,DE0001030740,1.8526
2025-07-10,DE0001030740,1.8472
2025-07-11,DE0001030740,1.8894
2025-07-14,DE0001030740,1.8578
2025-07-15,DE0001030740,1.84
2025-07-16,DE0001030740,1.8383
2025-07-17,DE0001030740,1.8241
2025-07-18,DE0001030740,1.8433
2025-07-21,DE0001030740,1.8021
2025-07-22,DE0001030740,1.7934
2025-07-23,DE0001030740,1.7917
2025-07-24,DE0001030740,1.8286
2025-07-25,DE0001030740,1.9302
2025-07-28,DE0001030740,1.8952
2025-07-29,DE0001030740,1.8969
2025-07-30,DE0001030740,1.9094
2025-07-31,DE0001030740,1.933
2025-08-01,DE0001030740,1.9319
2025-08-04,DE0001030740,1.8962
2025-08-05,DE0001030740,1.8708
2025-08-06,DE0001030740,1.8763
2025-08-07,DE0001030740,1.8737
2025-08-08,DE0001030740,1.9059
2025-08-11,DE0001030740,1.9167
2025-08-12,DE0001030740,1.9271
2025-08-13,DE0001030740,1.8982
2025-08-14,DE0001030740,1.887
2025-08-15,DE0001030740,1.9118
2025-08-18,DE0001030740,1.9237
2025-08-19,DE0001030740,1.9293
2025-08-20,DE0001030740,1.9059
2025-08-21,DE0001030740,1.9204
2025-08-22,DE0001030740,1.9334
2025-08-25,DE0001030740,1.9269
2025-08-26,DE0001030740,1.9009
2025-08-27,DE0001030740,1.8894
2025-08-28,DE0001030740,1.8917
2025-08-29,DE0001030740,1.895
2025-09-01,DE0001030740,1.9178
2025-09-02,DE0001030740,1.9334
2025-09-03,DE0001030740,1.9268
2025-09-04,DE0001030740,1.8996
2025-09-05,DE0001030740,1.9103
2025-09-08,DE0001030740,1.8789
2025-09-09,DE0001030740,1.8822
2025-09-10,DE0001030740,1.8904
2025-09-11,DE0001030740,1.9252
2025-09-12,DE0001030740,1.9735
2025-09-15,DE0001030740,1.9544
2025-09-16,DE0001030740,1.9703
2025-09-17,DE0001030740,1.9536
2025-09-18,DE0001030740,1.9537
2025-09-19,DE0001030740,1.9672
2025-09-22,DE0001030740,1.9706
2025-09-23,DE0001030740,1.9766
2025-09-24,DE0001030740,1.975
2025-09-25,DE0001030740,1.9777
2025-09-26,DE0001030740,1.9914
2025-09-29,DE0001030740,1.977
2025-09-30,DE0001030740,1.9779
2025-10-01,DE0001030740,1.9814
2025-10-02,DE0001030740,1.9713
2025-10-03,DE0001030740,1.9733
2025-10-06,DE0001030740,1.9551
2025-10-07,DE0001030740,1.9632
2025-10-08,DE0001030740,1.9502
2025-10-09,DE0001030740,1.9477
2025-10-10,DE0001030740,1.945
2025-10-13,DE0001030740,1.8991
2025-10-14,DE0001030740,1.8636
2025-10-15,DE0001030740,1.8773
2025-10-16,DE0001030740,1.8676
2025-10-17,DE0001030740,1.8287
2025-10-20,DE0001030740,1.8681
2025-10-21,DE0001030740,1.8684
2025-10-22,DE0001030740,1.8487
2025-10-23,DE0001030740,1.872
2025-10-24,DE0001030740,1.915
2025-10-27,DE0001030740,1.9285
2025-10-28,DE0001030740,1.9182
2025-10-29,DE0001030740,1.9254
2025-10-30,DE0001030740,1.9456
2025-10-31,DE0001030740,1.9369
2025-11-03,DE0001030740,1.9244
2025-11-04,DE0001030740,1.9247
2025-11-05,DE0001030740,1.9261
2025-11-06,DE0001030740,1.933
2025-11-07,DE0001030740,1.9403
2025-11-10,DE0001030740,1.9412
2025-11-11,DE0001030740,1.9421
2025-11-12,DE0001030740,1.9484
2025-11-13,DE0001030740,1.943
2025-11-14,DE0001030740,1.9657
2025-11-17,DE0001030740,1.9693
2025-11-18,DE0001030740,1.9593
2025-11-19,DE0001030740,1.9548
2025-11-20,DE0001030740,1.9631
2025-11-21,DE0001030740,1.9255
2025-11-24,DE0001030740,1.9512
2025-11-25,DE0001030740,1.9549
2025-11-26,DE0001030740,1.9503
2025-11-27,DE0001030740,1.9669
2025-11-28,DE0001030740,1.9706
2025-12-01,DE0001030740,1.985
2025-12-02,DE0001030740,2.0088
2025-12-03,DE0001030740,1.9931
2025-12-04,DE0001030740,1.9961
2025-12-05,DE0001030740,2.0111
2025-12-08,DE0001030740,2.0628
2025-12-09,DE0001030740,2.0921
2025-12-10,DE0001030740,2.1216
2025-12-11,DE0001030740,2.1081
2025-12-12,DE0001030740,2.1036
2025-12-15,DE0001030740,2.0906
2025-12-16,DE0001030740,2.0803
2025-12-17,DE0001030740,2.0615
2025-12-18,DE0001030740,2.0591
2025-12-19,DE0001030740,2.0775
2025-12-22,DE0001030740,2.0902
2025-12-23,DE0001030740,2.0787
2025-12-29,DE0001030740,2.0694
2025-12-30,DE0001030740,2.0543
2026-01-02,DE0001030740,2.0588
2026-01-05,DE0001030740,2.0776
2026-01-06,DE0001030740,2.0494
2026-01-07,DE0001030740,2.0141
2026-01-08,DE0001030740,2.0345
2026-01-09,DE0001030740,2.0386
2026-01-12,DE0001030740,2.0361
2026-01-13,DE0001030740,2.0456
2026-01-14,DE0001030740,2.0348
2026-01-15,DE0001030740,2.0263
2026-01-16,DE0001030740,2.0454
2026-01-19,DE0001030740,2.0166
2026-01-20,DE0001030740,2.0183
2026-01-21,DE0001030740,2.0038
2026-01-22,DE0001030740,2.0361
2026-01-23,DE0001030740,2.0711
2026-01-26,DE0001030740,2.0524
2026-01-27,DE0001030740,2.0523
2026-01-28,DE0001030740,2.0146
2026-01-29,DE0001030740,2.015
2026-01-30,DE0001030740,2.007
2026-02-02,DE0001030740,2.0203
2026-02-03,DE0001030740,2.0436
2026-02-04,DE0001030740,2.0343
2026-02-05,DE0001030740,2.0187
2026-02-06,DE0001030740,1.9995
2026-02-09,DE0001030740,2.0155
2026-02-10,DE0001030740,1.9986
2026-02-11,DE0001030740,1.9874
2026-02-12,DE0001030740,1.9994
2026-02-13,DE0001030740,1.9825
2026-02-16,DE0001030740,1.9805
2026-02-17,DE0001030740,1.9565
2026-02-18,DE0001030740,1.967
2026-02-19,DE0001030740,1.9861
2026-02-20,DE0001030740,1.984
2026-02-23,DE0001030740,1.9852
2026-02-24,DE0001030740,1.9705
2026-02-25,DE0001030740,1.9874
2026-02-26,DE0001030740,1.9845
2026-02-27,DE0001030740,1.9697
2026-03-02,DE0001030740,1.974
2026-03-03,DE0001030740,2.1279
2026-03-04,DE0001030740,2.1145
2026-03-05,DE0001030740,2.1244
2026-03-06,DE0001030740,2.2083
2026-03-09,DE0001030740,2.3298
2026-03-10,DE0001030740,2.1977
2026-03-11,DE0001030740,2.2678
2026-03-12,DE0001030740,2.3057
2026-03-13,DE0001030740,2.3272
2026-03-16,DE0001030740,2.3356
2026-03-17,DE0001030740,2.3142
2026-03-18,DE0001030740,2.306
2026-03-19,DE0001030740,2.4413
2026-03-20,DE0001030740,2.5673
2026-03-23,DE0001030740,2.6705
2026-03-24,DE0001030740,2.5616
2026-03-25,DE0001030740,2.5605
2026-03-26,DE0001030740,2.6011
2026-03-27,DE0001030740,2.6748
2026-03-30,DE0001030740,2.6125
2026-03-31,DE0001030740,2.5671
2026-04-01,DE0001030740,2.5011
2026-04-02,DE0001030740,2.5784
2026-04-07,DE0001030740,2.583
2026-04-08,DE0001030740,2.4479
2026-04-09,DE0001030740,2.5165
2026-04-10,DE0001030740,2.4895
2026-04-13,DE0001030740,2.5516
2026-04-14,DE0001030740,2.5225
2026-04-15,DE0001030740,2.4758
2026-04-16,DE0001030740,2.4472
2026-04-17,DE0001030740,2.4493
2026-04-20,DE0001030740,2.3986
2026-04-21,DE0001030740,2.3971
2026-04-22,DE0001030740,2.4521
2026-04-23,DE0001030740,2.509
2026-04-24,DE0001030740,2.5319
2026-04-27,DE0001030740,2.4771
2026-04-28,DE0001030740,2.5437
2026-04-29,DE0001030740,2.6
2026-04-30,DE0001030740,2.6459
2026-05-04,DE0001030740,2.5977
2026-05-05,DE0001030740,2.6074
2026-05-06,DE0001030740,2.5081
2026-05-07,DE0001030740,2.4858
2026-05-08,DE0001030740,2.5064
2026-05-11,DE0001030740,2.5483
2026-05-12,DE0001030740,2.614
2026-05-13,DE0001030740,2.5981
2026-05-14,DE0001030740,2.5871
2026-05-15,DE0001030740,2.6156
2026-05-18,DE0001030740,2.6256
2026-05-19,DE0001030740,2.5983
2026-05-20,DE0001030740,2.5971
2026-05-21,DE0001030740,2.541
2026-05-22,DE0001030740,2.5509
2026-05-25,DE0001030740,2.4631
2026-05-26,DE0001030740,2.4993
2026-05-27,DE0001030740,2.479
2026-05-28,DE0001030740,2.5248
2026-05-29,DE0001030740,2.4702
2026-06-01,DE0001030740,2.5137
2026-06-02,DE0001030740,2.5238
2026-06-03,DE0001030740,2.5914
2026-06-04,DE0001030740,2.5931
2026-06-05,DE0001030740,2.5748
2026-06-08,DE0001030740,2.6356
2026-06-09,DE0001030740,2.5994
2026-06-10,DE0001030740,2.6099
2026-06-11,DE0001030740,2.6258
2026-06-12,DE0001030740,2.5422
2026-06-15,DE0001030740,2.4899
2026-06-16,DE0001030740,2.5026
2026-06-17,DE0001030740,2.5106
2026-06-18,DE0001030740,2.5499
2026-06-19,DE0001030740,2.5628
2026-06-22,DE0001030740,2.5551
2026-06-23,DE0001030740,2.5059
2026-06-24,DE0001030740,2.5044
2026-06-25,DE0001030740,2.488
2026-06-26,DE0001030740,2.4583
2026-06-29,DE0001030740,2.4688
2026-06-30,DE0001030740,2.4551
2026-07-01,DE0001030740,2.4536
2026-07-02,DE0001030740,2.4529
2026-07-03,DE0001030740,2.4472
2026-07-06,DE0001030740,2.4488
2026-07-07,DE0001030740,2.4899
2026-07-08,DE0001030740,2.5937
2026-07-09,DE0001030740,2.5906
2026-07-10,DE0001030740,2.5685
2026-07-13,DE0001030740,2.5929
2026-07-14,DE0001030740,2.6827
2026-07-15,DE0001030740,2.6422
2026-07-16,DE0001030740,2.6494
2026-07-17,DE0001030740,2.6685
2026-07-20,DE0001030740,2.6843
2026-07-21,DE0001030740,2.6704
2026-07-22,DE0001030740,2.6956
2026-07-23,DE0001030740,2.7599
2026-07-24,DE0001030740,2.7288
2026-07-27,DE0001030740,2.6804
2026-07-28,DE0001030740,2.6491
2026-07-29,DE0001030740,2.6694
2026-07-30,DE0001030740,2.6832
2026-07-31,DE0001030740,2.6733
2026-08-03,DE0001030740,2.6678
2026-08-04,DE0001030740,2.6797
2026-08-05,DE0001030740,2.6258
2026-08-06,DE0001030740,2.6351
2026-08-07,DE0001030740,2.6515
2026-08-10,DE0001030740,2.6529
2026-08-11,DE0001030740,2.6979
2026-08-12,DE0001030740,2.6763
2026-08-13,DE0001030740,2.6726
2026-08-14,DE0001030740,2.6723
2026-08-17,DE0001030740,2.6891
2026-08-18,DE0001030740,2.7141
2026-08-19,DE0001030740,2.7248
2026-08-20,DE0001030740,2.736
2026-08-21,DE0001030740,2.7093
2026-08-24,DE0001030740,2.7191
2026-08-25,DE0001030740,2.741
2026-08-26,DE0001030740,2.6892
2026-08-27,DE0001030740,2.7273
2026-08-28,DE0001030740,2.7401
2026-08-31,DE0001030740,2.7717
2026-09-01,DE0001030740,2.8128
2026-09-02,DE0001030740,2.8448
2026-09-03,DE0001030740,2.828
2026-09-04,DE0001030740,2.8176
2026-09-07,DE0001030740,2.8167
2026-09-08,DE0001030740,2.8491
2026-09-09,DE0001030740,2.8569
2026-09-10,DE0001030740,2.8842
2026-09-11,DE0001030740,3.0335
2026-09-14,DE0001030740,3.0866
2026-09-15,DE0001030740,3.1058
2026-09-16,DE0001030740,3.0762
2026-09-17,DE0001030740,3.0802
2026-09-18,DE0001030740,3.0799
2026-09-21,DE0001030740,3.0707
2026-09-22,DE0001030740,3.0466
2026-09-23,DE0001030740,3.0701
2026-09-24,DE0001030740,3.1223
2026-09-25,DE0001030740,3.0849
2026-09-28,DE0001030740,3.1159
2026-09-29,DE0001030740,3.0823
2026-09-30,DE0001030740,3.0516
2026-10-01,DE0001030740,3.0392
2023-06-16,DE0001030757,2.548
2023-06-19,DE0001030757,2.561
2023-06-20,DE0001030757,2.562
2023-06-21,DE0001030757,2.457
2023-06-22,DE0001030757,2.464
2023-06-23,DE0001030757,2.394
2023-06-26,DE0001030757,2.365
2023-06-27,DE0001030757,2.375
2023-06-28,DE0001030757,2.371
2023-06-29,DE0001030757,2.372
2023-06-30,DE0001030757,2.437
2023-07-03,DE0001030757,2.341
2023-07-04,DE0001030757,2.432
2023-07-05,DE0001030757,2.404
2023-07-06,DE0001030757,2.52
2023-07-07,DE0001030757,2.613
2023-07-10,DE0001030757,2.656
2023-07-11,DE0001030757,2.589
2023-07-12,DE0001030757,2.626
2023-07-13,DE0001030757,2.52
2023-07-14,DE0001030757,2.496
2023-07-17,DE0001030757,2.495
2023-07-18,DE0001030757,2.434
2023-07-19,DE0001030757,2.372
2023-07-20,DE0001030757,2.447
2023-07-21,DE0001030757,2.494
2023-07-24,DE0001030757,2.44
2023-07-25,DE0001030757,2.474
2023-07-26,DE0001030757,2.474
2023-07-27,DE0001030757,2.532
2023-07-28,DE0001030757,2.573
2023-07-31,DE0001030757,2.583
2023-08-01,DE0001030757,2.564
2023-08-02,DE0001030757,2.602
2023-08-03,DE0001030757,2.66
2023-08-04,DE0001030757,2.665
2023-08-07,DE0001030757,2.657
2023-08-08,DE0001030757,2.555
2023-08-09,DE0001030757,2.539
2023-08-10,DE0001030757,2.604
2023-08-11,DE0001030757,2.644
2023-08-14,DE0001030757,2.686
2023-08-15,DE0001030757,2.745
2023-08-16,DE0001030757,2.73
2023-08-17,DE0001030757,2.762
2023-08-18,DE0001030757,2.696
2023-08-21,DE0001030757,2.744
2023-08-22,DE0001030757,2.736
2023-08-23,DE0001030757,2.63
2023-08-24,DE0001030757,2.575
2023-08-25,DE0001030757,2.64
2023-08-28,DE0001030757,2.654
2023-08-29,DE0001030757,2.636
2023-08-30,DE0001030757,2.651
2023-08-31,DE0001030757,2.606
2023-09-01,DE0001030757,2.592
2023-09-04,DE0001030757,2.682
2023-09-05,DE0001030757,2.721
2023-09-06,DE0001030757,2.74
2023-09-07,DE0001030757,2.74
2023-09-08,DE0001030757,2.716
2023-09-11,DE0001030757,2.738
2023-09-12,DE0001030757,2.739
2023-09-13,DE0001030757,2.781009
2023-09-14,DE0001030757,2.731
2023-09-15,DE0001030757,2.764
2023-09-18,DE0001030757,2.807
2023-09-19,DE0001030757,2.825
2023-09-20,DE0001030757,2.857
2023-09-21,DE0001030757,2.864
2023-09-22,DE0001030757,2.861
2023-09-25,DE0001030757,2.938
2023-09-26,DE0001030757,2.977
2023-09-27,DE0001030757,2.96
2023-09-28,DE0001030757,3.084
2023-09-29,DE0001030757,3.015
2023-10-02,DE0001030757,3.061
2023-10-03,DE0001030757,3.147
2023-10-04,DE0001030757,3.171
2023-10-05,DE0001030757,3.163
2023-10-06,DE0001030757,3.113
2023-10-09,DE0001030757,3.072
2023-10-10,DE0001030757,3.02
2023-10-11,DE0001030757,2.915
2023-10-12,DE0001030757,2.909
2023-10-13,DE0001030757,2.923
2023-10-16,DE0001030757,2.979
2023-10-17,DE0001030757,2.996
2023-10-18,DE0001030757,3.069
2023-10-19,DE0001030757,3.097
2023-10-20,DE0001030757,3.096
2023-10-23,DE0001030757,3.148
2023-10-24,DE0001030757,2.977
2023-10-25,DE0001030757,3.05
2023-10-26,DE0001030757,3.104
2023-10-27,DE0001030757,3.087
2023-10-30,DE0001030757,3.091
2023-10-31,DE0001030757,3.043
2023-11-01,DE0001030757,3.115
2023-11-02,DE0001030757,3.004
2023-11-03,DE0001030757,2.988
2023-11-06,DE0001030757,2.959
2023-11-07,DE0001030757,2.932
2023-11-08,DE0001030757,2.829
2023-11-09,DE0001030757,2.863
2023-11-10,DE0001030757,2.944
2023-11-13,DE0001030757,2.897
2023-11-14,DE0001030757,2.883
2023-11-15,DE0001030757,2.804
2023-11-16,DE0001030757,2.831
2023-11-17,DE0001030757,2.747
2023-11-20,DE0001030757,2.794
2023-11-21,DE0001030757,2.763
2023-11-22,DE0001030757,2.752
2023-11-23,DE0001030757,2.75
2023-11-24,DE0001030757,2.803
2023-11-27,DE0001030757,2.797
2023-11-28,DE0001030757,2.744
2023-11-29,DE0001030757,2.684
2023-11-30,DE0001030757,2.662
2023-12-01,DE0001030757,2.656
2023-12-04,DE0001030757,2.613
2023-12-05,DE0001030757,2.536
2023-12-06,DE0001030757,2.452
2023-12-07,DE0001030757,2.356
2023-12-08,DE0001030757,2.436
2023-12-11,DE0001030757,2.432
2023-12-12,DE0001030757,2.399
2023-12-13,DE0001030757,2.355
2023-12-14,DE0001030757,2.276
2023-12-15,DE0001030757,2.227
2023-12-18,DE0001030757,2.198
2023-12-19,DE0001030757,2.218
2023-12-20,DE0001030757,2.178
2023-12-21,DE0001030757,2.151
2023-12-22,DE0001030757,2.156
2023-12-27,DE0001030757,2.146
2023-12-28,DE0001030757,2.148
2023-12-29,DE0001030757,2.252
2024-01-02,DE0001030757,2.3244
2024-01-03,DE0001030757,2.2951
2024-01-04,DE0001030757,2.3058
2024-01-05,DE0001030757,2.3611
2024-01-08,DE0001030757,2.3715
2024-01-09,DE0001030757,2.4102
2024-01-10,DE0001030757,2.3787
2024-01-11,DE0001030757,2.3799
2024-01-12,DE0001030757,2.3686
2024-01-15,DE0001030757,2.4109
2024-01-16,DE0001030757,2.4141
2024-01-17,DE0001030757,2.4392
2024-01-18,DE0001030757,2.4682
2024-01-19,DE0001030757,2.4813
2024-01-22,DE0001030757,2.4483
2024-01-23,DE0001030757,2.4757
2024-01-24,DE0001030757,2.5065
2024-01-25,DE0001030757,2.5371
2024-01-26,DE0001030757,2.4759
2024-01-29,DE0001030757,2.4565
2024-01-30,DE0001030757,2.4633
2024-01-31,DE0001030757,2.4345
2024-02-01,DE0001030757,2.4488
2024-02-02,DE0001030757,2.3643
2024-02-05,DE0001030757,2.4789
2024-02-06,DE0001030757,2.5258
2024-02-07,DE0001030757,2.5029
2024-02-08,DE0001030757,2.5164
2024-02-09,DE0001030757,2.5432
2024-02-12,DE0001030757,2.5422
2024-02-13,DE0001030757,2.5482
2024-02-14,DE0001030757,2.53
2024-02-15,DE0001030757,2.47
2024-02-16,DE0001030757,2.5393
2024-02-19,DE0001030757,2.5367
2024-02-20,DE0001030757,2.5292
2024-02-21,DE0001030757,2.5427
2024-02-22,DE0001030757,2.5683
2024-02-23,DE0001030757,2.5585
2024-02-26,DE0001030757,2.4974
2024-02-27,DE0001030757,2.5489
2024-02-28,DE0001030757,2.6001
2024-02-29,DE0001030757,2.6107
2024-03-01,DE0001030757,2.5282
2024-03-04,DE0001030757,2.5127
2024-03-05,DE0001030757,2.5005
2024-03-06,DE0001030757,2.4825
2024-03-07,DE0001030757,2.4174
2024-03-08,DE0001030757,2.4106
2024-03-11,DE0001030757,2.4232
2024-03-12,DE0001030757,2.4301
2024-03-13,DE0001030757,2.4474
2024-03-14,DE0001030757,2.5192
2024-03-15,DE0001030757,2.5612
2024-03-18,DE0001030757,2.5864
2024-03-19,DE0001030757,2.575
2024-03-20,DE0001030757,2.5658
2024-03-21,DE0001030757,2.5557
2024-03-22,DE0001030757,2.5271
2024-03-25,DE0001030757,2.4983
2024-03-26,DE0001030757,2.4941
2024-03-27,DE0001030757,2.4794
2024-03-28,DE0001030757,2.4519
2024-04-02,DE0001030757,2.5211
2024-04-03,DE0001030757,2.5573
2024-04-04,DE0001030757,2.5359
2024-04-05,DE0001030757,2.5187
2024-04-08,DE0001030757,2.6007
2024-04-09,DE0001030757,2.5296
2024-04-10,DE0001030757,2.49
2024-04-11,DE0001030757,2.5638
2024-04-12,DE0001030757,2.5072
2024-04-15,DE0001030757,2.5363
2024-04-16,DE0001030757,2.5913
2024-04-17,DE0001030757,2.6034
2024-04-18,DE0001030757,2.5691
2024-04-19,DE0001030757,2.5806
2024-04-22,DE0001030757,2.639
2024-04-23,DE0001030757,2.6059
2024-04-24,DE0001030757,2.672
2024-04-25,DE0001030757,2.7155
2024-04-26,DE0001030757,2.7269
2024-04-29,DE0001030757,2.6601
2024-04-30,DE0001030757,2.6601
2024-05-02,DE0001030757,2.6519
2024-05-03,DE0001030757,2.6325
2024-05-06,DE0001030757,2.5667
2024-05-07,DE0001030757,2.5532
2024-05-08,DE0001030757,2.5489
2024-05-09,DE0001030757,2.618
2024-05-10,DE0001030757,2.5845
2024-05-13,DE0001030757,2.6336
2024-05-14,DE0001030757,2.6353
2024-05-15,DE0001030757,2.6149
2024-05-16,DE0001030757,2.5647
2024-05-17,DE0001030757,2.6206
2024-05-20,DE0001030757,2.6468
2024-05-21,DE0001030757,2.6346
2024-05-22,DE0001030757,2.6519
2024-05-23,DE0001030757,2.6594
2024-05-24,DE0001030757,2.6812
2024-05-27,DE0001030757,2.6982
2024-05-28,DE0001030757,2.6652
2024-05-29,DE0001030757,2.7341
2024-05-30,DE0001030757,2.79
2024-05-31,DE0001030757,2.8045
2024-06-03,DE0001030757,2.759
2024-06-04,DE0001030757,2.6881
2024-06-05,DE0001030757,2.6786
2024-06-06,DE0001030757,2.663
2024-06-07,DE0001030757,2.6866
2024-06-10,DE0001030757,2.763
2024-06-11,DE0001030757,2.7849
2024-06-12,DE0001030757,2.7431
2024-06-13,DE0001030757,2.6865
2024-06-14,DE0001030757,2.5575
2024-06-17,DE0001030757,2.5305
2024-06-18,DE0001030757,2.562
2024-06-19,DE0001030757,2.5344
2024-06-20,DE0001030757,2.5781
2024-06-21,DE0001030757,2.5443
2024-06-24,DE0001030757,2.5859
2024-06-25,DE0001030757,2.5881
2024-06-26,DE0001030757,2.6025
2024-06-27,DE0001030757,2.6348
2024-06-28,DE0001030757,2.6348
2024-07-01,DE0001030757,2.7495
2024-07-02,DE0001030757,2.7795
2024-07-03,DE0001030757,2.7744
2024-07-04,DE0001030757,2.747
2024-07-05,DE0001030757,2.727
2024-07-08,DE0001030757,2.7243
2024-07-09,DE0001030757,2.7084
2024-07-10,DE0001030757,2.6881
2024-07-11,DE0001030757,2.6889
2024-07-12,DE0001030757,2.6799
2024-07-15,DE0001030757,2.6536
2024-07-16,DE0001030757,2.6142
2024-07-17,DE0001030757,2.5806
2024-07-18,DE0001030757,2.6045
2024-07-19,DE0001030757,2.6128
2024-07-22,DE0001030757,2.6574
2024-07-23,DE0001030757,2.6452
2024-07-24,DE0001030757,2.6191
2024-07-25,DE0001030757,2.626
2024-07-26,DE0001030757,2.6432
2024-07-29,DE0001030757,2.5502
2024-07-30,DE0001030757,2.5688
2024-07-31,DE0001030757,2.5438
2024-08-01,DE0001030757,2.4953
2024-08-02,DE0001030757,2.4336
2024-08-05,DE0001030757,2.3734
2024-08-06,DE0001030757,2.3745
2024-08-07,DE0001030757,2.4656
2024-08-08,DE0001030757,2.454
2024-08-09,DE0001030757,2.4658
2024-08-12,DE0001030757,2.4568
2024-08-13,DE0001030757,2.4515
2024-08-14,DE0001030757,2.4351
2024-08-15,DE0001030757,2.4231
2024-08-16,DE0001030757,2.4432
2024-08-19,DE0001030757,2.4164
2024-08-20,DE0001030757,2.4439
2024-08-21,DE0001030757,2.4317
2024-08-22,DE0001030757,2.4409
2024-08-23,DE0001030757,2.4669
2024-08-26,DE0001030757,2.4633
2024-08-27,DE0001030757,2.4997
2024-08-28,DE0001030757,2.4831
2024-08-29,DE0001030757,2.4763
2024-08-30,DE0001030757,2.4908
2024-09-02,DE0001030757,2.569
2024-09-03,DE0001030757,2.5559
2024-09-04,DE0001030757,2.4792
2024-09-05,DE0001030757,2.4515
2024-09-06,DE0001030757,2.4004
2024-09-09,DE0001030757,2.4847
2024-09-10,DE0001030757,2.4194
2024-09-11,DE0001030757,2.3764
2024-09-12,DE0001030757,2.4069
2024-09-13,DE0001030757,2.4049
2024-09-16,DE0001030757,2.4144
2024-09-17,DE0001030757,2.3657
2024-09-18,DE0001030757,2.4234
2024-09-19,DE0001030757,2.4671
2024-09-20,DE0001030757,2.4527
2024-09-23,DE0001030757,2.4768
2024-09-24,DE0001030757,2.5178
2024-09-25,DE0001030757,2.4667
2024-09-26,DE0001030757,2.4599
2024-09-27,DE0001030757,2.4371
2024-09-30,DE0001030757,2.4798
2024-10-01,DE0001030757,2.3793
2024-10-02,DE0001030757,2.3992
2024-10-03,DE0001030757,2.4538
2024-10-04,DE0001030757,2.4828
2024-10-07,DE0001030757,2.5141
2024-10-08,DE0001030757,2.5326
2024-10-09,DE0001030757,2.5109
2024-10-10,DE0001030757,2.5399
2024-10-11,DE0001030757,2.5662
2024-10-14,DE0001030757,2.54
2024-10-15,DE0001030757,2.5053
2024-10-16,DE0001030757,2.4789
2024-10-17,DE0001030757,2.4963
2024-10-18,DE0001030757,2.5077
2024-10-21,DE0001030757,2.5463
2024-10-22,DE0001030757,2.6242
2024-10-23,DE0001030757,2.6327
2024-10-24,DE0001030757,2.5834
2024-10-25,DE0001030757,2.5779
2024-10-28,DE0001030757,2.5852
2024-10-29,DE0001030757,2.6096
2024-10-30,DE0001030757,2.5709
2024-10-31,DE0001030757,2.6232
2024-11-01,DE0001030757,2.6266
2024-11-04,DE0001030757,2.6155
2024-11-05,DE0001030757,2.6028
2024-11-06,DE0001030757,2.6206
2024-11-07,DE0001030757,2.726
2024-11-08,DE0001030757,2.6253
2024-11-11,DE0001030757,2.5409
2024-11-12,DE0001030757,2.5142
2024-11-13,DE0001030757,2.5459
2024-11-14,DE0001030757,2.5735
2024-11-15,DE0001030757,2.5308
2024-11-18,DE0001030757,2.5858
2024-11-19,DE0001030757,2.4956
2024-11-20,DE0001030757,2.5435
2024-11-21,DE0001030757,2.511
2024-11-22,DE0001030757,2.477
2024-11-25,DE0001030757,2.4529
2024-11-26,DE0001030757,2.4354
2024-11-27,DE0001030757,2.3388
2024-11-28,DE0001030757,2.3618
2024-11-29,DE0001030757,2.3116
2024-12-02,DE0001030757,2.2681
2024-12-03,DE0001030757,2.2809
2024-12-04,DE0001030757,2.2799
2024-12-05,DE0001030757,2.2754
2024-12-06,DE0001030757,2.2852
2024-12-09,DE0001030757,2.299
2024-12-10,DE0001030757,2.344
2024-12-11,DE0001030757,2.3311
2024-12-12,DE0001030757,2.3981
2024-12-13,DE0001030757,2.4496
2024-12-16,DE0001030757,2.4502
2024-12-17,DE0001030757,2.4497
2024-12-18,DE0001030757,2.461
2024-12-19,DE0001030757,2.4756
2024-12-20,DE0001030757,2.5162
2024-12-23,DE0001030757,2.511
2024-12-27,DE0001030757,2.6008
2024-12-30,DE0001030757,2.6076
2025-01-02,DE0001030757,2.5751
2025-01-03,DE0001030757,2.5934
2025-01-06,DE0001030757,2.6416
2025-01-07,DE0001030757,2.671
2025-01-08,DE0001030757,2.7035
2025-01-09,DE0001030757,2.755
2025-01-10,DE0001030757,2.7725
2025-01-13,DE0001030757,2.7994
2025-01-14,DE0001030757,2.8154
2025-01-15,DE0001030757,2.8349
2025-01-16,DE0001030757,2.7799
2025-01-17,DE0001030757,2.7399
2025-01-20,DE0001030757,2.7538
2025-01-21,DE0001030757,2.7141
2025-01-22,DE0001030757,2.7142
2025-01-23,DE0001030757,2.7472
2025-01-24,DE0001030757,2.7758
2025-01-27,DE0001030757,2.7225
2025-01-28,DE0001030757,2.7492
2025-01-29,DE0001030757,2.7452
2025-01-30,DE0001030757,2.7425
2025-01-31,DE0001030757,2.7178
2025-02-03,DE0001030757,2.6292
2025-02-04,DE0001030757,2.6563
2025-02-05,DE0001030757,2.5807
2025-02-06,DE0001030757,2.5859
2025-02-07,DE0001030757,2.5826
2025-02-10,DE0001030757,2.6145
2025-02-11,DE0001030757,2.6381
2025-02-12,DE0001030757,2.6915
2025-02-13,DE0001030757,2.6905
2025-02-14,DE0001030757,2.652
2025-02-17,DE0001030757,2.7366
2025-02-18,DE0001030757,2.7413
2025-02-19,DE0001030757,2.7623
2025-02-20,DE0001030757,2.7847
2025-02-21,DE0001030757,2.7371
2025-02-24,DE0001030757,2.7129
2025-02-25,DE0001030757,2.7331
2025-02-26,DE0001030757,2.677
2025-02-27,DE0001030757,2.696
2025-02-28,DE0001030757,2.6523
2025-03-03,DE0001030757,2.7515
2025-03-04,DE0001030757,2.7731
2025-03-05,DE0001030757,2.979
2025-03-06,DE0001030757,3.095
2025-03-07,DE0001030757,3.0723
2025-03-10,DE0001030757,3.0667
2025-03-11,DE0001030757,3.1323
2025-03-12,DE0001030757,3.1789
2025-03-13,DE0001030757,3.1785
2025-03-14,DE0001030757,3.1825
2025-03-17,DE0001030757,3.1028
2025-03-18,DE0001030757,3.1291
2025-03-19,DE0001030757,3.0726
2025-03-20,DE0001030757,3.0546
2025-03-21,DE0001030757,3.0648
2025-03-24,DE0001030757,3.0997
2025-03-25,DE0001030757,3.1375
2025-03-26,DE0001030757,3.1177
2025-03-27,DE0001030757,3.127
2025-03-28,DE0001030757,3.0559
2025-03-31,DE0001030757,3.0397
2025-04-01,DE0001030757,3.0117
2025-04-02,DE0001030757,3.0118
2025-04-03,DE0001030757,3.0214
2025-04-04,DE0001030757,2.8836
2025-04-07,DE0001030757,2.8376
2025-04-08,DE0001030757,3.0017
2025-04-09,DE0001030757,3.0087
2025-04-10,DE0001030757,3.0002
2025-04-11,DE0001030757,2.9016
2025-04-14,DE0001030757,2.871
2025-04-15,DE0001030757,2.8651
2025-04-16,DE0001030757,2.8633
2025-04-17,DE0001030757,2.8998
2025-04-22,DE0001030757,2.8524
2025-04-23,DE0001030757,2.8573
2025-04-24,DE0001030757,2.8671
2025-04-25,DE0001030757,2.8708
2025-04-28,DE0001030757,2.912
2025-04-29,DE0001030757,2.8976
2025-04-30,DE0001030757,2.8665
2025-05-02,DE0001030757,2.8732
2025-05-05,DE0001030757,2.9369
2025-05-06,DE0001030757,2.9745
2025-05-07,DE0001030757,2.953
2025-05-08,DE0001030757,2.9404
2025-05-09,DE0001030757,3.0165
2025-05-12,DE0001030757,3.0373
2025-05-13,DE0001030757,3.0975
2025-05-14,DE0001030757,3.1059
2025-05-15,DE0001030757,3.1068
2025-05-16,DE0001030757,2.9892
2025-05-19,DE0001030757,3.0904
2025-05-20,DE0001030757,3.0068
2025-05-21,DE0001030757,3.1283
2025-05-22,DE0001030757,3.1267
2025-05-23,DE0001030757,3.1031
2025-05-26,DE0001030757,3.0828
2025-05-27,DE0001030757,2.9956
2025-05-28,DE0001030757,3.0143
2025-05-29,DE0001030757,3.0252
2025-05-30,DE0001030757,2.9941
2025-06-02,DE0001030757,3.0167
2025-06-03,DE0001030757,2.9726
2025-06-04,DE0001030757,3.0081
2025-06-05,DE0001030757,2.9348
2025-06-06,DE0001030757,2.9632
2025-06-09,DE0001030757,2.9485
2025-06-10,DE0001030757,2.9646
2025-06-11,DE0001030757,2.9901
2025-06-12,DE0001030757,2.9526
2025-06-13,DE0001030757,2.9099
2025-06-16,DE0001030757,2.9992
2025-06-17,DE0001030757,2.9751
2025-06-18,DE0001030757,2.9635
2025-06-19,DE0001030757,2.952
2025-06-20,DE0001030757,2.949
2025-06-23,DE0001030757,2.9769
2025-06-24,DE0001030757,3.0312
2025-06-25,DE0001030757,2.9951
2025-06-26,DE0001030757,3.0253
2025-06-27,DE0001030757,3.0481
2025-06-30,DE0001030757,3.0431
2025-07-01,DE0001030757,3.0137
2025-07-02,DE0001030757,3.0465
2025-07-03,DE0001030757,3.048
2025-07-04,DE0001030757,3.0142
2025-07-07,DE0001030757,3.0653
2025-07-08,DE0001030757,3.139
2025-07-09,DE0001030757,3.1172
2025-07-10,DE0001030757,3.1381
2025-07-11,DE0001030757,3.1968
2025-07-14,DE0001030757,3.1923
2025-07-15,DE0001030757,3.1552
2025-07-16,DE0001030757,3.1833
2025-07-17,DE0001030757,3.1869
2025-07-18,DE0001030757,3.1798
2025-07-21,DE0001030757,3.1351
2025-07-22,DE0001030757,3.1165
2025-07-23,DE0001030757,3.1109
2025-07-24,DE0001030757,3.1402
2025-07-25,DE0001030757,3.2114
2025-07-28,DE0001030757,3.1455
2025-07-29,DE0001030757,3.1645
2025-07-30,DE0001030757,3.1483
2025-07-31,DE0001030757,3.1389
2025-08-01,DE0001030757,3.1546
2025-08-04,DE0001030757,3.158
2025-08-05,DE0001030757,3.1025
2025-08-06,DE0001030757,3.1258
2025-08-07,DE0001030757,3.1113
2025-08-08,DE0001030757,3.1197
2025-08-11,DE0001030757,3.16
2025-08-12,DE0001030757,3.1908
2025-08-13,DE0001030757,3.204
2025-08-14,DE0001030757,3.1637
2025-08-15,DE0001030757,3.2628
2025-08-18,DE0001030757,3.2675
2025-08-19,DE0001030757,3.3093
2025-08-20,DE0001030757,3.2557
2025-08-21,DE0001030757,3.258
2025-08-22,DE0001030757,3.2769
2025-08-25,DE0001030757,3.3032
2025-08-26,DE0001030757,3.2871
2025-08-27,DE0001030757,3.2451
2025-08-28,DE0001030757,3.2721
2025-08-29,DE0001030757,3.2836
2025-09-01,DE0001030757,3.3243
2025-09-02,DE0001030757,3.3626
2025-09-03,DE0001030757,3.3702
2025-09-04,DE0001030757,3.2937
2025-09-05,DE0001030757,3.3039
2025-09-08,DE0001030757,3.2577
2025-09-09,DE0001030757,3.2544
2025-09-10,DE0001030757,3.2392
2025-09-11,DE0001030757,3.2422
2025-09-12,DE0001030757,3.2297
2025-09-15,DE0001030757,3.249
2025-09-16,DE0001030757,3.2452
2025-09-17,DE0001030757,3.2233
2025-09-18,DE0001030757,3.2223
2025-09-19,DE0001030757,3.2831
2025-09-22,DE0001030757,3.3041
2025-09-23,DE0001030757,3.3158
2025-09-24,DE0001030757,3.3023
2025-09-25,DE0001030757,3.2918
2025-09-26,DE0001030757,3.2893
2025-09-29,DE0001030757,3.2672
2025-09-30,DE0001030757,3.2506
2025-10-01,DE0001030757,3.2781
2025-10-02,DE0001030757,3.261
2025-10-03,DE0001030757,3.2398
2025-10-06,DE0001030757,3.2706
2025-10-07,DE0001030757,3.2916
2025-10-08,DE0001030757,3.2521
2025-10-09,DE0001030757,3.2517
2025-10-10,DE0001030757,3.2285
2025-10-13,DE0001030757,3.1936
2025-10-14,DE0001030757,3.1505
2025-10-15,DE0001030757,3.1454
2025-10-16,DE0001030757,3.1301
2025-10-17,DE0001030757,3.1263
2025-10-20,DE0001030757,3.1635
2025-10-21,DE0001030757,3.1259
2025-10-22,DE0001030757,3.0989
2025-10-23,DE0001030757,3.1425
2025-10-24,DE0001030757,3.1654
2025-10-27,DE0001030757,3.1871
2025-10-28,DE0001030757,3.1584
2025-10-29,DE0001030757,3.1716
2025-10-30,DE0001030757,3.185
2025-10-31,DE0001030757,3.191
2025-11-03,DE0001030757,3.1957
2025-11-04,DE0001030757,3.209
2025-11-05,DE0001030757,3.2131
2025-11-06,DE0001030757,3.2207
2025-11-07,DE0001030757,3.2394
2025-11-10,DE0001030757,3.2422
2025-11-11,DE0001030757,3.2356
2025-11-12,DE0001030757,3.2311
2025-11-13,DE0001030757,3.2088
2025-11-14,DE0001030757,3.279
2025-11-17,DE0001030757,3.2798
2025-11-18,DE0001030757,3.2765
2025-11-19,DE0001030757,3.2948
2025-11-20,DE0001030757,3.3141
2025-11-21,DE0001030757,3.2885
2025-11-24,DE0001030757,3.2846
2025-11-25,DE0001030757,3.2921
2025-11-26,DE0001030757,3.2821
2025-11-27,DE0001030757,3.2898
2025-11-28,DE0001030757,3.2933
2025-12-01,DE0001030757,3.3363
2025-12-02,DE0001030757,3.3617
2025-12-03,DE0001030757,3.368
2025-12-04,DE0001030757,3.3698
2025-12-05,DE0001030757,3.3906
2025-12-08,DE0001030757,3.4396
2025-12-09,DE0001030757,3.4271
2025-12-10,DE0001030757,3.4581
2025-12-11,DE0001030757,3.4535
2025-12-12,DE0001030757,3.4543
2025-12-15,DE0001030757,3.4362
2025-12-16,DE0001030757,3.4482
2025-12-17,DE0001030757,3.4547
2025-12-18,DE0001030757,3.4607
2025-12-19,DE0001030757,3.5134
2025-12-22,DE0001030757,3.5228
2025-12-23,DE0001030757,3.4743
2025-12-29,DE0001030757,3.466
2025-12-30,DE0001030757,3.4585
2026-01-02,DE0001030757,3.4831
2026-01-05,DE0001030757,3.5096
2026-01-06,DE0001030757,3.4883
2026-01-07,DE0001030757,3.4102
2026-01-08,DE0001030757,3.4576
2026-01-09,DE0001030757,3.4584
2026-01-12,DE0001030757,3.4431
2026-01-13,DE0001030757,3.4474
2026-01-14,DE0001030757,3.4419
2026-01-15,DE0001030757,3.41
2026-01-16,DE0001030757,3.4081
2026-01-19,DE0001030757,3.4292
2026-01-20,DE0001030757,3.4915
2026-01-21,DE0001030757,3.4809
2026-01-22,DE0001030757,3.4763
2026-01-23,DE0001030757,3.4892
2026-01-26,DE0001030757,3.4801
2026-01-27,DE0001030757,3.481
2026-01-28,DE0001030757,3.4655
2026-01-29,DE0001030757,3.4772
2026-01-30,DE0001030757,3.4844
2026-02-02,DE0001030757,3.476
2026-02-03,DE0001030757,3.5061
2026-02-04,DE0001030757,3.5148
2026-02-05,DE0001030757,3.5195
2026-02-06,DE0001030757,3.4768
2026-02-09,DE0001030757,3.5147
2026-02-10,DE0001030757,3.4984
2026-02-11,DE0001030757,3.4616
2026-02-12,DE0001030757,3.4401
2026-02-13,DE0001030757,3.4289
2026-02-16,DE0001030757,3.4178
2026-02-17,DE0001030757,3.3859
2026-02-18,DE0001030757,3.3853
2026-02-19,DE0001030757,3.4045
2026-02-20,DE0001030757,3.3733
2026-02-23,DE0001030757,3.379
2026-02-24,DE0001030757,3.3542
2026-02-25,DE0001030757,3.3737
2026-02-26,DE0001030757,3.3547
2026-02-27,DE0001030757,3.3431
2026-03-02,DE0001030757,3.3158
2026-03-03,DE0001030757,3.4064
2026-03-04,DE0001030757,3.3974
2026-03-05,DE0001030757,3.4104
2026-03-06,DE0001030757,3.4098
2026-03-09,DE0001030757,3.4134
2026-03-10,DE0001030757,3.4282
2026-03-11,DE0001030757,3.4622
2026-03-12,DE0001030757,3.4896
2026-03-13,DE0001030757,3.5126
2026-03-16,DE0001030757,3.5163
2026-03-17,DE0001030757,3.4843
2026-03-18,DE0001030757,3.4327
2026-03-19,DE0001030757,3.4812
2026-03-20,DE0001030757,3.465
2026-03-23,DE0001030757,3.5065
2026-03-24,DE0001030757,3.4802
2026-03-25,DE0001030757,3.428
2026-03-26,DE0001030757,3.453
2026-03-27,DE0001030757,3.5209
2026-03-30,DE0001030757,3.5167
2026-03-31,DE0001030757,3.4562
2026-04-01,DE0001030757,3.3897
2026-04-02,DE0001030757,3.4682
2026-04-07,DE0001030757,3.4423
2026-04-08,DE0001030757,3.4262
2026-04-09,DE0001030757,3.4669
2026-04-10,DE0001030757,3.5372
2026-04-13,DE0001030757,3.5627
2026-04-14,DE0001030757,3.5599
2026-04-15,DE0001030757,3.5528
2026-04-16,DE0001030757,3.5626
2026-04-17,DE0001030757,3.57
2026-04-20,DE0001030757,3.5382
2026-04-21,DE0001030757,3.5074
2026-04-22,DE0001030757,3.5298
2026-04-23,DE0001030757,3.5324
2026-04-24,DE0001030757,3.5304
2026-04-27,DE0001030757,3.5292
2026-04-28,DE0001030757,3.5632
2026-04-29,DE0001030757,3.5616
2026-04-30,DE0001030757,3.5785
2026-05-04,DE0001030757,3.5343
2026-05-05,DE0001030757,3.5547
2026-05-06,DE0001030757,3.5072
2026-05-07,DE0001030757,3.5134
2026-05-08,DE0001030757,3.5236
2026-05-11,DE0001030757,3.5367
2026-05-12,DE0001030757,3.5981
2026-05-13,DE0001030757,3.6041
2026-05-14,DE0001030757,3.5972
2026-05-15,DE0001030757,3.6179
2026-05-18,DE0001030757,3.6693
2026-05-19,DE0001030757,3.668
2026-05-20,DE0001030757,3.6659
2026-05-21,DE0001030757,3.5908
2026-05-22,DE0001030757,3.5602
2026-05-25,DE0001030757,3.4761
2026-05-26,DE0001030757,3.4941
2026-05-27,DE0001030757,3.4828
2026-05-28,DE0001030757,3.5154
2026-05-29,DE0001030757,3.4904
2026-06-01,DE0001030757,3.5071
2026-06-02,DE0001030757,3.4828
2026-06-03,DE0001030757,3.5304
2026-06-04,DE0001030757,3.5511
2026-06-05,DE0001030757,3.544
2026-06-08,DE0001030757,3.5681
2026-06-09,DE0001030757,3.5719
2026-06-10,DE0001030757,3.5764
2026-06-11,DE0001030757,3.582
2026-06-12,DE0001030757,3.5146
2026-06-15,DE0001030757,3.5061
2026-06-16,DE0001030757,3.4861
2026-06-17,DE0001030757,3.472
2026-06-18,DE0001030757,3.4531
2026-06-19,DE0001030757,3.4947
2026-06-22,DE0001030757,3.5048
2026-06-23,DE0001030757,3.4749
2026-06-24,DE0001030757,3.4374
2026-06-25,DE0001030757,3.3934
2026-06-26,DE0001030757,3.3901
2026-06-29,DE0001030757,3.3993
2026-06-30,DE0001030757,3.3917
2026-07-01,DE0001030757,3.4326
2026-07-02,DE0001030757,3.4742
2026-07-03,DE0001030757,3.4908
2026-07-06,DE0001030757,3.4945
2026-07-07,DE0001030757,3.5416
2026-07-08,DE0001030757,3.612
2026-07-09,DE0001030757,3.6257
2026-07-10,DE0001030757,3.5993
2026-07-13,DE0001030757,3.6002
2026-07-14,DE0001030757,3.6114
2026-07-15,DE0001030757,3.6293
2026-07-16,DE0001030757,3.6446
2026-07-17,DE0001030757,3.6239
2026-07-20,DE0001030757,3.6226
2026-07-21,DE0001030757,3.6435
2026-07-22,DE0001030757,3.6489
2026-07-23,DE0001030757,3.6501
2026-07-24,DE0001030757,3.645
2026-07-27,DE0001030757,3.6044
2026-07-28,DE0001030757,3.5898
2026-07-29,DE0001030757,3.5936
2026-07-30,DE0001030757,3.6571
2026-07-31,DE0001030757,3.6386
2026-08-03,DE0001030757,3.6395
2026-08-04,DE0001030757,3.6486
2026-08-05,DE0001030757,3.6034
2026-08-06,DE0001030757,3.612
2026-08-07,DE0001030757,3.6426
2026-08-10,DE0001030757,3.6316
2026-08-11,DE0001030757,3.6841
2026-08-12,DE0001030757,3.6438
2026-08-13,DE0001030757,3.6561
2026-08-14,DE0001030757,3.6698
2026-08-17,DE0001030757,3.722
2026-08-18,DE0001030757,3.7649
2026-08-19,DE0001030757,3.7727
2026-08-20,DE0001030757,3.7517
2026-08-21,DE0001030757,3.7526
2026-08-24,DE0001030757,3.7459
2026-08-25,DE0001030757,3.7437
2026-08-26,DE0001030757,3.7073
2026-08-27,DE0001030757,3.7458
2026-08-28,DE0001030757,3.762
2026-08-31,DE0001030757,3.7868
2026-09-01,DE0001030757,3.8312
2026-09-02,DE0001030757,3.8423
2026-09-03,DE0001030757,3.8147
2026-09-04,DE0001030757,3.8086
2026-09-07,DE0001030757,3.8157
2026-09-08,DE0001030757,3.8385
2026-09-09,DE0001030757,3.8246
2026-09-10,DE0001030757,3.884
2026-09-11,DE0001030757,3.8841
2026-09-14,DE0001030757,3.889
2026-09-15,DE0001030757,3.9003
2026-09-16,DE0001030757,3.8949
2026-09-17,DE0001030757,3.8645
2026-09-18,DE0001030757,3.8333
2026-09-21,DE0001030757,3.7922
2026-09-22,DE0001030757,3.7784
2026-09-23,DE0001030757,3.7971
2026-09-24,DE0001030757,3.8553
2026-09-25,DE0001030757,3.8649
2026-09-28,DE0001030757,3.9262
2026-09-29,DE0001030757,3.9416
2026-09-30,DE0001030757,3.9026
2026-10-01,DE0001030757,3.939
2019-08-21,DE0001102481,-0.096625
2019-08-22,DE0001102481,-0.122527
2019-08-23,DE0001102481,-0.069926
2019-08-26,DE0001102481,-0.121307
2019-08-27,DE0001102481,-0.142373
2019-08-28,DE0001102481,-0.217702
2019-08-29,DE0001102481,-0.193557
2019-08-30,DE0001102481,-0.176504
2019-09-02,DE0001102481,-0.174396
2019-09-03,DE0001102481,-0.208458
2019-09-04,DE0001102481,-0.135053
2019-09-05,DE0001102481,-0.094575
2019-09-06,DE0001102481,-0.011295
2019-09-09,DE0001102481,-0.026563
2019-09-10,DE0001102481,0.004531
2019-09-11,DE0001102481,0.053822
2019-09-12,DE0001102481,-0.010657
2019-09-13,DE0001102481,0.070003
2019-09-16,DE0001102481,0.074983
2019-09-17,DE0001102481,0.074658
2019-09-19,DE0001102481,0.046633
2019-09-20,DE0001102481,0.003563
2019-09-23,DE0001102481,-0.094395
2019-09-24,DE0001102481,-0.088743
2019-09-25,DE0001102481,-0.1415
2019-09-26,DE0001102481,-0.109173
2019-09-27,DE0001102481,-0.10667
2019-09-30,DE0001102481,-0.052683
2019-10-01,DE0001102481,-0.006796
2019-10-02,DE0001102481,-0.033838
2019-10-04,DE0001102481,-0.089144
2019-10-07,DE0001102481,-0.08916
2019-10-08,DE0001102481,-0.053039
2019-10-09,DE0001102481,-0.053363
2019-10-10,DE0001102481,-0.030016
2019-10-11,DE0001102481,0.033254
2019-10-14,DE0001102481,0.059594
2019-10-15,DE0001102481,0.056625
2019-10-16,DE0001102481,0.086833
2019-10-17,DE0001102481,0.154291
2019-10-18,DE0001102481,0.135263
2019-10-21,DE0001102481,0.185491
2019-10-22,DE0001102481,0.159791
2019-10-23,DE0001102481,0.098923
2019-10-24,DE0001102481,0.126377
2019-10-25,DE0001102481,0.128913
2019-10-28,DE0001102481,0.190778
2019-10-29,DE0001102481,0.167417
2019-10-30,DE0001102481,0.163324
2019-10-31,DE0001102481,0.107068
2019-11-01,DE0001102481,0.113461
2019-11-04,DE0001102481,0.171621
2019-11-05,DE0001102481,0.227029
2019-11-06,DE0001102481,0.229146
2019-11-07,DE0001102481,0.207605
2019-11-08,DE0001102481,0.271797
2019-11-11,DE0001102481,0.250651
2019-11-12,DE0001102481,0.298925
2019-11-13,DE0001102481,0.225444
2019-11-14,DE0001102481,0.187301
2019-11-15,DE0001102481,0.172491
2019-11-18,DE0001102481,0.19148
2019-11-19,DE0001102481,0.186142
2019-11-20,DE0001102481,0.132931
2019-11-21,DE0001102481,0.18224
2019-11-22,DE0001102481,0.161959
2019-11-25,DE0001102481,0.167132
2019-11-26,DE0001102481,0.163373
2019-11-27,DE0001102481,0.137433
2019-11-28,DE0001102481,0.129994
2019-11-29,DE0001102481,0.139171
2019-12-02,DE0001102481,0.221629
2019-12-03,DE0001102481,0.236713
2019-12-04,DE0001102481,0.186564
2019-12-05,DE0001102481,0.210212
2019-12-06,DE0001102481,0.210909
2019-12-09,DE0001102481,0.214084
2019-12-10,DE0001102481,0.238969
2019-12-11,DE0001102481,0.203673
2019-12-12,DE0001102481,0.198515
2019-12-13,DE0001102481,0.281902
2019-12-16,DE0001102481,0.210032
2019-12-17,DE0001102481,0.230686
2019-12-18,DE0001102481,0.221246
2019-12-19,DE0001102481,0.299249
2019-12-20,DE0001102481,0.292083
2019-12-23,DE0001102481,0.259421
2019-12-27,DE0001102481,0.277974
2019-12-30,DE0001102481,0.326556
2020-01-02,DE0001102481,0.360172
2020-01-03,DE0001102481,0.238094
2020-01-06,DE0001102481,0.240251
2020-01-07,DE0001102481,0.258304
2020-01-08,DE0001102481,0.261875
2020-01-09,DE0001102481,0.307366
2020-01-10,DE0001102481,0.321084
2020-01-13,DE0001102481,0.339285
2020-01-14,DE0001102481,0.346237
2020-01-15,DE0001102481,0.307116
2020-01-16,DE0001102481,0.29892
2020-01-17,DE0001102481,0.292815
2020-01-20,DE0001102481,0.298974
2020-01-21,DE0001102481,0.278571
2020-01-22,DE0001102481,0.260072
2020-01-23,DE0001102481,0.230436
2020-01-24,DE0001102481,0.20624
2020-01-27,DE0001102481,0.148802
2020-01-28,DE0001102481,0.108241
2020-01-29,DE0001102481,0.138208
2020-01-30,DE0001102481,0.114386
2020-01-31,DE0001102481,0.093098
2020-02-03,DE0001102481,0.063866
2020-02-04,DE0001102481,0.102212
2020-02-05,DE0001102481,0.144118
2020-02-06,DE0001102481,0.162041
2020-02-07,DE0001102481,0.133884
2020-02-10,DE0001102481,0.125372
2020-02-11,DE0001102481,0.128795
2020-02-12,DE0001102481,0.155206
2020-02-13,DE0001102481,0.099266
2020-02-14,DE0001102481,0.114529
2020-02-17,DE0001102481,0.11251
2020-02-18,DE0001102481,0.081069
2020-02-19,DE0001102481,0.101672
2020-02-20,DE0001102481,0.083792
2020-02-21,DE0001102481,0.012165
2020-02-24,DE0001102481,-0.024196
2020-02-25,DE0001102481,-0.024524
2020-02-26,DE0001102481,-0.03266
2020-02-27,DE0001102481,-0.019641
2020-02-28,DE0001102481,-0.14757
2020-03-02,DE0001102481,-0.186237
2020-03-03,DE0001102481,-0.116732
2020-03-04,DE0001102481,-0.177273
2020-03-05,DE0001102481,-0.161121
2020-03-06,DE0001102481,-0.28396
2020-03-09,DE0001102481,-0.472444
2020-03-10,DE0001102481,-0.362115
2020-03-11,DE0001102481,-0.434345
2020-03-12,DE0001102481,-0.502545
2020-03-13,DE0001102481,-0.302426
2020-03-16,DE0001102481,-0.208105
2020-03-17,DE0001102481,-0.12258
2020-03-18,DE0001102481,0.027085
2020-03-19,DE0001102481,0.102295
2020-03-20,DE0001102481,0.046728
2020-03-23,DE0001102481,-0.042492
2020-03-24,DE0001102481,-0.014774
2020-03-25,DE0001102481,0.084709
2020-03-26,DE0001102481,0.147894
2020-03-27,DE0001102481,0.030098
2020-03-30,DE0001102481,-0.073234
2020-03-31,DE0001102481,-0.018714
2020-04-01,DE0001102481,-0.036997
2020-04-02,DE0001102481,0.015189
2020-04-03,DE0001102481,-0.066822
2020-04-06,DE0001102481,-0.028535
2020-04-07,DE0001102481,0.056511
2020-04-08,DE0001102481,0.055866
2020-04-09,DE0001102481,0.075044
2020-04-14,DE0001102481,0.050512
2020-04-15,DE0001102481,-0.010863
2020-04-16,DE0001102481,-0.060117
2020-04-17,DE0001102481,-0.074971
2020-04-20,DE0001102481,-0.07047
2020-04-21,DE0001102481,-0.05819
2020-04-22,DE0001102481,-0.059815
2020-04-23,DE0001102481,-0.024657
2020-04-24,DE0001102481,-0.066949
2020-04-27,DE0001102481,-0.084368
2020-04-28,DE0001102481,-0.041326
2020-04-29,DE0001102481,-0.086657
2020-04-30,DE0001102481,-0.097566
2020-05-04,DE0001102481,-0.162906
2020-05-05,DE0001102481,-0.103354
2020-05-06,DE0001102481,-0.116769
2020-05-07,DE0001102481,-0.046908
2020-05-08,DE0001102481,-0.115207
2020-05-11,DE0001102481,-0.054398
2020-05-12,DE0001102481,-0.058625
2020-05-13,DE0001102481,-0.09285
2020-05-14,DE0001102481,-0.109853
2020-05-15,DE0001102481,-0.112727
2020-05-18,DE0001102481,-0.114982
2020-05-19,DE0001102481,-0.034868
2020-05-20,DE0001102481,-0.04565
2020-05-21,DE0001102481,-0.045663
2020-05-22,DE0001102481,-0.066794
2020-05-25,DE0001102481,-0.048606
2020-05-26,DE0001102481,0.024585
2020-05-27,DE0001102481,-0.013212
2020-05-28,DE0001102481,0.009948
2020-05-29,DE0001102481,0.016596
2020-06-02,DE0001102481,0.070986
2020-06-03,DE0001102481,0.08967
2020-06-04,DE0001102481,0.120847
2020-06-05,DE0001102481,0.212263
2020-06-08,DE0001102481,0.250045
2020-06-09,DE0001102481,0.159651
2020-06-10,DE0001102481,0.168035
2020-06-11,DE0001102481,0.091115
2020-06-12,DE0001102481,0.055842
2020-06-15,DE0001102481,0.028306
2020-06-16,DE0001102481,0.063627
2020-06-17,DE0001102481,0.087398
2020-06-18,DE0001102481,0.044422
2020-06-19,DE0001102481,0.022969
2020-06-22,DE0001102481,0.012632
2020-06-23,DE0001102481,0.032681
2020-06-24,DE0001102481,0.065366
2020-06-25,DE0001102481,-0.013745
2020-06-26,DE0001102481,-0.037617
2020-06-29,DE0001102481,-0.029082
2020-06-30,DE0001102481,-0.040251
2020-07-01,DE0001102481,0.021989
2020-07-02,DE0001102481,0.044142
2020-07-03,DE0001102481,0.002991
2020-07-06,DE0001102481,0.022334
2020-07-07,DE0001102481,0.008982
2020-07-08,DE0001102481,-0.011939
2020-07-09,DE0001102481,-0.012273
2020-07-10,DE0001102481,-0.090117
2020-07-13,DE0001102481,-0.031753
2020-07-14,DE0001102481,-0.013601
2020-07-15,DE0001102481,-0.048831
2020-07-16,DE0001102481,-0.021543
2020-07-17,DE0001102481,-0.019891
2020-07-20,DE0001102481,0.000333
2020-07-21,DE0001102481,-0.02881
2020-07-22,DE0001102481,-0.045584
2020-07-23,DE0001102481,-0.065873
2020-07-24,DE0001102481,-0.055424
2020-07-27,DE0001102481,-0.053797
2020-07-28,DE0001102481,-0.088638
2020-07-29,DE0001102481,-0.100283
2020-07-30,DE0001102481,-0.121542
2020-07-31,DE0001102481,-0.139448
2020-08-03,DE0001102481,-0.103233
2020-08-04,DE0001102481,-0.123499
2020-08-05,DE0001102481,-0.131515
2020-08-06,DE0001102481,-0.11198
2020-08-07,DE0001102481,-0.123865
2020-08-10,DE0001102481,-0.106524
2020-08-11,DE0001102481,-0.085507
2020-08-12,DE0001102481,-0.021923
2020-08-13,DE0001102481,-0.028545
2020-08-14,DE0001102481,0.013363
2020-08-17,DE0001102481,0.014705
2020-08-18,DE0001102481,-0.027892
2020-08-19,DE0001102481,-0.045371
2020-08-20,DE0001102481,-0.05786
2020-08-21,DE0001102481,-0.083643
2020-08-24,DE0001102481,-0.055575
2020-08-25,DE0001102481,-0.024269
2020-08-26,DE0001102481,0.030513
2020-08-27,DE0001102481,-0.01266
2020-08-28,DE0001102481,0.084552
2020-08-31,DE0001102481,0.085253
2020-09-01,DE0001102481,0.081834
2020-09-02,DE0001102481,-0.001669
2020-09-03,DE0001102481,-0.012336
2020-09-04,DE0001102481,-0.043795
2020-09-07,DE0001102481,-0.018323
2020-09-08,DE0001102481,-0.025294
2020-09-09,DE0001102481,-0.053685
2020-09-10,DE0001102481,-0.019329
2020-09-11,DE0001102481,-0.03656
2020-09-14,DE0001102481,-0.055682
2020-09-15,DE0001102481,-0.029289
2020-09-16,DE0001102481,-0.040868
2020-09-17,DE0001102481,-0.03195
2020-09-18,DE0001102481,-0.049455
2020-09-21,DE0001102481,-0.068844
2020-09-22,DE0001102481,-0.088767
2020-09-23,DE0001102481,-0.060657
2020-09-24,DE0001102481,-0.078036
2020-09-25,DE0001102481,-0.078036
2020-09-28,DE0001102481,-0.08001
2020-09-29,DE0001102481,-0.115423
2020-09-30,DE0001102481,-0.128652
2020-10-01,DE0001102481,-0.093089
2020-10-02,DE0001102481,-0.11708
2020-10-05,DE0001102481,-0.101558
2020-10-06,DE0001102481,-0.094091
2020-10-07,DE0001102481,-0.084649
2020-10-08,DE0001102481,-0.07879
2020-10-09,DE0001102481,-0.124258
2020-10-12,DE0001102481,-0.116207
2020-10-13,DE0001102481,-0.125905
2020-10-14,DE0001102481,-0.154809
2020-10-15,DE0001102481,-0.208747
2020-10-16,DE0001102481,-0.214401
2020-10-19,DE0001102481,-0.20249
2020-10-20,DE0001102481,-0.212576
2020-10-21,DE0001102481,-0.173404
2020-10-22,DE0001102481,-0.166765
2020-10-23,DE0001102481,-0.15175
2020-10-26,DE0001102481,-0.156898
2020-10-27,DE0001102481,-0.171908
2020-10-28,DE0001102481,-0.236536
2020-10-29,DE0001102481,-0.230039
2020-10-30,DE0001102481,-0.220642
2020-11-02,DE0001102481,-0.208424
2020-11-03,DE0001102481,-0.214107
2020-11-04,DE0001102481,-0.256921
2020-11-05,DE0001102481,-0.236128
2020-11-06,DE0001102481,-0.238314
2020-11-09,DE0001102481,-0.221767
2020-11-10,DE0001102481,-0.056965
2020-11-11,DE0001102481,-0.048041
2020-11-12,DE0001102481,-0.077403
2020-11-13,DE0001102481,-0.117533
2020-11-16,DE0001102481,-0.148219
2020-11-17,DE0001102481,-0.145983
2020-11-18,DE0001102481,-0.16651
2020-11-19,DE0001102481,-0.176449
2020-11-20,DE0001102481,-0.174218
2020-11-23,DE0001102481,-0.17425
2020-11-24,DE0001102481,-0.162123
2020-11-25,DE0001102481,-0.162458
2020-11-26,DE0001102481,-0.170499
2020-11-27,DE0001102481,-0.187068
2020-11-30,DE0001102481,-0.188055
2020-12-01,DE0001102481,-0.150996
2020-12-02,DE0001102481,-0.104384
2020-12-03,DE0001102481,-0.117111
2020-12-04,DE0001102481,-0.132671
2020-12-07,DE0001102481,-0.156543
2020-12-08,DE0001102481,-0.171615
2020-12-09,DE0001102481,-0.175784
2020-12-10,DE0001102481,-0.203182
2020-12-11,DE0001102481,-0.22936
2020-12-14,DE0001102481,-0.218387
2020-12-15,DE0001102481,-0.213674
2020-12-16,DE0001102481,-0.180367
2020-12-17,DE0001102481,-0.177224
2020-12-18,DE0001102481,-0.142542
2020-12-21,DE0001102481,-0.215688
2020-12-22,DE0001102481,-0.187482
2020-12-23,DE0001102481,-0.20788
2020-12-28,DE0001102481,-0.137487
2020-12-29,DE0001102481,-0.175789
2021-01-04,DE0001102481,-0.198214
2021-01-05,DE0001102481,-0.190275
2021-01-06,DE0001102481,-0.132415
2021-01-07,DE0001102481,-0.144759
2021-01-08,DE0001102481,-0.141525
2021-01-11,DE0001102481,-0.138961
2021-01-12,DE0001102481,-0.064265
2021-01-13,DE0001102481,-0.095939
2021-01-14,DE0001102481,-0.125711
2021-01-15,DE0001102481,-0.132537
2021-01-18,DE0001102481,-0.124432
2021-01-19,DE0001102481,-0.110739
2021-01-20,DE0001102481,-0.125432
2021-01-21,DE0001102481,-0.11601
2021-01-22,DE0001102481,-0.086814
2021-01-25,DE0001102481,-0.12321
2021-01-26,DE0001102481,-0.130384
2021-01-27,DE0001102481,-0.115399
2021-01-28,DE0001102481,-0.132384
2021-01-29,DE0001102481,-0.071337
2021-02-01,DE0001102481,-0.079623
2021-02-02,DE0001102481,-0.055078
2021-02-03,DE0001102481,-0.028329
2021-02-04,DE0001102481,-0.014199
2021-02-05,DE0001102481,0.004068
2021-02-08,DE0001102481,0.040576
2021-02-09,DE0001102481,0.009163
2021-02-10,DE0001102481,0.019717
2021-02-11,DE0001102481,0.012228
2021-02-12,DE0001102481,0.022794
2021-02-15,DE0001102481,0.125107
2021-02-16,DE0001102481,0.116323
2021-02-17,DE0001102481,0.145984
2021-02-18,DE0001102481,0.149928
2021-02-19,DE0001102481,0.179893
2021-02-22,DE0001102481,0.192495
2021-02-23,DE0001102481,0.207914
2021-02-24,DE0001102481,0.186778
2021-02-25,DE0001102481,0.235701
2021-02-26,DE0001102481,0.20304
2021-03-01,DE0001102481,0.16002
2021-03-02,DE0001102481,0.156472
2021-03-03,DE0001102481,0.177926
2021-03-04,DE0001102481,0.203173
2021-03-05,DE0001102481,0.223107
2021-03-08,DE0001102481,0.214796
2021-03-09,DE0001102481,0.176591
2021-03-10,DE0001102481,0.198192
2021-03-11,DE0001102481,0.175581
2021-03-12,DE0001102481,0.202582
2021-03-15,DE0001102481,0.208048
2021-03-16,DE0001102481,0.187487
2021-03-17,DE0001102481,0.214976
2021-03-18,DE0001102481,0.277717
2021-03-19,DE0001102481,0.248978
2021-03-22,DE0001102481,0.251594
2021-03-23,DE0001102481,0.232576
2021-03-24,DE0001102481,0.198451
2021-03-25,DE0001102481,0.193449
2021-03-26,DE0001102481,0.210457
2021-03-29,DE0001102481,0.226137
2021-03-30,DE0001102481,0.293942
2021-03-31,DE0001102481,0.278106
2021-04-01,DE0001102481,0.249327
2021-04-06,DE0001102481,0.25305
2021-04-07,DE0001102481,0.217945
2021-04-08,DE0001102481,0.224931
2021-04-09,DE0001102481,0.246895
2021-04-12,DE0001102481,0.226433
2021-04-13,DE0001102481,0.269081
2021-04-14,DE0001102481,0.25508
2021-04-15,DE0001102481,0.281414
2021-04-16,DE0001102481,0.286617
2021-04-19,DE0001102481,0.280352
2021-04-20,DE0001102481,0.312469
2021-04-21,DE0001102481,0.29492
2021-04-22,DE0001102481,0.266767
2021-04-23,DE0001102481,0.266767
2021-04-26,DE0001102481,0.285742
2021-04-27,DE0001102481,0.292101
2021-04-28,DE0001102481,0.322474
2021-04-29,DE0001102481,0.327839
2021-04-30,DE0001102481,0.352059
2021-05-03,DE0001102481,0.38726
2021-05-04,DE0001102481,0.352918
2021-05-05,DE0001102481,0.332113
2021-05-06,DE0001102481,0.327677
2021-05-07,DE0001102481,0.341665
2021-05-10,DE0001102481,0.358825
2021-05-11,DE0001102481,0.395244
2021-05-12,DE0001102481,0.399907
2021-05-13,DE0001102481,0.463508
2021-05-14,DE0001102481,0.421695
2021-05-17,DE0001102481,0.426827
2021-05-18,DE0001102481,0.446767
2021-05-19,DE0001102481,0.47748
2021-05-20,DE0001102481,0.452813
2021-05-21,DE0001102481,0.419641
2021-05-25,DE0001102481,0.403872
2021-05-26,DE0001102481,0.373891
2021-05-27,DE0001102481,0.354508
2021-05-28,DE0001102481,0.393985
2021-05-31,DE0001102481,0.397917
2021-06-01,DE0001102481,0.368357
2021-06-02,DE0001102481,0.371071
2021-06-04,DE0001102481,0.373092
2021-06-07,DE0001102481,0.363973
2021-06-08,DE0001102481,0.344561
2021-06-09,DE0001102481,0.314692
2021-06-10,DE0001102481,0.311013
2021-06-11,DE0001102481,0.275065
2021-06-14,DE0001102481,0.283322
2021-06-15,DE0001102481,0.290827
2021-06-16,DE0001102481,0.314899
2021-06-17,DE0001102481,0.321784
2021-06-18,DE0001102481,0.265013
2021-06-21,DE0001102481,0.248937
2021-06-22,DE0001102481,0.315831
2021-06-23,DE0001102481,0.313975
2021-06-24,DE0001102481,0.312932
2021-06-25,DE0001102481,0.309162
2021-06-28,DE0001102481,0.333424
2021-06-29,DE0001102481,0.313398
2021-06-30,DE0001102481,0.307018
2021-07-01,DE0001102481,0.307105
2021-07-02,DE0001102481,0.280465
2021-07-05,DE0001102481,0.29025
2021-07-06,DE0001102481,0.280544
2021-07-07,DE0001102481,0.206259
2021-07-08,DE0001102481,0.143642
2021-07-09,DE0001102481,0.176463
2021-07-12,DE0001102481,0.185208
2021-07-13,DE0001102481,0.205644
2021-07-14,DE0001102481,0.208591
2021-07-15,DE0001102481,0.14733
2021-07-16,DE0001102481,0.146251
2021-07-19,DE0001102481,0.104839
2021-07-20,DE0001102481,0.055158
2021-07-21,DE0001102481,0.070592
2021-07-22,DE0001102481,0.081175
2021-07-23,DE0001102481,0.070612
2021-07-26,DE0001102481,0.043311
2021-07-27,DE0001102481,0.036347
2021-07-28,DE0001102481,0.039833
2021-07-29,DE0001102481,0.040193
2021-07-30,DE0001102481,0.039495
2021-08-02,DE0001102481,0.032886
2021-08-03,DE0001102481,0.006207
2021-08-04,DE0001102481,-0.019923
2021-08-05,DE0001102481,-0.050619
2021-08-06,DE0001102481,-0.049261
2021-08-09,DE0001102481,-0.015475
2021-08-10,DE0001102481,-0.014447
2021-08-11,DE0001102481,0.012435
2021-08-12,DE0001102481,-0.011361
2021-08-13,DE0001102481,-0.016512
2021-08-16,DE0001102481,-0.020632
2021-08-17,DE0001102481,-0.051686
2021-08-18,DE0001102481,-0.032272
2021-08-19,DE0001102481,-0.064254
2021-08-23,DE0001102481,-0.0179
2021-08-24,DE0001102481,-0.035025
2021-08-25,DE0001102481,-0.007931
2021-08-26,DE0001102481,0.059929
2021-08-27,DE0001102481,0.055713
2021-08-30,DE0001102481,0.045554
2021-08-31,DE0001102481,0.045209
2021-09-01,DE0001102481,0.107772
2021-09-02,DE0001102481,0.101742
2021-09-03,DE0001102481,0.116021
2021-09-06,DE0001102481,0.138302
2021-09-07,DE0001102481,0.16835
2021-09-08,DE0001102481,0.152047
2021-09-09,DE0001102481,0.155348
2021-09-10,DE0001102481,0.141613
2021-09-13,DE0001102481,0.159728
2021-09-14,DE0001102481,0.180851
2021-09-15,DE0001102481,0.153596
2021-09-16,DE0001102481,0.192261
2021-09-17,DE0001102481,0.201435
2021-09-20,DE0001102481,0.18132
2021-09-21,DE0001102481,0.186822
2021-09-22,DE0001102481,0.175878
2021-09-23,DE0001102481,0.175928
2021-09-24,DE0001102481,0.238543
2021-09-27,DE0001102481,0.268844
2021-09-28,DE0001102481,0.268119
2021-09-29,DE0001102481,0.247944
2021-09-30,DE0001102481,0.245777
2021-10-01,DE0001102481,0.242424
2021-10-04,DE0001102481,0.268648
2021-10-05,DE0001102481,0.25182
2021-10-06,DE0001102481,0.31026
2021-10-07,DE0001102481,0.300855
2021-10-08,DE0001102481,0.324831
2021-10-11,DE0001102481,0.337139
2021-10-12,DE0001102481,0.350618
2021-10-13,DE0001102481,0.32419
2021-10-14,DE0001102481,0.277234
2021-10-15,DE0001102481,0.252831
2021-10-18,DE0001102481,0.239438
2021-10-19,DE0001102481,0.226442
2021-10-20,DE0001102481,0.260795
2021-10-21,DE0001102481,0.259369
2021-10-22,DE0001102481,0.253
2021-10-25,DE0001102481,0.244822
2021-10-26,DE0001102481,0.208809
2021-10-27,DE0001102481,0.169517
2021-10-28,DE0001102481,0.105509
2021-10-29,DE0001102481,0.150983
2021-11-01,DE0001102481,0.143388
2021-11-02,DE0001102481,0.137967
2021-11-03,DE0001102481,0.104115
2021-11-04,DE0001102481,0.134038
2021-11-05,DE0001102481,0.089476
2021-11-08,DE0001102481,0.059632
2021-11-09,DE0001102481,0.05893
2021-11-10,DE0001102481,0.010798
2021-11-11,DE0001102481,0.041651
2021-11-12,DE0001102481,0.039187
2021-11-15,DE0001102481,0.014644
2021-11-16,DE0001102481,0.064995
2021-11-17,DE0001102481,0.065711
2021-11-18,DE0001102481,0.043794
2021-11-19,DE0001102481,-0.040137
2021-11-22,DE0001102481,-0.034291
2021-11-23,DE0001102481,0.026917
2021-11-24,DE0001102481,0.066465
2021-11-25,DE0001102481,0.065418
2021-11-26,DE0001102481,-0.006959
2021-11-29,DE0001102481,-0.001741
2021-11-30,DE0001102481,-0.061796
2021-12-01,DE0001102481,-0.068295
2021-12-02,DE0001102481,-0.087387
2021-12-03,DE0001102481,-0.100607
2021-12-06,DE0001102481,-0.111436
2021-12-07,DE0001102481,-0.111109
2021-12-08,DE0001102481,-0.136327
2021-12-09,DE0001102481,-0.069044
2021-12-10,DE0001102481,-0.061518
2021-12-13,DE0001102481,-0.080998
2021-12-14,DE0001102481,-0.100703
2021-12-15,DE0001102481,-0.092236
2021-12-16,DE0001102481,-0.05195
2021-12-17,DE0001102481,-0.047823
2021-12-20,DE0001102481,-0.07423
2021-12-21,DE0001102481,-0.013936
2021-12-22,DE0001102481,0.052074
2021-12-23,DE0001102481,0.06239
2021-12-27,DE0001102481,0.09458
2021-12-28,DE0001102481,0.089204
2021-12-29,DE0001102481,0.10864
2021-12-30,DE0001102481,0.127854
2022-01-03,DE0001102481,0.147539
2022-01-04,DE0001102481,0.209094
2022-01-05,DE0001102481,0.206512
2022-01-06,DE0001102481,0.256
2022-01-07,DE0001102481,0.230821
2022-01-10,DE0001102481,0.256804
2022-01-11,DE0001102481,0.233885
2022-01-12,DE0001102481,0.252327
2022-01-13,DE0001102481,0.224239
2022-01-14,DE0001102481,0.189272
2022-01-17,DE0001102481,0.23477
2022-01-18,DE0001102481,0.247196
2022-01-19,DE0001102481,0.273305
2022-01-20,DE0001102481,0.245408
2022-01-21,DE0001102481,0.204244
2022-01-24,DE0001102481,0.168756
2022-01-25,DE0001102481,0.203931
2022-01-26,DE0001102481,0.209164
2022-01-27,DE0001102481,0.231662
2022-01-28,DE0001102481,0.206616
2022-01-31,DE0001102481,0.226457
2022-02-01,DE0001102481,0.238492
2022-02-02,DE0001102481,0.261156
2022-02-03,DE0001102481,0.262368
2022-02-04,DE0001102481,0.288992
2022-02-07,DE0001102481,0.358106
2022-02-08,DE0001102481,0.366336
2022-02-09,DE0001102481,0.389898
2022-02-10,DE0001102481,0.409747
2022-02-11,DE0001102481,0.413312
2022-02-14,DE0001102481,0.372417
2022-02-15,DE0001102481,0.469789
2022-02-16,DE0001102481,0.526735
2022-02-17,DE0001102481,0.49831
2022-02-18,DE0001102481,0.455085
2022-02-21,DE0001102481,0.452364
2022-02-22,DE0001102481,0.426428
2022-02-23,DE0001102481,0.452852
2022-02-24,DE0001102481,0.368146
2022-02-25,DE0001102481,0.408319
2022-02-28,DE0001102481,0.420307
2022-03-01,DE0001102481,0.307696
2022-03-02,DE0001102481,0.244442
2022-03-03,DE0001102481,0.292453
2022-03-04,DE0001102481,0.223421
2022-03-07,DE0001102481,0.110805
2022-03-08,DE0001102481,0.200278
2022-03-09,DE0001102481,0.343933
2022-03-10,DE0001102481,0.349876
2022-03-11,DE0001102481,0.403322
2022-03-14,DE0001102481,0.471823
2022-03-15,DE0001102481,0.490107
2022-03-16,DE0001102481,0.532273
2022-03-17,DE0001102481,0.483392
2022-03-18,DE0001102481,0.515185
2022-03-21,DE0001102481,0.55732
2022-03-22,DE0001102481,0.623952
2022-03-23,DE0001102481,0.607981
2022-03-24,DE0001102481,0.633937
2022-03-25,DE0001102481,0.614057
2022-03-28,DE0001102481,0.669458
2022-03-29,DE0001102481,0.720055
2022-03-30,DE0001102481,0.710131
2022-03-31,DE0001102481,0.68655
2022-04-01,DE0001102481,0.680952
2022-04-04,DE0001102481,0.607003
2022-04-05,DE0001102481,0.643054
2022-04-06,DE0001102481,0.732828
2022-04-07,DE0001102481,0.750571
2022-04-08,DE0001102481,0.779248
2022-04-11,DE0001102481,0.837495
2022-04-12,DE0001102481,0.925687
2022-04-13,DE0001102481,0.920127
2022-04-14,DE0001102481,0.896653
2022-04-19,DE0001102481,1.05214
2022-04-20,DE0001102481,1.015004
2022-04-21,DE0001102481,1.016725
2022-04-22,DE0001102481,1.02148
2022-04-25,DE0001102481,0.998437
2022-04-26,DE0001102481,0.941332
2022-04-27,DE0001102481,0.9275
2022-04-28,DE0001102481,0.958953
2022-04-29,DE0001102481,1.006499
2022-05-02,DE0001102481,1.043874
2022-05-03,DE0001102481,1.106363
2022-05-04,DE0001102481,1.073441
2022-05-05,DE0001102481,1.090235
2022-05-06,DE0001102481,1.152005
2022-05-09,DE0001102481,1.227755
2022-05-10,DE0001102481,1.176672
2022-05-11,DE0001102481,1.100395
2022-05-12,DE0001102481,1.027865
2022-05-13,DE0001102481,1.047495
2022-05-16,DE0001102481,1.137703
2022-05-17,DE0001102481,1.130428
2022-05-18,DE0001102481,1.134476
2022-05-19,DE0001102481,1.038614
2022-05-20,DE0001102481,1.116628
2022-05-23,DE0001102481,1.10022
2022-05-24,DE0001102481,1.156395
2022-05-25,DE0001102481,1.127375
2022-05-26,DE0001102481,1.1509
2022-05-27,DE0001102481,1.235611
2022-05-30,DE0001102481,1.28595
2022-05-31,DE0001102481,1.311402
2022-06-01,DE0001102481,1.355909
2022-06-02,DE0001102481,1.438749
2022-06-03,DE0001102481,1.463055
2022-06-06,DE0001102481,1.515229
2022-06-07,DE0001102481,1.514827
2022-06-08,DE0001102481,1.52876
2022-06-09,DE0001102481,1.566994
2022-06-10,DE0001102481,1.559182
2022-06-13,DE0001102481,1.621363
2022-06-14,DE0001102481,1.711792
2022-06-15,DE0001102481,1.846161
2022-06-16,DE0001102481,1.867355
2022-06-17,DE0001102481,1.780127
2022-06-20,DE0001102481,1.79835
2022-06-21,DE0001102481,1.904657
2022-06-22,DE0001102481,1.874188
2022-06-23,DE0001102481,1.658681
2022-06-24,DE0001102481,1.67652
2022-06-27,DE0001102481,1.697686
2022-06-28,DE0001102481,1.767633
2022-06-29,DE0001102481,1.764254
2022-06-30,DE0001102481,1.65477
2022-07-01,DE0001102481,1.666721
2022-07-04,DE0001102481,1.591878
2022-07-05,DE0001102481,1.557274
2022-07-06,DE0001102481,1.49659
2022-07-07,DE0001102481,1.568506
2022-07-08,DE0001102481,1.512972
2022-07-11,DE0001102481,1.562102
2022-07-12,DE0001102481,1.381475
2022-07-13,DE0001102481,1.406643
2022-07-14,DE0001102481,1.403851
2022-07-15,DE0001102481,1.336661
2022-07-18,DE0001102481,1.398255
2022-07-19,DE0001102481,1.417113
2022-07-20,DE0001102481,1.410287
2022-07-21,DE0001102481,1.444061
2022-07-22,DE0001102481,1.269557
2022-07-25,DE0001102481,1.29821
2022-07-26,DE0001102481,1.221405
2022-07-27,DE0001102481,1.187197
2022-07-28,DE0001102481,1.234086
2022-07-29,DE0001102481,1.149069
2022-08-01,DE0001102481,1.084292
2022-08-02,DE0001102481,0.98863
2022-08-03,DE0001102481,1.046649
2022-08-04,DE0001102481,1.060019
2022-08-05,DE0001102481,1.018107
2022-08-08,DE0001102481,1.114947
2022-08-09,DE0001102481,1.135307
2022-08-10,DE0001102481,1.121082
2022-08-11,DE0001102481,1.148164
2022-08-12,DE0001102481,1.248047
2022-08-15,DE0001102481,1.172348
2022-08-16,DE0001102481,1.166958
2022-08-17,DE0001102481,1.29181
2022-08-18,DE0001102481,1.292192
2022-08-19,DE0001102481,1.35075
2022-08-22,DE0001102481,1.393994
2022-08-23,DE0001102481,1.436027
2022-08-24,DE0001102481,1.471472
2022-08-25,DE0001102481,1.480107
2022-08-26,DE0001102481,1.507029
2022-08-29,DE0001102481,1.600684
2022-08-30,DE0001102481,1.574875
2022-08-31,DE0001102481,1.622029
2022-09-01,DE0001102481,1.696849
2022-09-02,DE0001102481,1.71378
2022-09-05,DE0001102481,1.704182
2022-09-06,DE0001102481,1.666033
2022-09-07,DE0001102481,1.703935
2022-09-08,DE0001102481,1.669581
2022-09-09,DE0001102481,1.782968
2022-09-12,DE0001102481,1.77974
2022-09-13,DE0001102481,1.737218
2022-09-14,DE0001102481,1.750383
2022-09-15,DE0001102481,1.743217
2022-09-16,DE0001102481,1.722021
2022-09-19,DE0001102481,1.770244
2022-09-20,DE0001102481,1.845014
2022-09-21,DE0001102481,1.840943
2022-09-22,DE0001102481,1.751526
2022-09-23,DE0001102481,1.868934
2022-09-26,DE0001102481,1.885877
2022-09-27,DE0001102481,1.94939
2022-09-28,DE0001102481,2.190683
2022-09-29,DE0001102481,2.118951
2022-09-30,DE0001102481,2.077129
2022-10-03,DE0001102481,2.083601
2022-10-04,DE0001102481,1.850014
2022-10-05,DE0001102481,1.986856
2022-10-06,DE0001102481,1.987448
2022-10-07,DE0001102481,2.059772
2022-10-10,DE0001102481,2.139317
2022-10-11,DE0001102481,2.304713
2022-10-12,DE0001102481,2.377763
2022-10-13,DE0001102481,2.328583
2022-10-14,DE0001102481,2.249915
2022-10-17,DE0001102481,2.329745
2022-10-18,DE0001102481,2.371407
2022-10-19,DE0001102481,2.333003
2022-10-20,DE0001102481,2.393614
2022-10-21,DE0001102481,2.480683
2022-10-24,DE0001102481,2.431974
2022-10-25,DE0001102481,2.256259
2022-10-26,DE0001102481,2.135448
2022-10-27,DE0001102481,2.173312
2022-10-28,DE0001102481,2.124203
2022-10-31,DE0001102481,2.135189
2022-11-01,DE0001102481,2.079637
2022-11-02,DE0001102481,2.152186
2022-11-03,DE0001102481,2.176167
2022-11-04,DE0001102481,2.16548
2022-11-07,DE0001102481,2.208865
2022-11-08,DE0001102481,2.249152
2022-11-09,DE0001102481,2.172354
2022-11-10,DE0001102481,2.106768
2022-11-11,DE0001102481,2.022468
2022-11-14,DE0001102481,2.101287
2022-11-15,DE0001102481,2.058506
2022-11-16,DE0001102481,2.049657
2022-11-17,DE0001102481,1.922732
2022-11-18,DE0001102481,1.978007
2022-11-21,DE0001102481,1.945001
2022-11-22,DE0001102481,1.908376
2022-11-23,DE0001102481,1.883201
2022-11-24,DE0001102481,1.718115
2022-11-25,DE0001102481,1.760743
2022-11-28,DE0001102481,1.782606
2022-11-29,DE0001102481,1.761866
2022-11-30,DE0001102481,1.745987
2022-12-01,DE0001102481,1.665545
2022-12-02,DE0001102481,1.620015
2022-12-05,DE0001102481,1.582736
2022-12-06,DE0001102481,1.595385
2022-12-07,DE0001102481,1.562705
2022-12-08,DE0001102481,1.55023
2022-12-09,DE0001102481,1.59716
2022-12-12,DE0001102481,1.646779
2022-12-13,DE0001102481,1.650409
2022-12-14,DE0001102481,1.743679
2022-12-15,DE0001102481,1.751331
2022-12-16,DE0001102481,1.898242
2022-12-19,DE0001102481,1.959267
2022-12-20,DE0001102481,2.087225
2022-12-21,DE0001102481,2.107757
2022-12-22,DE0001102481,2.133022
2022-12-23,DE0001102481,2.197172
2022-12-27,DE0001102481,2.303707
2022-12-28,DE0001102481,2.310893
2022-12-29,DE0001102481,2.333241
2022-12-30,DE0001102481,2.389022
2023-01-02,DE0001102481,2.373877
2023-01-03,DE0001102481,2.186356
2023-01-04,DE0001102481,2.160442
2023-01-05,DE0001102481,2.161092
2023-01-06,DE0001102481,2.164433
2023-01-09,DE0001102481,2.134906
2023-01-10,DE0001102481,2.144416
2023-01-11,DE0001102481,2.09839
2023-01-12,DE0001102481,2.059846
2023-01-13,DE0001102481,1.999321
2023-01-16,DE0001102481,2.1001
2023-01-17,DE0001102481,2.075437
2023-01-18,DE0001102481,1.996293
2023-01-19,DE0001102481,1.891871
2023-01-20,DE0001102481,1.999448
2023-01-23,DE0001102481,2.076036
2023-01-24,DE0001102481,2.069072
2023-01-25,DE0001102481,1.988769
2023-01-26,DE0001102481,2.082306
2023-01-27,DE0001102481,2.133674
2023-01-30,DE0001102481,2.16944
2023-01-31,DE0001102481,2.166309
2023-02-01,DE0001102481,2.127903
2023-02-02,DE0001102481,2.133186
2023-02-03,DE0001102481,2.10543
2023-02-06,DE0001102481,2.216855
2023-02-07,DE0001102481,2.223877
2023-02-08,DE0001102481,2.264482
2023-02-09,DE0001102481,2.201701
2023-02-10,DE0001102481,2.252794
2023-02-13,DE0001102481,2.247762
2023-02-14,DE0001102481,2.23158
2023-02-15,DE0001102481,2.266768
2023-02-16,DE0001102481,2.354643
2023-02-17,DE0001102481,2.397257
2023-02-20,DE0001102481,2.330486
2023-02-21,DE0001102481,2.356768
2023-02-22,DE0001102481,2.403948
2023-02-23,DE0001102481,2.423343
2023-02-24,DE0001102481,2.328155
2023-02-27,DE0001102481,2.425273
2023-02-28,DE0001102481,2.509326
2023-03-01,DE0001102481,2.569808
2023-03-02,DE0001102481,2.599959
2023-03-03,DE0001102481,2.565341
2023-03-06,DE0001102481,2.490983
2023-03-07,DE0001102481,2.497845
2023-03-08,DE0001102481,2.525403
2023-03-09,DE0001102481,2.523207
2023-03-10,DE0001102481,2.409513
2023-03-13,DE0001102481,2.199563
2023-03-14,DE0001102481,2.286796
2023-03-15,DE0001102481,2.237435
2023-03-16,DE0001102481,2.183111
2023-03-17,DE0001102481,2.161612
2023-03-20,DE0001102481,2.01116
2023-03-21,DE0001102481,2.175693
2023-03-22,DE0001102481,2.221946
2023-03-23,DE0001102481,2.2002
2023-03-24,DE0001102481,2.018609
2023-03-27,DE0001102481,2.160228
2023-03-28,DE0001102481,2.29351
2023-03-29,DE0001102481,2.286797
2023-03-30,DE0001102481,2.311866
2023-03-31,DE0001102481,2.296525
2023-04-03,DE0001102481,2.324937
2023-04-04,DE0001102481,2.255701
2023-04-05,DE0001102481,2.276171
2023-04-06,DE0001102481,2.139672
2023-04-11,DE0001102481,2.233282
2023-04-12,DE0001102481,2.297693
2023-04-13,DE0001102481,2.374414
2023-04-14,DE0001102481,2.378684
2023-04-17,DE0001102481,2.41784
2023-04-18,DE0001102481,2.463738
2023-04-19,DE0001102481,2.474944
2023-04-20,DE0001102481,2.448724
2023-04-21,DE0001102481,2.419788
2023-04-24,DE0001102481,2.432551
2023-04-25,DE0001102481,2.423409
2023-04-26,DE0001102481,2.34516
2023-04-27,DE0001102481,2.430418
2023-04-28,DE0001102481,2.358138
2023-05-02,DE0001102481,2.381367
2023-05-03,DE0001102481,2.26787
2023-05-04,DE0001102481,2.316584
2023-05-05,DE0001102481,2.339778
2023-05-08,DE0001102481,2.387818
2023-05-09,DE0001102481,2.407408
2023-05-10,DE0001102481,2.43651
2023-05-11,DE0001102481,2.392
2023-05-12,DE0001102481,2.329
2023-05-15,DE0001102481,2.387
2023-05-16,DE0001102481,2.401
2023-05-17,DE0001102481,2.425
2023-05-18,DE0001102481,2.482
2023-05-19,DE0001102481,2.538
2023-05-22,DE0001102481,2.493
2023-05-23,DE0001102481,2.556
2023-05-24,DE0001102481,2.524
2023-05-25,DE0001102481,2.546
2023-05-26,DE0001102481,2.591
2023-05-29,DE0001102481,2.532
2023-05-30,DE0001102481,2.469
2023-05-31,DE0001102481,2.357
2023-06-01,DE0001102481,2.391
2023-06-02,DE0001102481,2.388
2023-06-05,DE0001102481,2.452
2023-06-06,DE0001102481,2.421
2023-06-07,DE0001102481,2.441
2023-06-08,DE0001102481,2.522
2023-06-09,DE0001102481,2.477
2023-06-12,DE0001102481,2.438
2023-06-13,DE0001102481,2.438
2023-06-14,DE0001102481,2.488
2023-06-15,DE0001102481,2.507
2023-06-16,DE0001102481,2.485
2023-06-19,DE0001102481,2.489
2023-06-20,DE0001102481,2.489
2023-06-21,DE0001102481,2.382
2023-06-22,DE0001102481,2.39
2023-06-23,DE0001102481,2.322
2023-06-26,DE0001102481,2.298
2023-06-27,DE0001102481,2.301
2023-06-28,DE0001102481,2.3
2023-06-29,DE0001102481,2.302
2023-06-30,DE0001102481,2.369
2023-07-03,DE0001102481,2.277
2023-07-04,DE0001102481,2.366
2023-07-05,DE0001102481,2.339
2023-07-06,DE0001102481,2.452
2023-07-07,DE0001102481,2.542
2023-07-10,DE0001102481,2.591
2023-07-11,DE0001102481,2.523
2023-07-12,DE0001102481,2.563
2023-07-13,DE0001102481,2.458
2023-07-14,DE0001102481,2.43
2023-07-17,DE0001102481,2.429
2023-07-18,DE0001102481,2.369
2023-07-19,DE0001102481,2.317
2023-07-20,DE0001102481,2.385
2023-07-21,DE0001102481,2.43
2023-07-24,DE0001102481,2.377
2023-07-25,DE0001102481,2.41
2023-07-26,DE0001102481,2.41
2023-07-27,DE0001102481,2.469
2023-07-28,DE0001102481,2.507
2023-07-31,DE0001102481,2.52
2023-08-01,DE0001102481,2.504
2023-08-02,DE0001102481,2.544
2023-08-03,DE0001102481,2.61
2023-08-04,DE0001102481,2.616
2023-08-07,DE0001102481,2.607
2023-08-08,DE0001102481,2.507
2023-08-09,DE0001102481,2.489
2023-08-10,DE0001102481,2.553
2023-08-11,DE0001102481,2.592
2023-08-14,DE0001102481,2.632
2023-08-15,DE0001102481,2.696
2023-08-16,DE0001102481,2.677
2023-08-17,DE0001102481,2.714
2023-08-18,DE0001102481,2.642
2023-08-21,DE0001102481,2.693
2023-08-22,DE0001102481,2.687
2023-08-23,DE0001102481,2.577
2023-08-24,DE0001102481,2.523
2023-08-25,DE0001102481,2.587
2023-08-28,DE0001102481,2.598
2023-08-29,DE0001102481,2.578
2023-08-30,DE0001102481,2.593
2023-08-31,DE0001102481,2.554
2023-09-01,DE0001102481,2.535
2023-09-04,DE0001102481,2.628
2023-09-05,DE0001102481,2.668
2023-09-06,DE0001102481,2.685
2023-09-07,DE0001102481,2.685
2023-09-08,DE0001102481,2.663
2023-09-11,DE0001102481,2.687
2023-09-12,DE0001102481,2.686
2023-09-13,DE0001102481,2.723349
2023-09-14,DE0001102481,2.68
2023-09-15,DE0001102481,2.714
2023-09-18,DE0001102481,2.758
2023-09-19,DE0001102481,2.774
2023-09-20,DE0001102481,2.805
2023-09-21,DE0001102481,2.814
2023-09-22,DE0001102481,2.809
2023-09-25,DE0001102481,2.882
2023-09-26,DE0001102481,2.929
2023-09-27,DE0001102481,2.902
2023-09-28,DE0001102481,3.028
2023-09-29,DE0001102481,2.951
2023-10-02,DE0001102481,3.002
2023-10-03,DE0001102481,3.078
2023-10-04,DE0001102481,3.116
2023-10-05,DE0001102481,3.104
2023-10-06,DE0001102481,3.062
2023-10-09,DE0001102481,3.016
2023-10-10,DE0001102481,2.961
2023-10-11,DE0001102481,2.86
2023-10-12,DE0001102481,2.859
2023-10-13,DE0001102481,2.879
2023-10-16,DE0001102481,2.935
2023-10-17,DE0001102481,2.946
2023-10-18,DE0001102481,3.033
2023-10-19,DE0001102481,3.059
2023-10-20,DE0001102481,3.063
2023-10-23,DE0001102481,3.108
2023-10-24,DE0001102481,2.935
2023-10-25,DE0001102481,3.007
2023-10-26,DE0001102481,3.056
2023-10-27,DE0001102481,3.038
2023-10-30,DE0001102481,3.044
2023-10-31,DE0001102481,2.988
2023-11-01,DE0001102481,3.064
2023-11-02,DE0001102481,2.95
2023-11-03,DE0001102481,2.934
2023-11-06,DE0001102481,2.903
2023-11-07,DE0001102481,2.878
2023-11-08,DE0001102481,2.775
2023-11-09,DE0001102481,2.809
2023-11-10,DE0001102481,2.895
2023-11-13,DE0001102481,2.851
2023-11-14,DE0001102481,2.838
2023-11-15,DE0001102481,2.755
2023-11-16,DE0001102481,2.789
2023-11-17,DE0001102481,2.705
2023-11-20,DE0001102481,2.749
2023-11-21,DE0001102481,2.719
2023-11-22,DE0001102481,2.71
2023-11-23,DE0001102481,2.709
2023-11-24,DE0001102481,2.765
2023-11-27,DE0001102481,2.756
2023-11-28,DE0001102481,2.704
2023-11-29,DE0001102481,2.645
2023-11-30,DE0001102481,2.623
2023-12-01,DE0001102481,2.619
2023-12-04,DE0001102481,2.577
2023-12-05,DE0001102481,2.502
2023-12-06,DE0001102481,2.421
2023-12-07,DE0001102481,2.322
2023-12-08,DE0001102481,2.402
2023-12-11,DE0001102481,2.4
2023-12-12,DE0001102481,2.367
2023-12-13,DE0001102481,2.321
2023-12-14,DE0001102481,2.246
2023-12-15,DE0001102481,2.197
2023-12-18,DE0001102481,2.172
2023-12-19,DE0001102481,2.188
2023-12-20,DE0001102481,2.147
2023-12-21,DE0001102481,2.122
2023-12-22,DE0001102481,2.127
2023-12-27,DE0001102481,2.117
2023-12-28,DE0001102481,2.114
2023-12-29,DE0001102481,2.226
2024-01-02,DE0001102481,2.3028
2024-01-03,DE0001102481,2.2722
2024-01-04,DE0001102481,2.2813
2024-01-05,DE0001102481,2.3356
2024-01-08,DE0001102481,2.3489
2024-01-09,DE0001102481,2.3865
2024-01-10,DE0001102481,2.3523
2024-01-11,DE0001102481,2.3566
2024-01-12,DE0001102481,2.348
2024-01-15,DE0001102481,2.3923
2024-01-16,DE0001102481,2.3925
2024-01-17,DE0001102481,2.4167
2024-01-18,DE0001102481,2.451
2024-01-19,DE0001102481,2.4591
2024-01-22,DE0001102481,2.4311
2024-01-23,DE0001102481,2.4599
2024-01-24,DE0001102481,2.4882
2024-01-25,DE0001102481,2.5188
2024-01-26,DE0001102481,2.4565
2024-01-29,DE0001102481,2.4321
2024-01-30,DE0001102481,2.4316
2024-01-31,DE0001102481,2.4064
2024-02-01,DE0001102481,2.4217
2024-02-02,DE0001102481,2.3431
2024-02-05,DE0001102481,2.4581
2024-02-06,DE0001102481,2.5035
2024-02-07,DE0001102481,2.4785
2024-02-08,DE0001102481,2.4941
2024-02-09,DE0001102481,2.5232
2024-02-12,DE0001102481,2.5207
2024-02-13,DE0001102481,2.5217
2024-02-14,DE0001102481,2.5086
2024-02-15,DE0001102481,2.4501
2024-02-16,DE0001102481,2.5176
2024-02-19,DE0001102481,2.5151
2024-02-20,DE0001102481,2.5094
2024-02-21,DE0001102481,2.5201
2024-02-22,DE0001102481,2.5464
2024-02-23,DE0001102481,2.5427
2024-02-26,DE0001102481,2.4768
2024-02-27,DE0001102481,2.5307
2024-02-28,DE0001102481,2.5816
2024-02-29,DE0001102481,2.5885
2024-03-01,DE0001102481,2.5026
2024-03-04,DE0001102481,2.4897
2024-03-05,DE0001102481,2.4796
2024-03-06,DE0001102481,2.4606
2024-03-07,DE0001102481,2.3978
2024-03-08,DE0001102481,2.3891
2024-03-11,DE0001102481,2.3969
2024-03-12,DE0001102481,2.4051
2024-03-13,DE0001102481,2.4228
2024-03-14,DE0001102481,2.4951
2024-03-15,DE0001102481,2.5392
2024-03-18,DE0001102481,2.5632
2024-03-19,DE0001102481,2.5476
2024-03-20,DE0001102481,2.5358
2024-03-21,DE0001102481,2.5275
2024-03-22,DE0001102481,2.4999
2024-03-25,DE0001102481,2.4722
2024-03-26,DE0001102481,2.465
2024-03-27,DE0001102481,2.4523
2024-03-28,DE0001102481,2.423
2024-04-02,DE0001102481,2.4928
2024-04-03,DE0001102481,2.5305
2024-04-04,DE0001102481,2.5065
2024-04-05,DE0001102481,2.4894
2024-04-08,DE0001102481,2.5696
2024-04-09,DE0001102481,2.5021
2024-04-10,DE0001102481,2.463
2024-04-11,DE0001102481,2.5384
2024-04-12,DE0001102481,2.4801
2024-04-15,DE0001102481,2.5096
2024-04-16,DE0001102481,2.566
2024-04-17,DE0001102481,2.5781
2024-04-18,DE0001102481,2.5433
2024-04-19,DE0001102481,2.5546
2024-04-22,DE0001102481,2.6147
2024-04-23,DE0001102481,2.5858
2024-04-24,DE0001102481,2.6508
2024-04-25,DE0001102481,2.693
2024-04-26,DE0001102481,2.7025
2024-04-29,DE0001102481,2.6369
2024-04-30,DE0001102481,2.64
2024-05-02,DE0001102481,2.6342
2024-05-03,DE0001102481,2.6164
2024-05-06,DE0001102481,2.5491
2024-05-07,DE0001102481,2.5388
2024-05-08,DE0001102481,2.5353
2024-05-09,DE0001102481,2.6053
2024-05-10,DE0001102481,2.5717
2024-05-13,DE0001102481,2.6259
2024-05-14,DE0001102481,2.6269
2024-05-15,DE0001102481,2.6049
2024-05-16,DE0001102481,2.5561
2024-05-17,DE0001102481,2.6111
2024-05-20,DE0001102481,2.6379
2024-05-21,DE0001102481,2.6258
2024-05-22,DE0001102481,2.6431
2024-05-23,DE0001102481,2.6501
2024-05-24,DE0001102481,2.6727
2024-05-27,DE0001102481,2.6874
2024-05-28,DE0001102481,2.6572
2024-05-29,DE0001102481,2.7266
2024-05-30,DE0001102481,2.7883
2024-05-31,DE0001102481,2.802
2024-06-03,DE0001102481,2.752
2024-06-04,DE0001102481,2.6802
2024-06-05,DE0001102481,2.6664
2024-06-06,DE0001102481,2.6517
2024-06-07,DE0001102481,2.6767
2024-06-10,DE0001102481,2.7524
2024-06-11,DE0001102481,2.7759
2024-06-12,DE0001102481,2.7307
2024-06-13,DE0001102481,2.674
2024-06-14,DE0001102481,2.5462
2024-06-17,DE0001102481,2.5166
2024-06-18,DE0001102481,2.5508
2024-06-19,DE0001102481,2.5171
2024-06-20,DE0001102481,2.5595
2024-06-21,DE0001102481,2.5224
2024-06-24,DE0001102481,2.5646
2024-06-25,DE0001102481,2.5641
2024-06-26,DE0001102481,2.5765
2024-06-27,DE0001102481,2.6096
2024-06-28,DE0001102481,2.6088
2024-07-01,DE0001102481,2.7266
2024-07-02,DE0001102481,2.7516
2024-07-03,DE0001102481,2.7447
2024-07-04,DE0001102481,2.7178
2024-07-05,DE0001102481,2.6996
2024-07-08,DE0001102481,2.6954
2024-07-09,DE0001102481,2.6816
2024-07-10,DE0001102481,2.6615
2024-07-11,DE0001102481,2.6631
2024-07-12,DE0001102481,2.6545
2024-07-15,DE0001102481,2.6264
2024-07-16,DE0001102481,2.5881
2024-07-17,DE0001102481,2.5579
2024-07-18,DE0001102481,2.5823
2024-07-19,DE0001102481,2.5877
2024-07-22,DE0001102481,2.6337
2024-07-23,DE0001102481,2.6224
2024-07-24,DE0001102481,2.5919
2024-07-25,DE0001102481,2.6011
2024-07-26,DE0001102481,2.6181
2024-07-29,DE0001102481,2.5263
2024-07-30,DE0001102481,2.5462
2024-07-31,DE0001102481,2.5193
2024-08-01,DE0001102481,2.4767
2024-08-02,DE0001102481,2.4106
2024-08-05,DE0001102481,2.3513
2024-08-06,DE0001102481,2.3487
2024-08-07,DE0001102481,2.4422
2024-08-08,DE0001102481,2.4356
2024-08-09,DE0001102481,2.4469
2024-08-12,DE0001102481,2.4317
2024-08-13,DE0001102481,2.4275
2024-08-14,DE0001102481,2.4131
2024-08-15,DE0001102481,2.4015
2024-08-16,DE0001102481,2.4215
2024-08-19,DE0001102481,2.3991
2024-08-20,DE0001102481,2.4257
2024-08-21,DE0001102481,2.4135
2024-08-22,DE0001102481,2.426
2024-08-23,DE0001102481,2.4543
2024-08-26,DE0001102481,2.4486
2024-08-27,DE0001102481,2.4823
2024-08-28,DE0001102481,2.4707
2024-08-29,DE0001102481,2.4625
2024-08-30,DE0001102481,2.4799
2024-09-02,DE0001102481,2.5524
2024-09-03,DE0001102481,2.5436
2024-09-04,DE0001102481,2.4651
2024-09-05,DE0001102481,2.4392
2024-09-06,DE0001102481,2.3896
2024-09-09,DE0001102481,2.4716
2024-09-10,DE0001102481,2.4091
2024-09-11,DE0001102481,2.3678
2024-09-12,DE0001102481,2.3984
2024-09-13,DE0001102481,2.3928
2024-09-16,DE0001102481,2.4048
2024-09-17,DE0001102481,2.3585
2024-09-18,DE0001102481,2.4134
2024-09-19,DE0001102481,2.4577
2024-09-20,DE0001102481,2.4394
2024-09-23,DE0001102481,2.4582
2024-09-24,DE0001102481,2.501
2024-09-25,DE0001102481,2.4543
2024-09-26,DE0001102481,2.4469
2024-09-27,DE0001102481,2.4206
2024-09-30,DE0001102481,2.4682
2024-10-01,DE0001102481,2.3606
2024-10-02,DE0001102481,2.3833
2024-10-03,DE0001102481,2.4362
2024-10-04,DE0001102481,2.4646
2024-10-07,DE0001102481,2.5037
2024-10-08,DE0001102481,2.516
2024-10-09,DE0001102481,2.4953
2024-10-10,DE0001102481,2.5224
2024-10-11,DE0001102481,2.5484
2024-10-14,DE0001102481,2.5245
2024-10-15,DE0001102481,2.4894
2024-10-16,DE0001102481,2.462
2024-10-17,DE0001102481,2.4785
2024-10-18,DE0001102481,2.4907
2024-10-21,DE0001102481,2.5294
2024-10-22,DE0001102481,2.6061
2024-10-23,DE0001102481,2.6149
2024-10-24,DE0001102481,2.5634
2024-10-25,DE0001102481,2.5614
2024-10-28,DE0001102481,2.5678
2024-10-29,DE0001102481,2.5927
2024-10-30,DE0001102481,2.5523
2024-10-31,DE0001102481,2.6092
2024-11-01,DE0001102481,2.6079
2024-11-04,DE0001102481,2.5997
2024-11-05,DE0001102481,2.5815
2024-11-06,DE0001102481,2.6026
2024-11-07,DE0001102481,2.7004
2024-11-08,DE0001102481,2.5983
2024-11-11,DE0001102481,2.5139
2024-11-12,DE0001102481,2.4901
2024-11-13,DE0001102481,2.5243
2024-11-14,DE0001102481,2.5532
2024-11-15,DE0001102481,2.5088
2024-11-18,DE0001102481,2.5644
2024-11-19,DE0001102481,2.4688
2024-11-20,DE0001102481,2.5209
2024-11-21,DE0001102481,2.4826
2024-11-22,DE0001102481,2.4478
2024-11-25,DE0001102481,2.4274
2024-11-26,DE0001102481,2.4026
2024-11-27,DE0001102481,2.3108
2024-11-28,DE0001102481,2.3346
2024-11-29,DE0001102481,2.284
2024-12-02,DE0001102481,2.2411
2024-12-03,DE0001102481,2.2512
2024-12-04,DE0001102481,2.2543
2024-12-05,DE0001102481,2.2508
2024-12-06,DE0001102481,2.2616
2024-12-09,DE0001102481,2.2732
2024-12-10,DE0001102481,2.3148
2024-12-11,DE0001102481,2.3043
2024-12-12,DE0001102481,2.3685
2024-12-13,DE0001102481,2.423
2024-12-16,DE0001102481,2.4262
2024-12-17,DE0001102481,2.4235
2024-12-18,DE0001102481,2.4334
2024-12-19,DE0001102481,2.4483
2024-12-20,DE0001102481,2.4874
2024-12-23,DE0001102481,2.4844
2024-12-27,DE0001102481,2.5712
2024-12-30,DE0001102481,2.5756
2025-01-02,DE0001102481,2.5461
2025-01-03,DE0001102481,2.5624
2025-01-06,DE0001102481,2.6151
2025-01-07,DE0001102481,2.6419
2025-01-08,DE0001102481,2.672
2025-01-09,DE0001102481,2.7181
2025-01-10,DE0001102481,2.7464
2025-01-13,DE0001102481,2.77
2025-01-14,DE0001102481,2.7833
2025-01-15,DE0001102481,2.8015
2025-01-16,DE0001102481,2.7506
2025-01-17,DE0001102481,2.7109
2025-01-20,DE0001102481,2.7239
2025-01-21,DE0001102481,2.6861
2025-01-22,DE0001102481,2.6871
2025-01-23,DE0001102481,2.723
2025-01-24,DE0001102481,2.7482
2025-01-27,DE0001102481,2.7005
2025-01-28,DE0001102481,2.7231
2025-01-29,DE0001102481,2.7146
2025-01-30,DE0001102481,2.7115
2025-01-31,DE0001102481,2.6848
2025-02-03,DE0001102481,2.5967
2025-02-04,DE0001102481,2.625
2025-02-05,DE0001102481,2.5489
2025-02-06,DE0001102481,2.5573
2025-02-07,DE0001102481,2.5561
2025-02-10,DE0001102481,2.5863
2025-02-11,DE0001102481,2.6106
2025-02-12,DE0001102481,2.6641
2025-02-13,DE0001102481,2.6634
2025-02-14,DE0001102481,2.6229
2025-02-17,DE0001102481,2.7091
2025-02-18,DE0001102481,2.7126
2025-02-19,DE0001102481,2.7264
2025-02-20,DE0001102481,2.7562
2025-02-21,DE0001102481,2.7061
2025-02-24,DE0001102481,2.6818
2025-02-25,DE0001102481,2.6979
2025-02-26,DE0001102481,2.6461
2025-02-27,DE0001102481,2.6588
2025-02-28,DE0001102481,2.6176
2025-03-03,DE0001102481,2.7132
2025-03-04,DE0001102481,2.7359
2025-03-05,DE0001102481,2.9498
2025-03-06,DE0001102481,3.0574
2025-03-07,DE0001102481,3.0351
2025-03-10,DE0001102481,3.0242
2025-03-11,DE0001102481,3.0978
2025-03-12,DE0001102481,3.146
2025-03-13,DE0001102481,3.1444
2025-03-14,DE0001102481,3.1474
2025-03-17,DE0001102481,3.07
2025-03-18,DE0001102481,3.0949
2025-03-19,DE0001102481,3.0402
2025-03-20,DE0001102481,3.0221
2025-03-21,DE0001102481,3.0302
2025-03-24,DE0001102481,3.0654
2025-03-25,DE0001102481,3.1008
2025-03-26,DE0001102481,3.0836
2025-03-27,DE0001102481,3.0881
2025-03-28,DE0001102481,3.0231
2025-03-31,DE0001102481,3.0027
2025-04-01,DE0001102481,2.9747
2025-04-02,DE0001102481,2.9768
2025-04-03,DE0001102481,2.9837
2025-04-04,DE0001102481,2.8437
2025-04-07,DE0001102481,2.7939
2025-04-08,DE0001102481,2.9557
2025-04-09,DE0001102481,2.9611
2025-04-10,DE0001102481,2.9604
2025-04-11,DE0001102481,2.8682
2025-04-14,DE0001102481,2.8412
2025-04-15,DE0001102481,2.8333
2025-04-16,DE0001102481,2.8311
2025-04-17,DE0001102481,2.8696
2025-04-22,DE0001102481,2.8206
2025-04-23,DE0001102481,2.8242
2025-04-24,DE0001102481,2.8301
2025-04-25,DE0001102481,2.837
2025-04-28,DE0001102481,2.8754
2025-04-29,DE0001102481,2.8603
2025-04-30,DE0001102481,2.8323
2025-05-02,DE0001102481,2.8351
2025-05-05,DE0001102481,2.8969
2025-05-06,DE0001102481,2.9385
2025-05-07,DE0001102481,2.9219
2025-05-08,DE0001102481,2.9086
2025-05-09,DE0001102481,2.9861
2025-05-12,DE0001102481,3.0105
2025-05-13,DE0001102481,3.07
2025-05-14,DE0001102481,3.0782
2025-05-15,DE0001102481,3.0731
2025-05-16,DE0001102481,2.9509
2025-05-19,DE0001102481,3.0536
2025-05-20,DE0001102481,2.9728
2025-05-21,DE0001102481,3.0929
2025-05-22,DE0001102481,3.0904
2025-05-23,DE0001102481,3.0662
2025-05-26,DE0001102481,3.0447
2025-05-27,DE0001102481,2.9606
2025-05-28,DE0001102481,2.978
2025-05-29,DE0001102481,2.985
2025-05-30,DE0001102481,2.9529
2025-06-02,DE0001102481,2.9796
2025-06-03,DE0001102481,2.9315
2025-06-04,DE0001102481,2.9666
2025-06-05,DE0001102481,2.8999
2025-06-06,DE0001102481,2.9288
2025-06-09,DE0001102481,2.914
2025-06-10,DE0001102481,2.9269
2025-06-11,DE0001102481,2.9536
2025-06-12,DE0001102481,2.9139
2025-06-13,DE0001102481,2.879
2025-06-16,DE0001102481,2.9603
2025-06-17,DE0001102481,2.9402
2025-06-18,DE0001102481,2.9312
2025-06-19,DE0001102481,2.9128
2025-06-20,DE0001102481,2.9148
2025-06-23,DE0001102481,2.9388
2025-06-24,DE0001102481,2.9817
2025-06-25,DE0001102481,2.9598
2025-06-26,DE0001102481,2.9865
2025-06-27,DE0001102481,3.0092
2025-06-30,DE0001102481,3.0035
2025-07-01,DE0001102481,2.9763
2025-07-02,DE0001102481,3.0111
2025-07-03,DE0001102481,3.0129
2025-07-04,DE0001102481,2.972
2025-07-07,DE0001102481,3.0249
2025-07-08,DE0001102481,3.0979
2025-07-09,DE0001102481,3.0762
2025-07-10,DE0001102481,3.0966
2025-07-11,DE0001102481,3.1539
2025-07-14,DE0001102481,3.1506
2025-07-15,DE0001102481,3.1153
2025-07-16,DE0001102481,3.1451
2025-07-17,DE0001102481,3.1461
2025-07-18,DE0001102481,3.1393
2025-07-21,DE0001102481,3.0979
2025-07-22,DE0001102481,3.0815
2025-07-23,DE0001102481,3.0757
2025-07-24,DE0001102481,3.1138
2025-07-25,DE0001102481,3.1894
2025-07-28,DE0001102481,3.1216
2025-07-29,DE0001102481,3.1407
2025-07-30,DE0001102481,3.125
2025-07-31,DE0001102481,3.1162
2025-08-01,DE0001102481,3.1299
2025-08-04,DE0001102481,3.1365
2025-08-05,DE0001102481,3.0801
2025-08-06,DE0001102481,3.1008
2025-08-07,DE0001102481,3.0859
2025-08-08,DE0001102481,3.0959
2025-08-11,DE0001102481,3.1363
2025-08-12,DE0001102481,3.1698
2025-08-13,DE0001102481,3.1864
2025-08-14,DE0001102481,3.1496
2025-08-15,DE0001102481,3.2452
2025-08-18,DE0001102481,3.2529
2025-08-19,DE0001102481,3.2902
2025-08-20,DE0001102481,3.2435
2025-08-21,DE0001102481,3.2446
2025-08-22,DE0001102481,3.2597
2025-08-25,DE0001102481,3.2869
2025-08-26,DE0001102481,3.2733
2025-08-27,DE0001102481,3.2323
2025-08-28,DE0001102481,3.2609
2025-08-29,DE0001102481,3.2668
2025-09-01,DE0001102481,3.3118
2025-09-02,DE0001102481,3.3497
2025-09-03,DE0001102481,3.3576
2025-09-04,DE0001102481,3.2811
2025-09-05,DE0001102481,3.2944
2025-09-08,DE0001102481,3.2467
2025-09-09,DE0001102481,3.2453
2025-09-10,DE0001102481,3.2291
2025-09-11,DE0001102481,3.2302
2025-09-12,DE0001102481,3.2178
2025-09-15,DE0001102481,3.2373
2025-09-16,DE0001102481,3.2313
2025-09-17,DE0001102481,3.2098
2025-09-18,DE0001102481,3.2099
2025-09-19,DE0001102481,3.2736
2025-09-22,DE0001102481,3.2916
2025-09-23,DE0001102481,3.3031
2025-09-24,DE0001102481,3.2914
2025-09-25,DE0001102481,3.2814
2025-09-26,DE0001102481,3.2808
2025-09-29,DE0001102481,3.2581
2025-09-30,DE0001102481,3.2428
2025-10-01,DE0001102481,3.2689
2025-10-02,DE0001102481,3.2544
2025-10-03,DE0001102481,3.2373
2025-10-06,DE0001102481,3.268
2025-10-07,DE0001102481,3.2897
2025-10-08,DE0001102481,3.2466
2025-10-09,DE0001102481,3.2459
2025-10-10,DE0001102481,3.2215
2025-10-13,DE0001102481,3.1927
2025-10-14,DE0001102481,3.1426
2025-10-15,DE0001102481,3.1394
2025-10-16,DE0001102481,3.1261
2025-10-17,DE0001102481,3.1202
2025-10-20,DE0001102481,3.1555
2025-10-21,DE0001102481,3.1209
2025-10-22,DE0001102481,3.0929
2025-10-23,DE0001102481,3.1357
2025-10-24,DE0001102481,3.1612
2025-10-27,DE0001102481,3.1832
2025-10-28,DE0001102481,3.1574
2025-10-29,DE0001102481,3.1713
2025-10-30,DE0001102481,3.1841
2025-10-31,DE0001102481,3.1917
2025-11-03,DE0001102481,3.1966
2025-11-04,DE0001102481,3.2106
2025-11-05,DE0001102481,3.2146
2025-11-06,DE0001102481,3.223
2025-11-07,DE0001102481,3.2426
2025-11-10,DE0001102481,3.2448
2025-11-11,DE0001102481,3.2388
2025-11-12,DE0001102481,3.2346
2025-11-13,DE0001102481,3.2119
2025-11-14,DE0001102481,3.284
2025-11-17,DE0001102481,3.2844
2025-11-18,DE0001102481,3.2792
2025-11-19,DE0001102481,3.3
2025-11-20,DE0001102481,3.317
2025-11-21,DE0001102481,3.295
2025-11-24,DE0001102481,3.2935
2025-11-25,DE0001102481,3.3032
2025-11-26,DE0001102481,3.297
2025-11-27,DE0001102481,3.3084
2025-11-28,DE0001102481,3.3144
2025-12-01,DE0001102481,3.3561
2025-12-02,DE0001102481,3.3802
2025-12-03,DE0001102481,3.3882
2025-12-04,DE0001102481,3.3913
2025-12-05,DE0001102481,3.4137
2025-12-08,DE0001102481,3.4633
2025-12-09,DE0001102481,3.4559
2025-12-10,DE0001102481,3.4777
2025-12-11,DE0001102481,3.4682
2025-12-12,DE0001102481,3.4657
2025-12-15,DE0001102481,3.4466
2025-12-16,DE0001102481,3.4587
2025-12-17,DE0001102481,3.4629
2025-12-18,DE0001102481,3.4758
2025-12-19,DE0001102481,3.5282
2025-12-22,DE0001102481,3.5375
2025-12-23,DE0001102481,3.4864
2025-12-29,DE0001102481,3.4793
2025-12-30,DE0001102481,3.4723
2026-01-02,DE0001102481,3.4954
2026-01-05,DE0001102481,3.5243
2026-01-06,DE0001102481,3.504
2026-01-07,DE0001102481,3.4295
2026-01-08,DE0001102481,3.4763
2026-01-09,DE0001102481,3.4767
2026-01-12,DE0001102481,3.4644
2026-01-13,DE0001102481,3.4667
2026-01-14,DE0001102481,3.4584
2026-01-15,DE0001102481,3.4267
2026-01-16,DE0001102481,3.4251
2026-01-19,DE0001102481,3.4448
2026-01-20,DE0001102481,3.5116
2026-01-21,DE0001102481,3.4962
2026-01-22,DE0001102481,3.4925
2026-01-23,DE0001102481,3.5077
2026-01-26,DE0001102481,3.4982
2026-01-27,DE0001102481,3.4947
2026-01-28,DE0001102481,3.4824
2026-01-29,DE0001102481,3.4943
2026-01-30,DE0001102481,3.5045
2026-02-02,DE0001102481,3.4961
2026-02-03,DE0001102481,3.5241
2026-02-04,DE0001102481,3.5363
2026-02-05,DE0001102481,3.5375
2026-02-06,DE0001102481,3.4907
2026-02-09,DE0001102481,3.5284
2026-02-10,DE0001102481,3.514
2026-02-11,DE0001102481,3.4801
2026-02-12,DE0001102481,3.456
2026-02-13,DE0001102481,3.4476
2026-02-16,DE0001102481,3.4374
2026-02-17,DE0001102481,3.406
2026-02-18,DE0001102481,3.4054
2026-02-19,DE0001102481,3.4229
2026-02-20,DE0001102481,3.3936
2026-02-23,DE0001102481,3.4016
2026-02-24,DE0001102481,3.3734
2026-02-25,DE0001102481,3.3919
2026-02-26,DE0001102481,3.3749
2026-02-27,DE0001102481,3.3639
2026-03-02,DE0001102481,3.3368
2026-03-03,DE0001102481,3.4288
2026-03-04,DE0001102481,3.407
2026-03-05,DE0001102481,3.4226
2026-03-06,DE0001102481,3.4201
2026-03-09,DE0001102481,3.4244
2026-03-10,DE0001102481,3.4277
2026-03-11,DE0001102481,3.4571
2026-03-12,DE0001102481,3.4826
2026-03-13,DE0001102481,3.5026
2026-03-16,DE0001102481,3.506
2026-03-17,DE0001102481,3.4789
2026-03-18,DE0001102481,3.4279
2026-03-19,DE0001102481,3.4747
2026-03-20,DE0001102481,3.4644
2026-03-23,DE0001102481,3.5039
2026-03-24,DE0001102481,3.472
2026-03-25,DE0001102481,3.4171
2026-03-26,DE0001102481,3.4424
2026-03-27,DE0001102481,3.5112
2026-03-30,DE0001102481,3.5155
2026-03-31,DE0001102481,3.4514
2026-04-01,DE0001102481,3.3911
2026-04-02,DE0001102481,3.4777
2026-04-07,DE0001102481,3.4571
2026-04-08,DE0001102481,3.4371
2026-04-09,DE0001102481,3.483
2026-04-10,DE0001102481,3.5495
2026-04-13,DE0001102481,3.5769
2026-04-14,DE0001102481,3.5743
2026-04-15,DE0001102481,3.5677
2026-04-16,DE0001102481,3.5779
2026-04-17,DE0001102481,3.5823
2026-04-20,DE0001102481,3.5508
2026-04-21,DE0001102481,3.5205
2026-04-22,DE0001102481,3.5426
2026-04-23,DE0001102481,3.5449
2026-04-24,DE0001102481,3.5423
2026-04-27,DE0001102481,3.5414
2026-04-28,DE0001102481,3.576
2026-04-29,DE0001102481,3.5766
2026-04-30,DE0001102481,3.5881
2026-05-04,DE0001102481,3.5436
2026-05-05,DE0001102481,3.5639
2026-05-06,DE0001102481,3.5127
2026-05-07,DE0001102481,3.5188
2026-05-08,DE0001102481,3.5272
2026-05-11,DE0001102481,3.5395
2026-05-12,DE0001102481,3.6019
2026-05-13,DE0001102481,3.6063
2026-05-14,DE0001102481,3.6005
2026-05-15,DE0001102481,3.6201
2026-05-18,DE0001102481,3.6714
2026-05-19,DE0001102481,3.6708
2026-05-20,DE0001102481,3.6692
2026-05-21,DE0001102481,3.5963
2026-05-22,DE0001102481,3.5697
2026-05-25,DE0001102481,3.484
2026-05-26,DE0001102481,3.5001
2026-05-27,DE0001102481,3.4907
2026-05-28,DE0001102481,3.5254
2026-05-29,DE0001102481,3.4972
2026-06-01,DE0001102481,3.5173
2026-06-02,DE0001102481,3.4901
2026-06-03,DE0001102481,3.5399
2026-06-04,DE0001102481,3.562
2026-06-05,DE0001102481,3.5535
2026-06-08,DE0001102481,3.5819
2026-06-09,DE0001102481,3.5823
2026-06-10,DE0001102481,3.5827
2026-06-11,DE0001102481,3.59
2026-06-12,DE0001102481,3.5206
2026-06-15,DE0001102481,3.5121
2026-06-16,DE0001102481,3.4918
2026-06-17,DE0001102481,3.4834
2026-06-18,DE0001102481,3.4651
2026-06-19,DE0001102481,3.5047
2026-06-22,DE0001102481,3.5179
2026-06-23,DE0001102481,3.4907
2026-06-24,DE0001102481,3.454
2026-06-25,DE0001102481,3.4116
2026-06-26,DE0001102481,3.4072
2026-06-29,DE0001102481,3.4144
2026-06-30,DE0001102481,3.408
2026-07-01,DE0001102481,3.45
2026-07-02,DE0001102481,3.4883
2026-07-03,DE0001102481,3.5084
2026-07-06,DE0001102481,3.5117
2026-07-07,DE0001102481,3.5598
2026-07-08,DE0001102481,3.6297
2026-07-09,DE0001102481,3.6421
2026-07-10,DE0001102481,3.6162
2026-07-13,DE0001102481,3.6166
2026-07-14,DE0001102481,3.6312
2026-07-15,DE0001102481,3.6459
2026-07-16,DE0001102481,3.6614
2026-07-17,DE0001102481,3.6435
2026-07-20,DE0001102481,3.6419
2026-07-21,DE0001102481,3.6617
2026-07-22,DE0001102481,3.6662
2026-07-23,DE0001102481,3.6654
2026-07-24,DE0001102481,3.6566
2026-07-27,DE0001102481,3.6174
2026-07-28,DE0001102481,3.5976
2026-07-29,DE0001102481,3.603
2026-07-30,DE0001102481,3.6653
2026-07-31,DE0001102481,3.6473
2026-08-03,DE0001102481,3.6457
2026-08-04,DE0001102481,3.6564
2026-08-05,DE0001102481,3.606
2026-08-06,DE0001102481,3.6173
2026-08-07,DE0001102481,3.6483
2026-08-10,DE0001102481,3.6385
2026-08-11,DE0001102481,3.6891
2026-08-12,DE0001102481,3.6526
2026-08-13,DE0001102481,3.661
2026-08-14,DE0001102481,3.6758
2026-08-17,DE0001102481,3.7259
2026-08-18,DE0001102481,3.7723
2026-08-19,DE0001102481,3.777
2026-08-20,DE0001102481,3.7594
2026-08-21,DE0001102481,3.7577
2026-08-24,DE0001102481,3.7519
2026-08-25,DE0001102481,3.7492
2026-08-26,DE0001102481,3.7152
2026-08-27,DE0001102481,3.752
2026-08-28,DE0001102481,3.7692
2026-08-31,DE0001102481,3.797
2026-09-01,DE0001102481,3.8389
2026-09-02,DE0001102481,3.8544
2026-09-03,DE0001102481,3.8215
2026-09-04,DE0001102481,3.8156
2026-09-07,DE0001102481,3.8224
2026-09-08,DE0001102481,3.8453
2026-09-09,DE0001102481,3.8329
2026-09-10,DE0001102481,3.8891
2026-09-11,DE0001102481,3.8949
2026-09-14,DE0001102481,3.8986
2026-09-15,DE0001102481,3.9024
2026-09-16,DE0001102481,3.8996
2026-09-17,DE0001102481,3.8642
2026-09-18,DE0001102481,3.8346
2026-09-21,DE0001102481,3.7936
2026-09-22,DE0001102481,3.7825
2026-09-23,DE0001102481,3.7998
2026-09-24,DE0001102481,3.8555
2026-09-25,DE0001102481,3.8624
2026-09-28,DE0001102481,3.9203
2026-09-29,DE0001102481,3.936
2026-09-30,DE0001102481,3.8973
2026-10-01,DE0001102481,3.9324
2020-06-17,DE0001102507,-0.374312
2020-06-18,DE0001102507,-0.39425
2020-06-19,DE0001102507,-0.410266
2020-06-22,DE0001102507,-0.420841
2020-06-23,DE0001102507,-0.423777
2020-06-24,DE0001102507,-0.410708
2020-06-25,DE0001102507,-0.45807
2020-06-26,DE0001102507,-0.474941
2020-06-29,DE0001102507,-0.472385
2020-06-30,DE0001102507,-0.480946
2020-07-01,DE0001102507,-0.441643
2020-07-02,DE0001102507,-0.408035
2020-07-03,DE0001102507,-0.444825
2020-07-06,DE0001102507,-0.438469
2020-07-07,DE0001102507,-0.445185
2020-07-08,DE0001102507,-0.452841
2020-07-09,DE0001102507,-0.44378
2020-07-10,DE0001102507,-0.486131
2020-07-13,DE0001102507,-0.460051
2020-07-14,DE0001102507,-0.430912
2020-07-15,DE0001102507,-0.462185
2020-07-16,DE0001102507,-0.4484
2020-07-17,DE0001102507,-0.463504
2020-07-20,DE0001102507,-0.441078
2020-07-21,DE0001102507,-0.461048
2020-07-22,DE0001102507,-0.476272
2020-07-23,DE0001102507,-0.490804
2020-07-24,DE0001102507,-0.467218
2020-07-27,DE0001102507,-0.464636
2020-07-28,DE0001102507,-0.494974
2020-07-29,DE0001102507,-0.512063
2020-07-30,DE0001102507,-0.532237
2020-07-31,DE0001102507,-0.55195
2020-08-03,DE0001102507,-0.520294
2020-08-04,DE0001102507,-0.535492
2020-08-05,DE0001102507,-0.543158
2020-08-06,DE0001102507,-0.527128
2020-08-07,DE0001102507,-0.534192
2020-08-10,DE0001102507,-0.518456
2020-08-11,DE0001102507,-0.511987
2020-08-12,DE0001102507,-0.453358
2020-08-13,DE0001102507,-0.465143
2020-08-14,DE0001102507,-0.419401
2020-08-17,DE0001102507,-0.42823
2020-08-18,DE0001102507,-0.465525
2020-08-19,DE0001102507,-0.483715
2020-08-20,DE0001102507,-0.482211
2020-08-21,DE0001102507,-0.511634
2020-08-24,DE0001102507,-0.48723
2020-08-25,DE0001102507,-0.465466
2020-08-26,DE0001102507,-0.416833
2020-08-27,DE0001102507,-0.451651
2020-08-28,DE0001102507,-0.38931
2020-08-31,DE0001102507,-0.387598
2020-09-01,DE0001102507,-0.385778
2020-09-02,DE0001102507,-0.449276
2020-09-03,DE0001102507,-0.464005
2020-09-04,DE0001102507,-0.47834
2020-09-07,DE0001102507,-0.465217
2020-09-08,DE0001102507,-0.471086
2020-09-09,DE0001102507,-0.504642
2020-09-10,DE0001102507,-0.466817
2020-09-11,DE0001102507,-0.46969
2020-09-14,DE0001102507,-0.494831
2020-09-15,DE0001102507,-0.474871
2020-09-16,DE0001102507,-0.485537
2020-09-17,DE0001102507,-0.473477
2020-09-18,DE0001102507,-0.490728
2020-09-21,DE0001102507,-0.511096
2020-09-22,DE0001102507,-0.522704
2020-09-23,DE0001102507,-0.512335
2020-09-24,DE0001102507,-0.522326
2020-09-25,DE0001102507,-0.518501
2020-09-28,DE0001102507,-0.517831
2020-09-29,DE0001102507,-0.541879
2020-09-30,DE0001102507,-0.550621
2020-10-01,DE0001102507,-0.51759
2020-10-02,DE0001102507,-0.545347
2020-10-05,DE0001102507,-0.537039
2020-10-06,DE0001102507,-0.514182
2020-10-07,DE0001102507,-0.511444
2020-10-08,DE0001102507,-0.505139
2020-10-09,DE0001102507,-0.543534
2020-10-12,DE0001102507,-0.541919
2020-10-13,DE0001102507,-0.551653
2020-10-14,DE0001102507,-0.57286
2020-10-15,DE0001102507,-0.621049
2020-10-16,DE0001102507,-0.623904
2020-10-19,DE0001102507,-0.61949
2020-10-20,DE0001102507,-0.625377
2020-10-21,DE0001102507,-0.581636
2020-10-22,DE0001102507,-0.58308
2020-10-23,DE0001102507,-0.569662
2020-10-26,DE0001102507,-0.578613
2020-10-27,DE0001102507,-0.588359
2020-10-28,DE0001102507,-0.640123
2020-10-29,DE0001102507,-0.633981
2020-10-30,DE0001102507,-0.629208
2020-11-02,DE0001102507,-0.613303
2020-11-03,DE0001102507,-0.623999
2020-11-04,DE0001102507,-0.649964
2020-11-05,DE0001102507,-0.64669
2020-11-06,DE0001102507,-0.645735
2020-11-09,DE0001102507,-0.642272
2020-11-10,DE0001102507,-0.50079
2020-11-11,DE0001102507,-0.484402
2020-11-12,DE0001102507,-0.504268
2020-11-13,DE0001102507,-0.540158
2020-11-16,DE0001102507,-0.56368
2020-11-17,DE0001102507,-0.552233
2020-11-18,DE0001102507,-0.566896
2020-11-19,DE0001102507,-0.572209
2020-11-20,DE0001102507,-0.573176
2020-11-23,DE0001102507,-0.582199
2020-11-24,DE0001102507,-0.576561
2020-11-25,DE0001102507,-0.573821
2020-11-26,DE0001102507,-0.580115
2020-11-27,DE0001102507,-0.590757
2020-11-30,DE0001102507,-0.590122
2020-12-01,DE0001102507,-0.556353
2020-12-02,DE0001102507,-0.521467
2020-12-03,DE0001102507,-0.540435
2020-12-04,DE0001102507,-0.550172
2020-12-07,DE0001102507,-0.579647
2020-12-08,DE0001102507,-0.596301
2020-12-09,DE0001102507,-0.602285
2020-12-10,DE0001102507,-0.618297
2020-12-11,DE0001102507,-0.633773
2020-12-14,DE0001102507,-0.62736
2020-12-15,DE0001102507,-0.621728
2020-12-16,DE0001102507,-0.589876
2020-12-17,DE0001102507,-0.583564
2020-12-18,DE0001102507,-0.555283
2020-12-21,DE0001102507,-0.614048
2020-12-22,DE0001102507,-0.592827
2020-12-23,DE0001102507,-0.604507
2020-12-28,DE0001102507,-0.546905
2020-12-29,DE0001102507,-0.577405
2021-01-04,DE0001102507,-0.608689
2021-01-05,DE0001102507,-0.597142
2021-01-06,DE0001102507,-0.545357
2021-01-07,DE0001102507,-0.558604
2021-01-08,DE0001102507,-0.560569
2021-01-11,DE0001102507,-0.559906
2021-01-12,DE0001102507,-0.505831
2021-01-13,DE0001102507,-0.523764
2021-01-14,DE0001102507,-0.560705
2021-01-15,DE0001102507,-0.567593
2021-01-18,DE0001102507,-0.570869
2021-01-19,DE0001102507,-0.546396
2021-01-20,DE0001102507,-0.559374
2021-01-21,DE0001102507,-0.556894
2021-01-22,DE0001102507,-0.535159
2021-01-25,DE0001102507,-0.566095
2021-01-26,DE0001102507,-0.573162
2021-01-27,DE0001102507,-0.56642
2021-01-28,DE0001102507,-0.585658
2021-01-29,DE0001102507,-0.547128
2021-02-01,DE0001102507,-0.54447
2021-02-02,DE0001102507,-0.524783
2021-02-03,DE0001102507,-0.50106
2021-02-04,DE0001102507,-0.499498
2021-02-05,DE0001102507,-0.487526
2021-02-08,DE0001102507,-0.456789
2021-02-09,DE0001102507,-0.484948
2021-02-10,DE0001102507,-0.474083
2021-02-11,DE0001102507,-0.501503
2021-02-12,DE0001102507,-0.494508
2021-02-15,DE0001102507,-0.414432
2021-02-16,DE0001102507,-0.412533
2021-02-17,DE0001102507,-0.389403
2021-02-18,DE0001102507,-0.391766
2021-02-19,DE0001102507,-0.362352
2021-02-22,DE0001102507,-0.352392
2021-02-23,DE0001102507,-0.341291
2021-02-24,DE0001102507,-0.352595
2021-02-25,DE0001102507,-0.306936
2021-02-26,DE0001102507,-0.289514
2021-03-01,DE0001102507,-0.3378
2021-03-02,DE0001102507,-0.358306
2021-03-03,DE0001102507,-0.35739
2021-03-04,DE0001102507,-0.340334
2021-03-05,DE0001102507,-0.336243
2021-03-08,DE0001102507,-0.324149
2021-03-09,DE0001102507,-0.349836
2021-03-10,DE0001102507,-0.336634
2021-03-11,DE0001102507,-0.356382
2021-03-12,DE0001102507,-0.351266
2021-03-15,DE0001102507,-0.357612
2021-03-16,DE0001102507,-0.381232
2021-03-17,DE0001102507,-0.355772
2021-03-18,DE0001102507,-0.309842
2021-03-19,DE0001102507,-0.345826
2021-03-22,DE0001102507,-0.358854
2021-03-23,DE0001102507,-0.379962
2021-03-24,DE0001102507,-0.401548
2021-03-25,DE0001102507,-0.407009
2021-03-26,DE0001102507,-0.396786
2021-03-29,DE0001102507,-0.377551
2021-03-30,DE0001102507,-0.304546
2021-03-31,DE0001102507,-0.313269
2021-04-01,DE0001102507,-0.342187
2021-04-06,DE0001102507,-0.339291
2021-04-07,DE0001102507,-0.370315
2021-04-08,DE0001102507,-0.37167
2021-04-09,DE0001102507,-0.354145
2021-04-12,DE0001102507,-0.361577
2021-04-13,DE0001102507,-0.324461
2021-04-14,DE0001102507,-0.338018
2021-04-15,DE0001102507,-0.313426
2021-04-16,DE0001102507,-0.309272
2021-04-19,DE0001102507,-0.310493
2021-04-20,DE0001102507,-0.268909
2021-04-21,DE0001102507,-0.289854
2021-04-22,DE0001102507,-0.315111
2021-04-23,DE0001102507,-0.31199
2021-04-26,DE0001102507,-0.298626
2021-04-27,DE0001102507,-0.293497
2021-04-28,DE0001102507,-0.260118
2021-04-29,DE0001102507,-0.261397
2021-04-30,DE0001102507,-0.246708
2021-05-03,DE0001102507,-0.208957
2021-05-04,DE0001102507,-0.250079
2021-05-05,DE0001102507,-0.271148
2021-05-06,DE0001102507,-0.278732
2021-05-07,DE0001102507,-0.262988
2021-05-10,DE0001102507,-0.248417
2021-05-11,DE0001102507,-0.214736
2021-05-12,DE0001102507,-0.215857
2021-05-13,DE0001102507,-0.153439
2021-05-14,DE0001102507,-0.17577
2021-05-17,DE0001102507,-0.175874
2021-05-18,DE0001102507,-0.161031
2021-05-19,DE0001102507,-0.134416
2021-05-20,DE0001102507,-0.148422
2021-05-21,DE0001102507,-0.169746
2021-05-25,DE0001102507,-0.20395
2021-05-26,DE0001102507,-0.241132
2021-05-27,DE0001102507,-0.250878
2021-05-28,DE0001102507,-0.219071
2021-05-31,DE0001102507,-0.211761
2021-06-01,DE0001102507,-0.235197
2021-06-02,DE0001102507,-0.235267
2021-06-04,DE0001102507,-0.23229
2021-06-07,DE0001102507,-0.247304
2021-06-08,DE0001102507,-0.251626
2021-06-09,DE0001102507,-0.283508
2021-06-10,DE0001102507,-0.289057
2021-06-11,DE0001102507,-0.331322
2021-06-14,DE0001102507,-0.318852
2021-06-15,DE0001102507,-0.308375
2021-06-16,DE0001102507,-0.285161
2021-06-17,DE0001102507,-0.265227
2021-06-18,DE0001102507,-0.296027
2021-06-21,DE0001102507,-0.297265
2021-06-22,DE0001102507,-0.25268
2021-06-23,DE0001102507,-0.260218
2021-06-24,DE0001102507,-0.261518
2021-06-25,DE0001102507,-0.26898
2021-06-28,DE0001102507,-0.252067
2021-06-29,DE0001102507,-0.268902
2021-06-30,DE0001102507,-0.277835
2021-07-01,DE0001102507,-0.283418
2021-07-02,DE0001102507,-0.315357
2021-07-05,DE0001102507,-0.311292
2021-07-06,DE0001102507,-0.311492
2021-07-07,DE0001102507,-0.367745
2021-07-08,DE0001102507,-0.424073
2021-07-09,DE0001102507,-0.40298
2021-07-12,DE0001102507,-0.397939
2021-07-13,DE0001102507,-0.383245
2021-07-14,DE0001102507,-0.380182
2021-07-15,DE0001102507,-0.42919
2021-07-16,DE0001102507,-0.427079
2021-07-19,DE0001102507,-0.456865
2021-07-20,DE0001102507,-0.495901
2021-07-21,DE0001102507,-0.483448
2021-07-22,DE0001102507,-0.477573
2021-07-23,DE0001102507,-0.493347
2021-07-26,DE0001102507,-0.51675
2021-07-27,DE0001102507,-0.522151
2021-07-28,DE0001102507,-0.524407
2021-07-29,DE0001102507,-0.53118
2021-07-30,DE0001102507,-0.528032
2021-08-02,DE0001102507,-0.532551
2021-08-03,DE0001102507,-0.551593
2021-08-04,DE0001102507,-0.568519
2021-08-05,DE0001102507,-0.580551
2021-08-06,DE0001102507,-0.575318
2021-08-09,DE0001102507,-0.550497
2021-08-10,DE0001102507,-0.543308
2021-08-11,DE0001102507,-0.519259
2021-08-12,DE0001102507,-0.543968
2021-08-13,DE0001102507,-0.542916
2021-08-16,DE0001102507,-0.549563
2021-08-17,DE0001102507,-0.577067
2021-08-18,DE0001102507,-0.565682
2021-08-19,DE0001102507,-0.579872
2021-08-23,DE0001102507,-0.548625
2021-08-24,DE0001102507,-0.563555
2021-08-25,DE0001102507,-0.542623
2021-08-26,DE0001102507,-0.487989
2021-08-27,DE0001102507,-0.497553
2021-08-30,DE0001102507,-0.506355
2021-08-31,DE0001102507,-0.507571
2021-09-01,DE0001102507,-0.453397
2021-09-02,DE0001102507,-0.46877
2021-09-03,DE0001102507,-0.465567
2021-09-06,DE0001102507,-0.444458
2021-09-07,DE0001102507,-0.418853
2021-09-08,DE0001102507,-0.418981
2021-09-09,DE0001102507,-0.413989
2021-09-10,DE0001102507,-0.431187
2021-09-13,DE0001102507,-0.416395
2021-09-14,DE0001102507,-0.398205
2021-09-15,DE0001102507,-0.425262
2021-09-16,DE0001102507,-0.390052
2021-09-17,DE0001102507,-0.371662
2021-09-20,DE0001102507,-0.395697
2021-09-21,DE0001102507,-0.391493
2021-09-22,DE0001102507,-0.400266
2021-09-23,DE0001102507,-0.389809
2021-09-24,DE0001102507,-0.326786
2021-09-27,DE0001102507,-0.300776
2021-09-28,DE0001102507,-0.284448
2021-09-29,DE0001102507,-0.304244
2021-09-30,DE0001102507,-0.304526
2021-10-01,DE0001102507,-0.316562
2021-10-04,DE0001102507,-0.300331
2021-10-05,DE0001102507,-0.315761
2021-10-06,DE0001102507,-0.254351
2021-10-07,DE0001102507,-0.275517
2021-10-08,DE0001102507,-0.24245
2021-10-11,DE0001102507,-0.226016
2021-10-12,DE0001102507,-0.219442
2021-10-13,DE0001102507,-0.215078
2021-10-14,DE0001102507,-0.234121
2021-10-15,DE0001102507,-0.261768
2021-10-18,DE0001102507,-0.217631
2021-10-19,DE0001102507,-0.232122
2021-10-20,DE0001102507,-0.198869
2021-10-21,DE0001102507,-0.205735
2021-10-22,DE0001102507,-0.157765
2021-10-25,DE0001102507,-0.176866
2021-10-26,DE0001102507,-0.215948
2021-10-27,DE0001102507,-0.237144
2021-10-28,DE0001102507,-0.24848
2021-10-29,DE0001102507,-0.173786
2021-11-01,DE0001102507,-0.170535
2021-11-02,DE0001102507,-0.218649
2021-11-03,DE0001102507,-0.271008
2021-11-04,DE0001102507,-0.26126
2021-11-05,DE0001102507,-0.326649
2021-11-08,DE0001102507,-0.351144
2021-11-09,DE0001102507,-0.344633
2021-11-10,DE0001102507,-0.371207
2021-11-11,DE0001102507,-0.332899
2021-11-12,DE0001102507,-0.328471
2021-11-15,DE0001102507,-0.373994
2021-11-16,DE0001102507,-0.327672
2021-11-17,DE0001102507,-0.341068
2021-11-18,DE0001102507,-0.354678
2021-11-19,DE0001102507,-0.426363
2021-11-22,DE0001102507,-0.442014
2021-11-23,DE0001102507,-0.364977
2021-11-24,DE0001102507,-0.352907
2021-11-25,DE0001102507,-0.347691
2021-11-26,DE0001102507,-0.417382
2021-11-29,DE0001102507,-0.418748
2021-11-30,DE0001102507,-0.456326
2021-12-01,DE0001102507,-0.411282
2021-12-02,DE0001102507,-0.450293
2021-12-03,DE0001102507,-0.458001
2021-12-06,DE0001102507,-0.462693
2021-12-07,DE0001102507,-0.449616
2021-12-08,DE0001102507,-0.464086
2021-12-09,DE0001102507,-0.423653
2021-12-10,DE0001102507,-0.422546
2021-12-13,DE0001102507,-0.448257
2021-12-14,DE0001102507,-0.456133
2021-12-15,DE0001102507,-0.455172
2021-12-16,DE0001102507,-0.435677
2021-12-17,DE0001102507,-0.434569
2021-12-20,DE0001102507,-0.470268
2021-12-21,DE0001102507,-0.432762
2021-12-22,DE0001102507,-0.363858
2021-12-23,DE0001102507,-0.350775
2021-12-27,DE0001102507,-0.313954
2021-12-28,DE0001102507,-0.314054
2021-12-29,DE0001102507,-0.305147
2021-12-30,DE0001102507,-0.283997
2022-01-03,DE0001102507,-0.25928
2022-01-04,DE0001102507,-0.219617
2022-01-05,DE0001102507,-0.220825
2022-01-06,DE0001102507,-0.175372
2022-01-07,DE0001102507,-0.184521
2022-01-10,DE0001102507,-0.157151
2022-01-11,DE0001102507,-0.173249
2022-01-12,DE0001102507,-0.16184
2022-01-13,DE0001102507,-0.163143
2022-01-14,DE0001102507,-0.187224
2022-01-17,DE0001102507,-0.146002
2022-01-18,DE0001102507,-0.128768
2022-01-19,DE0001102507,-0.111495
2022-01-20,DE0001102507,-0.141624
2022-01-21,DE0001102507,-0.175008
2022-01-24,DE0001102507,-0.207273
2022-01-25,DE0001102507,-0.192419
2022-01-26,DE0001102507,-0.194778
2022-01-27,DE0001102507,-0.156954
2022-01-28,DE0001102507,-0.153492
2022-01-31,DE0001102507,-0.124673
2022-02-01,DE0001102507,-0.1166
2022-02-02,DE0001102507,-0.081782
2022-02-03,DE0001102507,-0.064373
2022-02-04,DE0001102507,0.06477
2022-02-07,DE0001102507,0.139544
2022-02-08,DE0001102507,0.121742
2022-02-09,DE0001102507,0.131299
2022-02-10,DE0001102507,0.155281
2022-02-11,DE0001102507,0.18398
2022-02-14,DE0001102507,0.108883
2022-02-15,DE0001102507,0.185356
2022-02-16,DE0001102507,0.20582
2022-02-17,DE0001102507,0.16641
2022-02-18,DE0001102507,0.119789
2022-02-21,DE0001102507,0.112707
2022-02-22,DE0001102507,0.091289
2022-02-23,DE0001102507,0.141464
2022-02-24,DE0001102507,0.043825
2022-02-25,DE0001102507,0.059266
2022-02-28,DE0001102507,0.07716
2022-03-01,DE0001102507,-0.057816
2022-03-02,DE0001102507,-0.162079
2022-03-03,DE0001102507,-0.064958
2022-03-04,DE0001102507,-0.13303
2022-03-07,DE0001102507,-0.187994
2022-03-08,DE0001102507,-0.059127
2022-03-09,DE0001102507,0.051131
2022-03-10,DE0001102507,0.047602
2022-03-11,DE0001102507,0.147061
2022-03-14,DE0001102507,0.231823
2022-03-15,DE0001102507,0.219758
2022-03-16,DE0001102507,0.250217
2022-03-17,DE0001102507,0.244372
2022-03-18,DE0001102507,0.248026
2022-03-21,DE0001102507,0.28115
2022-03-22,DE0001102507,0.383245
2022-03-23,DE0001102507,0.353765
2022-03-24,DE0001102507,0.408504
2022-03-25,DE0001102507,0.396118
2022-03-28,DE0001102507,0.510949
2022-03-29,DE0001102507,0.538706
2022-03-30,DE0001102507,0.564034
2022-03-31,DE0001102507,0.515551
2022-04-01,DE0001102507,0.504266
2022-04-04,DE0001102507,0.415929
2022-04-05,DE0001102507,0.454703
2022-04-06,DE0001102507,0.56407
2022-04-07,DE0001102507,0.534357
2022-04-08,DE0001102507,0.593716
2022-04-11,DE0001102507,0.688297
2022-04-12,DE0001102507,0.775838
2022-04-13,DE0001102507,0.739735
2022-04-14,DE0001102507,0.698632
2022-04-19,DE0001102507,0.820361
2022-04-20,DE0001102507,0.768846
2022-04-21,DE0001102507,0.825346
2022-04-22,DE0001102507,0.851368
2022-04-25,DE0001102507,0.802511
2022-04-26,DE0001102507,0.73162
2022-04-27,DE0001102507,0.711242
2022-04-28,DE0001102507,0.717107
2022-04-29,DE0001102507,0.794748
2022-05-02,DE0001102507,0.813485
2022-05-03,DE0001102507,0.875129
2022-05-04,DE0001102507,0.87935
2022-05-05,DE0001102507,0.882852
2022-05-06,DE0001102507,0.96054
2022-05-09,DE0001102507,1.016861
2022-05-10,DE0001102507,0.950924
2022-05-11,DE0001102507,0.852543
2022-05-12,DE0001102507,0.7763
2022-05-13,DE0001102507,0.76849
2022-05-16,DE0001102507,0.867096
2022-05-17,DE0001102507,0.871329
2022-05-18,DE0001102507,0.934931
2022-05-19,DE0001102507,0.858022
2022-05-20,DE0001102507,0.873811
2022-05-23,DE0001102507,0.85202
2022-05-24,DE0001102507,0.865466
2022-05-25,DE0001102507,0.836813
2022-05-26,DE0001102507,0.787793
2022-05-27,DE0001102507,0.869264
2022-05-30,DE0001102507,0.930728
2022-05-31,DE0001102507,0.952303
2022-06-01,DE0001102507,1.004642
2022-06-02,DE0001102507,1.08625
2022-06-03,DE0001102507,1.129477
2022-06-06,DE0001102507,1.176384
2022-06-07,DE0001102507,1.175419
2022-06-08,DE0001102507,1.205795
2022-06-09,DE0001102507,1.238476
2022-06-10,DE0001102507,1.297538
2022-06-13,DE0001102507,1.469237
2022-06-14,DE0001102507,1.565349
2022-06-15,DE0001102507,1.685183
2022-06-16,DE0001102507,1.694046
2022-06-17,DE0001102507,1.540634
2022-06-20,DE0001102507,1.5318
2022-06-21,DE0001102507,1.624409
2022-06-22,DE0001102507,1.565348
2022-06-23,DE0001102507,1.323085
2022-06-24,DE0001102507,1.312001
2022-06-27,DE0001102507,1.367068
2022-06-28,DE0001102507,1.486574
2022-06-29,DE0001102507,1.478631
2022-06-30,DE0001102507,1.310959
2022-07-01,DE0001102507,1.26388
2022-07-04,DE0001102507,1.158779
2022-07-05,DE0001102507,1.126341
2022-07-06,DE0001102507,1.030127
2022-07-07,DE0001102507,1.100551
2022-07-08,DE0001102507,1.074655
2022-07-11,DE0001102507,1.099935
2022-07-12,DE0001102507,0.932235
2022-07-13,DE0001102507,0.964897
2022-07-14,DE0001102507,1.074492
2022-07-15,DE0001102507,0.924081
2022-07-18,DE0001102507,1.011246
2022-07-19,DE0001102507,1.072862
2022-07-20,DE0001102507,1.070497
2022-07-21,DE0001102507,1.137398
2022-07-22,DE0001102507,0.912807
2022-07-25,DE0001102507,0.916128
2022-07-26,DE0001102507,0.819716
2022-07-27,DE0001102507,0.770598
2022-07-28,DE0001102507,0.828877
2022-07-29,DE0001102507,0.74076
2022-08-01,DE0001102507,0.693462
2022-08-02,DE0001102507,0.550146
2022-08-03,DE0001102507,0.679361
2022-08-04,DE0001102507,0.710591
2022-08-05,DE0001102507,0.641683
2022-08-08,DE0001102507,0.712408
2022-08-09,DE0001102507,0.760664
2022-08-10,DE0001102507,0.728884
2022-08-11,DE0001102507,0.746998
2022-08-12,DE0001102507,0.812683
2022-08-15,DE0001102507,0.776976
2022-08-16,DE0001102507,0.755799
2022-08-17,DE0001102507,0.915233
2022-08-18,DE0001102507,0.946139
2022-08-19,DE0001102507,1.026879
2022-08-22,DE0001102507,1.068895
2022-08-23,DE0001102507,1.155144
2022-08-24,DE0001102507,1.158326
2022-08-25,DE0001102507,1.17207
2022-08-26,DE0001102507,1.18323
2022-08-29,DE0001102507,1.357153
2022-08-30,DE0001102507,1.320798
2022-08-31,DE0001102507,1.402175
2022-09-01,DE0001102507,1.465845
2022-09-02,DE0001102507,1.433625
2022-09-05,DE0001102507,1.413178
2022-09-06,DE0001102507,1.39511
2022-09-07,DE0001102507,1.425601
2022-09-08,DE0001102507,1.450029
2022-09-09,DE0001102507,1.59736
2022-09-12,DE0001102507,1.557811
2022-09-13,DE0001102507,1.52505
2022-09-14,DE0001102507,1.595223
2022-09-15,DE0001102507,1.62753
2022-09-16,DE0001102507,1.668504
2022-09-19,DE0001102507,1.675541
2022-09-20,DE0001102507,1.779078
2022-09-21,DE0001102507,1.750392
2022-09-22,DE0001102507,1.774453
2022-09-23,DE0001102507,1.890696
2022-09-26,DE0001102507,2.000457
2022-09-27,DE0001102507,2.007217
2022-09-28,DE0001102507,2.21892
2022-09-29,DE0001102507,2.144286
2022-09-30,DE0001102507,1.999429
2022-10-03,DE0001102507,2.003059
2022-10-04,DE0001102507,1.682902
2022-10-05,DE0001102507,1.839522
2022-10-06,DE0001102507,1.904542
2022-10-07,DE0001102507,2.022608
2022-10-10,DE0001102507,2.030127
2022-10-11,DE0001102507,2.1827
2022-10-12,DE0001102507,2.195835
2022-10-13,DE0001102507,2.156448
2022-10-14,DE0001102507,2.076524
2022-10-17,DE0001102507,2.104081
2022-10-18,DE0001102507,2.192757
2022-10-19,DE0001102507,2.221451
2022-10-20,DE0001102507,2.298671
2022-10-21,DE0001102507,2.34256
2022-10-24,DE0001102507,2.26591
2022-10-25,DE0001102507,2.128558
2022-10-26,DE0001102507,2.04472
2022-10-27,DE0001102507,2.0807
2022-10-28,DE0001102507,1.971971
2022-10-31,DE0001102507,2.051426
2022-11-01,DE0001102507,1.960349
2022-11-02,DE0001102507,2.04367
2022-11-03,DE0001102507,2.14
2022-11-04,DE0001102507,2.147751
2022-11-07,DE0001102507,2.191257
2022-11-08,DE0001102507,2.243565
2022-11-09,DE0001102507,2.174134
2022-11-10,DE0001102507,2.108126
2022-11-11,DE0001102507,1.986422
2022-11-14,DE0001102507,2.05706
2022-11-15,DE0001102507,2.028509
2022-11-16,DE0001102507,2.035396
2022-11-17,DE0001102507,1.910251
2022-11-18,DE0001102507,2.012928
2022-11-21,DE0001102507,1.96825
2022-11-22,DE0001102507,1.944423
2022-11-23,DE0001102507,1.940524
2022-11-24,DE0001102507,1.791797
2022-11-25,DE0001102507,1.867723
2022-11-28,DE0001102507,1.922545
2022-11-29,DE0001102507,1.854493
2022-11-30,DE0001102507,1.873458
2022-12-01,DE0001102507,1.784171
2022-12-02,DE0001102507,1.70561
2022-12-05,DE0001102507,1.773324
2022-12-06,DE0001102507,1.780027
2022-12-07,DE0001102507,1.714097
2022-12-08,DE0001102507,1.697838
2022-12-09,DE0001102507,1.793229
2022-12-12,DE0001102507,1.864717
2022-12-13,DE0001102507,1.88531
2022-12-14,DE0001102507,1.882923
2022-12-15,DE0001102507,1.840517
2022-12-16,DE0001102507,2.148938
2022-12-19,DE0001102507,2.142639
2022-12-20,DE0001102507,2.215902
2022-12-21,DE0001102507,2.227779
2022-12-22,DE0001102507,2.253224
2022-12-23,DE0001102507,2.326499
2022-12-27,DE0001102507,2.434197
2022-12-28,DE0001102507,2.422178
2022-12-29,DE0001102507,2.423209
2022-12-30,DE0001102507,2.452293
2023-01-02,DE0001102507,2.410449
2023-01-03,DE0001102507,2.298909
2023-01-04,DE0001102507,2.242321
2023-01-05,DE0001102507,2.241588
2023-01-06,DE0001102507,2.271887
2023-01-09,DE0001102507,2.224114
2023-01-10,DE0001102507,2.21856
2023-01-11,DE0001102507,2.178061
2023-01-12,DE0001102507,2.120265
2023-01-13,DE0001102507,2.028987
2023-01-16,DE0001102507,2.128141
2023-01-17,DE0001102507,2.108366
2023-01-18,DE0001102507,2.011562
2023-01-19,DE0001102507,1.952733
2023-01-20,DE0001102507,2.051489
2023-01-23,DE0001102507,2.092439
2023-01-24,DE0001102507,2.094787
2023-01-25,DE0001102507,2.019867
2023-01-26,DE0001102507,2.097863
2023-01-27,DE0001102507,2.174118
2023-01-30,DE0001102507,2.206058
2023-01-31,DE0001102507,2.211669
2023-02-01,DE0001102507,2.178913
2023-02-02,DE0001102507,2.166946
2023-02-03,DE0001102507,2.046247
2023-02-06,DE0001102507,2.168543
2023-02-07,DE0001102507,2.198141
2023-02-08,DE0001102507,2.276113
2023-02-09,DE0001102507,2.201387
2023-02-10,DE0001102507,2.267339
2023-02-13,DE0001102507,2.28032
2023-02-14,DE0001102507,2.290865
2023-02-15,DE0001102507,2.353363
2023-02-16,DE0001102507,2.403294
2023-02-17,DE0001102507,2.477084
2023-02-20,DE0001102507,2.391996
2023-02-21,DE0001102507,2.440386
2023-02-22,DE0001102507,2.502195
2023-02-23,DE0001102507,2.471989
2023-02-24,DE0001102507,2.422663
2023-02-27,DE0001102507,2.53333
2023-02-28,DE0001102507,2.609091
2023-03-01,DE0001102507,2.683696
2023-03-02,DE0001102507,2.73553
2023-03-03,DE0001102507,2.669906
2023-03-06,DE0001102507,2.651762
2023-03-07,DE0001102507,2.657785
2023-03-08,DE0001102507,2.700815
2023-03-09,DE0001102507,2.703845
2023-03-10,DE0001102507,2.53637
2023-03-13,DE0001102507,2.216314
2023-03-14,DE0001102507,2.295232
2023-03-15,DE0001102507,2.286297
2023-03-16,DE0001102507,2.231833
2023-03-17,DE0001102507,2.18802
2023-03-20,DE0001102507,1.923505
2023-03-21,DE0001102507,2.143541
2023-03-22,DE0001102507,2.241691
2023-03-23,DE0001102507,2.195387
2023-03-24,DE0001102507,1.938233
2023-03-27,DE0001102507,2.099891
2023-03-28,DE0001102507,2.240213
2023-03-29,DE0001102507,2.218221
2023-03-30,DE0001102507,2.241948
2023-03-31,DE0001102507,2.300916
2023-04-03,DE0001102507,2.282946
2023-04-04,DE0001102507,2.233034
2023-04-05,DE0001102507,2.207804
2023-04-06,DE0001102507,2.048751
2023-04-11,DE0001102507,2.160524
2023-04-12,DE0001102507,2.247978
2023-04-13,DE0001102507,2.316399
2023-04-14,DE0001102507,2.316399
2023-04-17,DE0001102507,2.369485
2023-04-18,DE0001102507,2.426953
2023-04-19,DE0001102507,2.462957
2023-04-20,DE0001102507,2.430635
2023-04-21,DE0001102507,2.387286
2023-04-24,DE0001102507,2.407434
2023-04-25,DE0001102507,2.391671
2023-04-26,DE0001102507,2.253329
2023-04-27,DE0001102507,2.357877
2023-04-28,DE0001102507,2.276583
2023-05-02,DE0001102507,2.289905
2023-05-03,DE0001102507,2.162196
2023-05-04,DE0001102507,2.171236
2023-05-05,DE0001102507,2.151539
2023-05-08,DE0001102507,2.20911
2023-05-09,DE0001102507,2.229761
2023-05-10,DE0001102507,2.237225
2023-05-11,DE0001102507,2.195
2023-05-12,DE0001102507,2.139
2023-05-15,DE0001102507,2.187
2023-05-16,DE0001102507,2.178
2023-05-17,DE0001102507,2.225
2023-05-18,DE0001102507,2.306
2023-05-19,DE0001102507,2.354
2023-05-22,DE0001102507,2.312
2023-05-23,DE0001102507,2.389
2023-05-24,DE0001102507,2.373
2023-05-25,DE0001102507,2.392
2023-05-26,DE0001102507,2.435
2023-05-29,DE0001102507,2.406
2023-05-30,DE0001102507,2.331
2023-05-31,DE0001102507,2.195
2023-06-01,DE0001102507,2.213
2023-06-02,DE0001102507,2.193
2023-06-05,DE0001102507,2.29
2023-06-06,DE0001102507,2.245
2023-06-07,DE0001102507,2.293
2023-06-08,DE0001102507,2.367
2023-06-09,DE0001102507,2.336
2023-06-12,DE0001102507,2.306
2023-06-13,DE0001102507,2.307
2023-06-14,DE0001102507,2.382
2023-06-15,DE0001102507,2.437
2023-06-16,DE0001102507,2.446
2023-06-19,DE0001102507,2.448
2023-06-20,DE0001102507,2.461
2023-06-21,DE0001102507,2.395
2023-06-22,DE0001102507,2.429
2023-06-23,DE0001102507,2.347
2023-06-26,DE0001102507,2.303
2023-06-27,DE0001102507,2.306
2023-06-28,DE0001102507,2.317
2023-06-29,DE0001102507,2.347
2023-06-30,DE0001102507,2.43
2023-07-03,DE0001102507,2.391
2023-07-04,DE0001102507,2.455
2023-07-05,DE0001102507,2.403
2023-07-06,DE0001102507,2.504
2023-07-07,DE0001102507,2.604
2023-07-10,DE0001102507,2.623
2023-07-11,DE0001102507,2.571
2023-07-12,DE0001102507,2.589
2023-07-13,DE0001102507,2.438
2023-07-14,DE0001102507,2.438
2023-07-17,DE0001102507,2.447
2023-07-18,DE0001102507,2.369
2023-07-19,DE0001102507,2.287
2023-07-20,DE0001102507,2.388
2023-07-21,DE0001102507,2.438
2023-07-24,DE0001102507,2.342
2023-07-25,DE0001102507,2.396
2023-07-26,DE0001102507,2.396
2023-07-27,DE0001102507,2.438
2023-07-28,DE0001102507,2.438
2023-07-31,DE0001102507,2.457
2023-08-01,DE0001102507,2.436
2023-08-02,DE0001102507,2.428
2023-08-03,DE0001102507,2.486
2023-08-04,DE0001102507,2.525
2023-08-07,DE0001102507,2.478
2023-08-08,DE0001102507,2.399
2023-08-09,DE0001102507,2.376
2023-08-10,DE0001102507,2.448
2023-08-11,DE0001102507,2.467
2023-08-14,DE0001102507,2.52
2023-08-15,DE0001102507,2.615
2023-08-16,DE0001102507,2.574
2023-08-17,DE0001102507,2.607
2023-08-18,DE0001102507,2.54
2023-08-21,DE0001102507,2.563
2023-08-22,DE0001102507,2.596
2023-08-23,DE0001102507,2.452
2023-08-24,DE0001102507,2.394
2023-08-25,DE0001102507,2.456
2023-08-28,DE0001102507,2.504
2023-08-29,DE0001102507,2.47
2023-08-30,DE0001102507,2.485
2023-08-31,DE0001102507,2.414
2023-09-01,DE0001102507,2.385
2023-09-04,DE0001102507,2.467
2023-09-05,DE0001102507,2.491
2023-09-06,DE0001102507,2.516
2023-09-07,DE0001102507,2.539
2023-09-08,DE0001102507,2.511
2023-09-11,DE0001102507,2.513
2023-09-12,DE0001102507,2.54
2023-09-13,DE0001102507,2.590451
2023-09-14,DE0001102507,2.563
2023-09-15,DE0001102507,2.562
2023-09-18,DE0001102507,2.605
2023-09-19,DE0001102507,2.634
2023-09-20,DE0001102507,2.653
2023-09-21,DE0001102507,2.656
2023-09-22,DE0001102507,2.649
2023-09-25,DE0001102507,2.692
2023-09-26,DE0001102507,2.693
2023-09-27,DE0001102507,2.678
2023-09-28,DE0001102507,2.795
2023-09-29,DE0001102507,2.735
2023-10-02,DE0001102507,2.745
2023-10-03,DE0001102507,2.784
2023-10-04,DE0001102507,2.828
2023-10-05,DE0001102507,2.799
2023-10-06,DE0001102507,2.738
2023-10-09,DE0001102507,2.688
2023-10-10,DE0001102507,2.638
2023-10-11,DE0001102507,2.595
2023-10-12,DE0001102507,2.607
2023-10-13,DE0001102507,2.627
2023-10-16,DE0001102507,2.656
2023-10-17,DE0001102507,2.682
2023-10-18,DE0001102507,2.784
2023-10-19,DE0001102507,2.817
2023-10-20,DE0001102507,2.781
2023-10-23,DE0001102507,2.797
2023-10-24,DE0001102507,2.661
2023-10-25,DE0001102507,2.703
2023-10-26,DE0001102507,2.732
2023-10-27,DE0001102507,2.669
2023-10-30,DE0001102507,2.636
2023-10-31,DE0001102507,2.62
2023-11-01,DE0001102507,2.657
2023-11-02,DE0001102507,2.55
2023-11-03,DE0001102507,2.57
2023-11-06,DE0001102507,2.554
2023-11-07,DE0001102507,2.557
2023-11-08,DE0001102507,2.511
2023-11-09,DE0001102507,2.512
2023-11-10,DE0001102507,2.586
2023-11-13,DE0001102507,2.583
2023-11-14,DE0001102507,2.582
2023-11-15,DE0001102507,2.464
2023-11-16,DE0001102507,2.496
2023-11-17,DE0001102507,2.385
2023-11-20,DE0001102507,2.466
2023-11-21,DE0001102507,2.478
2023-11-22,DE0001102507,2.448
2023-11-23,DE0001102507,2.466
2023-11-24,DE0001102507,2.523
2023-11-27,DE0001102507,2.513
2023-11-28,DE0001102507,2.413
2023-11-29,DE0001102507,2.319
2023-11-30,DE0001102507,2.274
2023-12-01,DE0001102507,2.283
2023-12-04,DE0001102507,2.223
2023-12-05,DE0001102507,2.167
2023-12-06,DE0001102507,2.135
2023-12-07,DE0001102507,2.055
2023-12-08,DE0001102507,2.1
2023-12-11,DE0001102507,2.137
2023-12-12,DE0001102507,2.114
2023-12-13,DE0001102507,2.106
2023-12-14,DE0001102507,1.935
2023-12-15,DE0001102507,1.931
2023-12-18,DE0001102507,1.917
2023-12-19,DE0001102507,1.922
2023-12-20,DE0001102507,1.877
2023-12-21,DE0001102507,1.859
2023-12-22,DE0001102507,1.848
2023-12-27,DE0001102507,1.817
2023-12-28,DE0001102507,1.801
2023-12-29,DE0001102507,1.881
2024-01-02,DE0001102507,1.9574
2024-01-03,DE0001102507,1.9232
2024-01-04,DE0001102507,1.9326
2024-01-05,DE0001102507,2.0417
2024-01-08,DE0001102507,2.0469
2024-01-09,DE0001102507,2.069
2024-01-10,DE0001102507,2.0611
2024-01-11,DE0001102507,2.0778
2024-01-12,DE0001102507,2.0371
2024-01-15,DE0001102507,2.0441
2024-01-16,DE0001102507,2.0751
2024-01-17,DE0001102507,2.117
2024-01-18,DE0001102507,2.1751
2024-01-19,DE0001102507,2.1823
2024-01-22,DE0001102507,2.1644
2024-01-23,DE0001102507,2.1778
2024-01-24,DE0001102507,2.1806
2024-01-25,DE0001102507,2.2284
2024-01-26,DE0001102507,2.1062
2024-01-29,DE0001102507,2.0812
2024-01-30,DE0001102507,2.091
2024-01-31,DE0001102507,2.0793
2024-02-01,DE0001102507,2.0552
2024-02-02,DE0001102507,2.048
2024-02-05,DE0001102507,2.1538
2024-02-06,DE0001102507,2.189
2024-02-07,DE0001102507,2.1538
2024-02-08,DE0001102507,2.1746
2024-02-09,DE0001102507,2.2362
2024-02-12,DE0001102507,2.2435
2024-02-13,DE0001102507,2.2517
2024-02-14,DE0001102507,2.2673
2024-02-15,DE0001102507,2.2246
2024-02-16,DE0001102507,2.2884
2024-02-19,DE0001102507,2.3032
2024-02-20,DE0001102507,2.2968
2024-02-21,DE0001102507,2.2996
2024-02-22,DE0001102507,2.3706
2024-02-23,DE0001102507,2.4001
2024-02-26,DE0001102507,2.3046
2024-02-27,DE0001102507,2.3515
2024-02-28,DE0001102507,2.3765
2024-02-29,DE0001102507,2.4332
2024-03-01,DE0001102507,2.3408
2024-03-04,DE0001102507,2.3225
2024-03-05,DE0001102507,2.3143
2024-03-06,DE0001102507,2.2914
2024-03-07,DE0001102507,2.2686
2024-03-08,DE0001102507,2.1971
2024-03-11,DE0001102507,2.1917
2024-03-12,DE0001102507,2.2201
2024-03-13,DE0001102507,2.2486
2024-03-14,DE0001102507,2.3013
2024-03-15,DE0001102507,2.3772
2024-03-18,DE0001102507,2.3904
2024-03-19,DE0001102507,2.3635
2024-03-20,DE0001102507,2.3404
2024-03-21,DE0001102507,2.3138
2024-03-22,DE0001102507,2.2851
2024-03-25,DE0001102507,2.2584
2024-03-26,DE0001102507,2.2686
2024-03-27,DE0001102507,2.2624
2024-03-28,DE0001102507,2.2495
2024-04-02,DE0001102507,2.2718
2024-04-03,DE0001102507,2.2951
2024-04-04,DE0001102507,2.2776
2024-04-05,DE0001102507,2.2628
2024-04-08,DE0001102507,2.3523
2024-04-09,DE0001102507,2.3309
2024-04-10,DE0001102507,2.2723
2024-04-11,DE0001102507,2.3987
2024-04-12,DE0001102507,2.3126
2024-04-15,DE0001102507,2.309
2024-04-16,DE0001102507,2.362
2024-04-17,DE0001102507,2.3992
2024-04-18,DE0001102507,2.3666
2024-04-19,DE0001102507,2.3929
2024-04-22,DE0001102507,2.4611
2024-04-23,DE0001102507,2.4149
2024-04-24,DE0001102507,2.4557
2024-04-25,DE0001102507,2.4817
2024-04-26,DE0001102507,2.5235
2024-04-29,DE0001102507,2.4432
2024-04-30,DE0001102507,2.4736
2024-05-02,DE0001102507,2.4817
2024-05-03,DE0001102507,2.4665
2024-05-06,DE0001102507,2.3776
2024-05-07,DE0001102507,2.3692
2024-05-08,DE0001102507,2.3759
2024-05-09,DE0001102507,2.436
2024-05-10,DE0001102507,2.3999
2024-05-13,DE0001102507,2.4477
2024-05-14,DE0001102507,2.4278
2024-05-15,DE0001102507,2.4156
2024-05-16,DE0001102507,2.3636
2024-05-17,DE0001102507,2.415
2024-05-20,DE0001102507,2.4553
2024-05-21,DE0001102507,2.4468
2024-05-22,DE0001102507,2.4728
2024-05-23,DE0001102507,2.5011
2024-05-24,DE0001102507,2.528
2024-05-27,DE0001102507,2.5437
2024-05-28,DE0001102507,2.5006
2024-05-29,DE0001102507,2.5537
2024-05-30,DE0001102507,2.6037
2024-05-31,DE0001102507,2.6386
2024-06-03,DE0001102507,2.5769
2024-06-04,DE0001102507,2.491
2024-06-05,DE0001102507,2.4863
2024-06-06,DE0001102507,2.4704
2024-06-07,DE0001102507,2.5187
2024-06-10,DE0001102507,2.585
2024-06-11,DE0001102507,2.59
2024-06-12,DE0001102507,2.5271
2024-06-13,DE0001102507,2.484
2024-06-14,DE0001102507,2.2937
2024-06-17,DE0001102507,2.3072
2024-06-18,DE0001102507,2.3331
2024-06-19,DE0001102507,2.3074
2024-06-20,DE0001102507,2.3527
2024-06-21,DE0001102507,2.2799
2024-06-24,DE0001102507,2.3202
2024-06-25,DE0001102507,2.329
2024-06-26,DE0001102507,2.3473
2024-06-27,DE0001102507,2.3717
2024-06-28,DE0001102507,2.3621
2024-07-01,DE0001102507,2.4805
2024-07-02,DE0001102507,2.4836
2024-07-03,DE0001102507,2.5042
2024-07-04,DE0001102507,2.4822
2024-07-05,DE0001102507,2.4842
2024-07-08,DE0001102507,2.4591
2024-07-09,DE0001102507,2.4505
2024-07-10,DE0001102507,2.4321
2024-07-11,DE0001102507,2.4413
2024-07-12,DE0001102507,2.3907
2024-07-15,DE0001102507,2.354
2024-07-16,DE0001102507,2.3183
2024-07-17,DE0001102507,2.3
2024-07-18,DE0001102507,2.3438
2024-07-19,DE0001102507,2.2934
2024-07-22,DE0001102507,2.3577
2024-07-23,DE0001102507,2.3393
2024-07-24,DE0001102507,2.2938
2024-07-25,DE0001102507,2.2562
2024-07-26,DE0001102507,2.2911
2024-07-29,DE0001102507,2.2118
2024-07-30,DE0001102507,2.2187
2024-07-31,DE0001102507,2.1733
2024-08-01,DE0001102507,2.1378
2024-08-02,DE0001102507,2.0638
2024-08-05,DE0001102507,1.9521
2024-08-06,DE0001102507,2.0102
2024-08-07,DE0001102507,2.1147
2024-08-08,DE0001102507,2.0503
2024-08-09,DE0001102507,2.0839
2024-08-12,DE0001102507,2.0734
2024-08-13,DE0001102507,2.057
2024-08-14,DE0001102507,2.0368
2024-08-15,DE0001102507,2.0358
2024-08-16,DE0001102507,2.0945
2024-08-19,DE0001102507,2.0762
2024-08-20,DE0001102507,2.0945
2024-08-21,DE0001102507,2.0665
2024-08-22,DE0001102507,2.0675
2024-08-23,DE0001102507,2.1033
2024-08-26,DE0001102507,2.0791
2024-08-27,DE0001102507,2.1091
2024-08-28,DE0001102507,2.0965
2024-08-29,DE0001102507,2.0665
2024-08-30,DE0001102507,2.0868
2024-09-02,DE0001102507,2.1598
2024-09-03,DE0001102507,2.1589
2024-09-04,DE0001102507,2.0761
2024-09-05,DE0001102507,2.0557
2024-09-06,DE0001102507,1.9966
2024-09-09,DE0001102507,2.0518
2024-09-10,DE0001102507,1.983
2024-09-11,DE0001102507,1.9221
2024-09-12,DE0001102507,1.9422
2024-09-13,DE0001102507,1.9412
2024-09-16,DE0001102507,1.9634
2024-09-17,DE0001102507,1.9217
2024-09-18,DE0001102507,1.9924
2024-09-19,DE0001102507,2.0127
2024-09-20,DE0001102507,1.9845
2024-09-23,DE0001102507,1.9485
2024-09-24,DE0001102507,1.961
2024-09-25,DE0001102507,1.9212
2024-09-26,DE0001102507,1.9045
2024-09-27,DE0001102507,1.8977
2024-09-30,DE0001102507,1.9316
2024-10-01,DE0001102507,1.8356
2024-10-02,DE0001102507,1.8597
2024-10-03,DE0001102507,1.9031
2024-10-04,DE0001102507,1.9468
2024-10-07,DE0001102507,2.0593
2024-10-08,DE0001102507,2.0466
2024-10-09,DE0001102507,2.0279
2024-10-10,DE0001102507,2.0741
2024-10-11,DE0001102507,2.0711
2024-10-14,DE0001102507,2.0583
2024-10-15,DE0001102507,2.0278
2024-10-16,DE0001102507,1.9894
2024-10-17,DE0001102507,2.004
2024-10-18,DE0001102507,1.9794
2024-10-21,DE0001102507,2.002
2024-10-22,DE0001102507,2.08
2024-10-23,DE0001102507,2.0671
2024-10-24,DE0001102507,2.0305
2024-10-25,DE0001102507,2.0394
2024-10-28,DE0001102507,2.0503
2024-10-29,DE0001102507,2.083
2024-10-30,DE0001102507,2.088
2024-10-31,DE0001102507,2.2109
2024-11-01,DE0001102507,2.208
2024-11-04,DE0001102507,2.2311
2024-11-05,DE0001102507,2.2081
2024-11-06,DE0001102507,2.153
2024-11-07,DE0001102507,2.2143
2024-11-08,DE0001102507,2.1431
2024-11-11,DE0001102507,2.09
2024-11-12,DE0001102507,2.0711
2024-11-13,DE0001102507,2.1421
2024-11-14,DE0001102507,2.1432
2024-11-15,DE0001102507,2.0821
2024-11-18,DE0001102507,2.1554
2024-11-19,DE0001102507,2.06
2024-11-20,DE0001102507,2.1152
2024-11-21,DE0001102507,2.0781
2024-11-22,DE0001102507,1.985
2024-11-25,DE0001102507,2.0019
2024-11-26,DE0001102507,1.9669
2024-11-27,DE0001102507,1.9201
2024-11-28,DE0001102507,1.9288
2024-11-29,DE0001102507,1.8919
2024-12-02,DE0001102507,1.8233
2024-12-03,DE0001102507,1.8262
2024-12-04,DE0001102507,1.8569
2024-12-05,DE0001102507,1.8516
2024-12-06,DE0001102507,1.9143
2024-12-09,DE0001102507,1.8913
2024-12-10,DE0001102507,1.8882
2024-12-11,DE0001102507,1.8832
2024-12-12,DE0001102507,1.9119
2024-12-13,DE0001102507,1.9792
2024-12-16,DE0001102507,1.9942
2024-12-17,DE0001102507,1.9871
2024-12-18,DE0001102507,1.9982
2024-12-19,DE0001102507,2.0254
2024-12-20,DE0001102507,2.0244
2024-12-23,DE0001102507,2.0375
2024-12-27,DE0001102507,2.1149
2024-12-30,DE0001102507,2.1149
2025-01-02,DE0001102507,2.0802
2025-01-03,DE0001102507,2.1161
2025-01-06,DE0001102507,2.1911
2025-01-07,DE0001102507,2.1881
2025-01-08,DE0001102507,2.2118
2025-01-09,DE0001102507,2.2566
2025-01-10,DE0001102507,2.293
2025-01-13,DE0001102507,2.3567
2025-01-14,DE0001102507,2.3516
2025-01-15,DE0001102507,2.3653
2025-01-16,DE0001102507,2.304
2025-01-17,DE0001102507,2.2655
2025-01-20,DE0001102507,2.2771
2025-01-21,DE0001102507,2.2532
2025-01-22,DE0001102507,2.2439
2025-01-23,DE0001102507,2.2786
2025-01-24,DE0001102507,2.3174
2025-01-27,DE0001102507,2.2662
2025-01-28,DE0001102507,2.2946
2025-01-29,DE0001102507,2.2748
2025-01-30,DE0001102507,2.2635
2025-01-31,DE0001102507,2.1915
2025-02-03,DE0001102507,2.1219
2025-02-04,DE0001102507,2.1396
2025-02-05,DE0001102507,2.0701
2025-02-06,DE0001102507,2.1043
2025-02-07,DE0001102507,2.095
2025-02-10,DE0001102507,2.1023
2025-02-11,DE0001102507,2.1242
2025-02-12,DE0001102507,2.1775
2025-02-13,DE0001102507,2.2038
2025-02-14,DE0001102507,2.163
2025-02-17,DE0001102507,2.2229
2025-02-18,DE0001102507,2.2345
2025-02-19,DE0001102507,2.2441
2025-02-20,DE0001102507,2.2728
2025-02-21,DE0001102507,2.2275
2025-02-24,DE0001102507,2.197
2025-02-25,DE0001102507,2.175
2025-02-26,DE0001102507,2.1529
2025-02-27,DE0001102507,2.1499
2025-02-28,DE0001102507,2.0859
2025-03-03,DE0001102507,2.1353
2025-03-04,DE0001102507,2.1153
2025-03-05,DE0001102507,2.3153
2025-03-06,DE0001102507,2.5012
2025-03-07,DE0001102507,2.468
2025-03-10,DE0001102507,2.4348
2025-03-11,DE0001102507,2.4813
2025-03-12,DE0001102507,2.515
2025-03-13,DE0001102507,2.4994
2025-03-14,DE0001102507,2.4769
2025-03-17,DE0001102507,2.4285
2025-03-18,DE0001102507,2.4556
2025-03-19,DE0001102507,2.3986
2025-03-20,DE0001102507,2.398
2025-03-21,DE0001102507,2.3712
2025-03-24,DE0001102507,2.3789
2025-03-25,DE0001102507,2.4125
2025-03-26,DE0001102507,2.3943
2025-03-27,DE0001102507,2.3785
2025-03-28,DE0001102507,2.315
2025-03-31,DE0001102507,2.2689
2025-04-01,DE0001102507,2.2744
2025-04-02,DE0001102507,2.2777
2025-04-03,DE0001102507,2.2339
2025-04-04,DE0001102507,2.113
2025-04-07,DE0001102507,1.9738
2025-04-08,DE0001102507,2.1622
2025-04-09,DE0001102507,2.0906
2025-04-10,DE0001102507,2.1882
2025-04-11,DE0001102507,2.0993
2025-04-14,DE0001102507,2.1175
2025-04-15,DE0001102507,2.0651
2025-04-16,DE0001102507,2.0533
2025-04-17,DE0001102507,2.0962
2025-04-22,DE0001102507,1.9914
2025-04-23,DE0001102507,2.0244
2025-04-24,DE0001102507,2.0084
2025-04-25,DE0001102507,2.0201
2025-04-28,DE0001102507,2.0448
2025-04-29,DE0001102507,2.0254
2025-04-30,DE0001102507,2.0114
2025-05-02,DE0001102507,2.006
2025-05-05,DE0001102507,2.0609
2025-05-06,DE0001102507,2.0706
2025-05-07,DE0001102507,2.0544
2025-05-08,DE0001102507,2.0382
2025-05-09,DE0001102507,2.1172
2025-05-12,DE0001102507,2.1922
2025-05-13,DE0001102507,2.2327
2025-05-14,DE0001102507,2.2382
2025-05-15,DE0001102507,2.2506
2025-05-16,DE0001102507,2.1621
2025-05-19,DE0001102507,2.1982
2025-05-20,DE0001102507,2.1229
2025-05-21,DE0001102507,2.1983
2025-05-22,DE0001102507,2.1711
2025-05-23,DE0001102507,2.1592
2025-05-26,DE0001102507,2.1209
2025-05-27,DE0001102507,2.0632
2025-05-28,DE0001102507,2.1013
2025-05-29,DE0001102507,2.1156
2025-05-30,DE0001102507,2.0774
2025-06-02,DE0001102507,2.0982
2025-06-03,DE0001102507,2.0468
2025-06-04,DE0001102507,2.0807
2025-06-05,DE0001102507,2.0643
2025-06-06,DE0001102507,2.1291
2025-06-09,DE0001102507,2.117
2025-06-10,DE0001102507,2.1336
2025-06-11,DE0001102507,2.1369
2025-06-12,DE0001102507,2.0941
2025-06-13,DE0001102507,2.0974
2025-06-16,DE0001102507,2.1515
2025-06-17,DE0001102507,2.1349
2025-06-18,DE0001102507,2.1317
2025-06-19,DE0001102507,2.1196
2025-06-20,DE0001102507,2.1053
2025-06-23,DE0001102507,2.1374
2025-06-24,DE0001102507,2.1142
2025-06-25,DE0001102507,2.1153
2025-06-26,DE0001102507,2.1232
2025-06-27,DE0001102507,2.1244
2025-06-30,DE0001102507,2.1411
2025-07-01,DE0001102507,2.1133
2025-07-02,DE0001102507,2.159
2025-07-03,DE0001102507,2.1491
2025-07-04,DE0001102507,2.1012
2025-07-07,DE0001102507,2.1247
2025-07-08,DE0001102507,2.204
2025-07-09,DE0001102507,2.1896
2025-07-10,DE0001102507,2.1819
2025-07-11,DE0001102507,2.2325
2025-07-14,DE0001102507,2.2135
2025-07-15,DE0001102507,2.1877
2025-07-16,DE0001102507,2.2069
2025-07-17,DE0001102507,2.1813
2025-07-18,DE0001102507,2.1937
2025-07-21,DE0001102507,2.1387
2025-07-22,DE0001102507,2.1196
2025-07-23,DE0001102507,2.123
2025-07-24,DE0001102507,2.1626
2025-07-25,DE0001102507,2.2724
2025-07-28,DE0001102507,2.2147
2025-07-29,DE0001102507,2.2204
2025-07-30,DE0001102507,2.2239
2025-07-31,DE0001102507,2.2412
2025-08-01,DE0001102507,2.247
2025-08-04,DE0001102507,2.2073
2025-08-05,DE0001102507,2.1609
2025-08-06,DE0001102507,2.1689
2025-08-07,DE0001102507,2.1611
2025-08-08,DE0001102507,2.1941
2025-08-11,DE0001102507,2.2136
2025-08-12,DE0001102507,2.2285
2025-08-13,DE0001102507,2.216
2025-08-14,DE0001102507,2.1764
2025-08-15,DE0001102507,2.2393
2025-08-18,DE0001102507,2.2497
2025-08-19,DE0001102507,2.267
2025-08-20,DE0001102507,2.2247
2025-08-21,DE0001102507,2.2376
2025-08-22,DE0001102507,2.2549
2025-08-25,DE0001102507,2.2469
2025-08-26,DE0001102507,2.216
2025-08-27,DE0001102507,2.1897
2025-08-28,DE0001102507,2.1865
2025-08-29,DE0001102507,2.1877
2025-09-01,DE0001102507,2.2258
2025-09-02,DE0001102507,2.2478
2025-09-03,DE0001102507,2.2398
2025-09-04,DE0001102507,2.1997
2025-09-05,DE0001102507,2.2033
2025-09-08,DE0001102507,2.1584
2025-09-09,DE0001102507,2.1642
2025-09-10,DE0001102507,2.1608
2025-09-11,DE0001102507,2.1876
2025-09-12,DE0001102507,2.2444
2025-09-15,DE0001102507,2.2248
2025-09-16,DE0001102507,2.2353
2025-09-17,DE0001102507,2.225
2025-09-18,DE0001102507,2.2311
2025-09-19,DE0001102507,2.272
2025-09-22,DE0001102507,2.2663
2025-09-23,DE0001102507,2.2745
2025-09-24,DE0001102507,2.2665
2025-09-25,DE0001102507,2.2774
2025-09-26,DE0001102507,2.2998
2025-09-29,DE0001102507,2.2682
2025-09-30,DE0001102507,2.2578
2025-10-01,DE0001102507,2.2732
2025-10-02,DE0001102507,2.2536
2025-10-03,DE0001102507,2.2549
2025-10-06,DE0001102507,2.2515
2025-10-07,DE0001102507,2.2551
2025-10-08,DE0001102507,2.2282
2025-10-09,DE0001102507,2.232
2025-10-10,DE0001102507,2.2263
2025-10-13,DE0001102507,2.1688
2025-10-14,DE0001102507,2.1255
2025-10-15,DE0001102507,2.1244
2025-10-16,DE0001102507,2.1046
2025-10-17,DE0001102507,2.0777
2025-10-20,DE0001102507,2.1235
2025-10-21,DE0001102507,2.1083
2025-10-22,DE0001102507,2.1001
2025-10-23,DE0001102507,2.1272
2025-10-24,DE0001102507,2.178
2025-10-27,DE0001102507,2.1887
2025-10-28,DE0001102507,2.1711
2025-10-29,DE0001102507,2.1818
2025-10-30,DE0001102507,2.2069
2025-10-31,DE0001102507,2.2011
2025-11-03,DE0001102507,2.1834
2025-11-04,DE0001102507,2.187
2025-11-05,DE0001102507,2.193
2025-11-06,DE0001102507,2.204
2025-11-07,DE0001102507,2.21
2025-11-10,DE0001102507,2.2113
2025-11-11,DE0001102507,2.2078
2025-11-12,DE0001102507,2.2115
2025-11-13,DE0001102507,2.1987
2025-11-14,DE0001102507,2.2454
2025-11-17,DE0001102507,2.2395
2025-11-18,DE0001102507,2.2265
2025-11-19,DE0001102507,2.2326
2025-11-20,DE0001102507,2.2437
2025-11-21,DE0001102507,2.1994
2025-11-24,DE0001102507,2.2223
2025-11-25,DE0001102507,2.2212
2025-11-26,DE0001102507,2.2129
2025-11-27,DE0001102507,2.2312
2025-11-28,DE0001102507,2.2374
2025-12-01,DE0001102507,2.2629
2025-12-02,DE0001102507,2.2957
2025-12-03,DE0001102507,2.2873
2025-12-04,DE0001102507,2.2987
2025-12-05,DE0001102507,2.3219
2025-12-08,DE0001102507,2.3867
2025-12-09,DE0001102507,2.415
2025-12-10,DE0001102507,2.4484
2025-12-11,DE0001102507,2.4208
2025-12-12,DE0001102507,2.4222
2025-12-15,DE0001102507,2.4016
2025-12-16,DE0001102507,2.4005
2025-12-17,DE0001102507,2.3872
2025-12-18,DE0001102507,2.3866
2025-12-19,DE0001102507,2.4077
2025-12-22,DE0001102507,2.4289
2025-12-23,DE0001102507,2.4065
2025-12-29,DE0001102507,2.3945
2025-12-30,DE0001102507,2.385
2026-01-02,DE0001102507,2.3933
2026-01-05,DE0001102507,2.427
2026-01-06,DE0001102507,2.3837
2026-01-07,DE0001102507,2.3405
2026-01-08,DE0001102507,2.3622
2026-01-09,DE0001102507,2.3636
2026-01-12,DE0001102507,2.36
2026-01-13,DE0001102507,2.3689
2026-01-14,DE0001102507,2.3455
2026-01-15,DE0001102507,2.3249
2026-01-16,DE0001102507,2.3437
2026-01-19,DE0001102507,2.3277
2026-01-20,DE0001102507,2.3565
2026-01-21,DE0001102507,2.333
2026-01-22,DE0001102507,2.3548
2026-01-23,DE0001102507,2.3963
2026-01-26,DE0001102507,2.3802
2026-01-27,DE0001102507,2.3766
2026-01-28,DE0001102507,2.338
2026-01-29,DE0001102507,2.3322
2026-01-30,DE0001102507,2.3236
2026-02-02,DE0001102507,2.3251
2026-02-03,DE0001102507,2.3667
2026-02-04,DE0001102507,2.3505
2026-02-05,DE0001102507,2.3347
2026-02-06,DE0001102507,2.2984
2026-02-09,DE0001102507,2.3225
2026-02-10,DE0001102507,2.2962
2026-02-11,DE0001102507,2.2725
2026-02-12,DE0001102507,2.2817
2026-02-13,DE0001102507,2.263
2026-02-16,DE0001102507,2.2493
2026-02-17,DE0001102507,2.2229
2026-02-18,DE0001102507,2.2344
2026-02-19,DE0001102507,2.2562
2026-02-20,DE0001102507,2.2374
2026-02-23,DE0001102507,2.2363
2026-02-24,DE0001102507,2.2074
2026-02-25,DE0001102507,2.2264
2026-02-26,DE0001102507,2.2179
2026-02-27,DE0001102507,2.1915
2026-03-02,DE0001102507,2.1827
2026-03-03,DE0001102507,2.339
2026-03-04,DE0001102507,2.3201
2026-03-05,DE0001102507,2.3321
2026-03-06,DE0001102507,2.4104
2026-03-09,DE0001102507,2.4969
2026-03-10,DE0001102507,2.3929
2026-03-11,DE0001102507,2.4639
2026-03-12,DE0001102507,2.497
2026-03-13,DE0001102507,2.5115
2026-03-16,DE0001102507,2.5183
2026-03-17,DE0001102507,2.4887
2026-03-18,DE0001102507,2.4696
2026-03-19,DE0001102507,2.5887
2026-03-20,DE0001102507,2.6479
2026-03-23,DE0001102507,2.7495
2026-03-24,DE0001102507,2.6618
2026-03-25,DE0001102507,2.6425
2026-03-26,DE0001102507,2.6975
2026-03-27,DE0001102507,2.7811
2026-03-30,DE0001102507,2.7247
2026-03-31,DE0001102507,2.6657
2026-04-01,DE0001102507,2.6016
2026-04-02,DE0001102507,2.6742
2026-04-07,DE0001102507,2.6697
2026-04-08,DE0001102507,2.5526
2026-04-09,DE0001102507,2.6209
2026-04-10,DE0001102507,2.6464
2026-04-13,DE0001102507,2.6852
2026-04-14,DE0001102507,2.6684
2026-04-15,DE0001102507,2.6249
2026-04-16,DE0001102507,2.6114
2026-04-17,DE0001102507,2.6104
2026-04-20,DE0001102507,2.5617
2026-04-21,DE0001102507,2.5607
2026-04-22,DE0001102507,2.6022
2026-04-23,DE0001102507,2.6526
2026-04-24,DE0001102507,2.6676
2026-04-27,DE0001102507,2.6196
2026-04-28,DE0001102507,2.6818
2026-04-29,DE0001102507,2.7237
2026-04-30,DE0001102507,2.7605
2026-05-04,DE0001102507,2.7057
2026-05-05,DE0001102507,2.7128
2026-05-06,DE0001102507,2.6232
2026-05-07,DE0001102507,2.6175
2026-05-08,DE0001102507,2.6327
2026-05-11,DE0001102507,2.664
2026-05-12,DE0001102507,2.7334
2026-05-13,DE0001102507,2.7379
2026-05-14,DE0001102507,2.7242
2026-05-15,DE0001102507,2.7559
2026-05-18,DE0001102507,2.7904
2026-05-19,DE0001102507,2.7704
2026-05-20,DE0001102507,2.7777
2026-05-21,DE0001102507,2.7095
2026-05-22,DE0001102507,2.6977
2026-05-25,DE0001102507,2.5908
2026-05-26,DE0001102507,2.6169
2026-05-27,DE0001102507,2.5915
2026-05-28,DE0001102507,2.6375
2026-05-29,DE0001102507,2.5875
2026-06-01,DE0001102507,2.63
2026-06-02,DE0001102507,2.6073
2026-06-03,DE0001102507,2.6745
2026-06-04,DE0001102507,2.688
2026-06-05,DE0001102507,2.6734
2026-06-08,DE0001102507,2.7328
2026-06-09,DE0001102507,2.6989
2026-06-10,DE0001102507,2.7117
2026-06-11,DE0001102507,2.7199
2026-06-12,DE0001102507,2.6308
2026-06-15,DE0001102507,2.5859
2026-06-16,DE0001102507,2.5794
2026-06-17,DE0001102507,2.5812
2026-06-18,DE0001102507,2.6194
2026-06-19,DE0001102507,2.6377
2026-06-22,DE0001102507,2.6422
2026-06-23,DE0001102507,2.586
2026-06-24,DE0001102507,2.574
2026-06-25,DE0001102507,2.5461
2026-06-26,DE0001102507,2.5258
2026-06-29,DE0001102507,2.5302
2026-06-30,DE0001102507,2.5154
2026-07-01,DE0001102507,2.5419
2026-07-02,DE0001102507,2.5637
2026-07-03,DE0001102507,2.5682
2026-07-06,DE0001102507,2.5616
2026-07-07,DE0001102507,2.6161
2026-07-08,DE0001102507,2.7183
2026-07-09,DE0001102507,2.7211
2026-07-10,DE0001102507,2.6921
2026-07-13,DE0001102507,2.7107
2026-07-14,DE0001102507,2.7885
2026-07-15,DE0001102507,2.7678
2026-07-16,DE0001102507,2.782
2026-07-17,DE0001102507,2.7839
2026-07-20,DE0001102507,2.7999
2026-07-21,DE0001102507,2.799
2026-07-22,DE0001102507,2.8293
2026-07-23,DE0001102507,2.8835
2026-07-24,DE0001102507,2.8655
2026-07-27,DE0001102507,2.802
2026-07-28,DE0001102507,2.7755
2026-07-29,DE0001102507,2.7945
2026-07-30,DE0001102507,2.8259
2026-07-31,DE0001102507,2.805
2026-08-03,DE0001102507,2.7956
2026-08-04,DE0001102507,2.8061
2026-08-05,DE0001102507,2.7395
2026-08-06,DE0001102507,2.7595
2026-08-07,DE0001102507,2.7843
2026-08-10,DE0001102507,2.7805
2026-08-11,DE0001102507,2.8426
2026-08-12,DE0001102507,2.8044
2026-08-13,DE0001102507,2.7959
2026-08-14,DE0001102507,2.8036
2026-08-17,DE0001102507,2.8343
2026-08-18,DE0001102507,2.871
2026-08-19,DE0001102507,2.8874
2026-08-20,DE0001102507,2.8964
2026-08-21,DE0001102507,2.8636
2026-08-24,DE0001102507,2.8714
2026-08-25,DE0001102507,2.8879
2026-08-26,DE0001102507,2.8232
2026-08-27,DE0001102507,2.8757
2026-08-28,DE0001102507,2.8952
2026-08-31,DE0001102507,2.9498
2026-09-01,DE0001102507,2.9958
2026-09-02,DE0001102507,3.0419
2026-09-03,DE0001102507,3.0189
2026-09-04,DE0001102507,2.9946
2026-09-07,DE0001102507,2.9967
2026-09-08,DE0001102507,3.046
2026-09-09,DE0001102507,3.0629
2026-09-10,DE0001102507,3.108
2026-09-11,DE0001102507,3.2024
2026-09-14,DE0001102507,3.2585
2026-09-15,DE0001102507,3.2968
2026-09-16,DE0001102507,3.2841
2026-09-17,DE0001102507,3.2761
2026-09-18,DE0001102507,3.2695
2026-09-21,DE0001102507,3.2357
2026-09-22,DE0001102507,3.214
2026-09-23,DE0001102507,3.2434
2026-09-24,DE0001102507,3.3349
2026-09-25,DE0001102507,3.3252
2026-09-28,DE0001102507,3.3852
2026-09-29,DE0001102507,3.3573
2026-09-30,DE0001102507,3.3051
2026-10-01,DE0001102507,3.2819
2021-06-16,DE0001102564,-0.190885
2021-06-17,DE0001102564,-0.171732
2021-06-18,DE0001102564,-0.202605
2021-06-21,DE0001102564,-0.204641
2021-06-22,DE0001102564,-0.164129
2021-06-23,DE0001102564,-0.170949
2021-06-24,DE0001102564,-0.171088
2021-06-25,DE0001102564,-0.180767
2021-06-28,DE0001102564,-0.164396
2021-06-29,DE0001102564,-0.176071
2021-06-30,DE0001102564,-0.188706
2021-07-01,DE0001102564,-0.1937
2021-07-02,DE0001102564,-0.225581
2021-07-05,DE0001102564,-0.221842
2021-07-06,DE0001102564,-0.222868
2021-07-07,DE0001102564,-0.279727
2021-07-08,DE0001102564,-0.337397
2021-07-09,DE0001102564,-0.315421
2021-07-12,DE0001102564,-0.310805
2021-07-13,DE0001102564,-0.296508
2021-07-14,DE0001102564,-0.290829
2021-07-15,DE0001102564,-0.340906
2021-07-16,DE0001102564,-0.33995
2021-07-19,DE0001102564,-0.370689
2021-07-20,DE0001102564,-0.411695
2021-07-21,DE0001102564,-0.400407
2021-07-22,DE0001102564,-0.395024
2021-07-23,DE0001102564,-0.410242
2021-07-26,DE0001102564,-0.434206
2021-07-27,DE0001102564,-0.440014
2021-07-28,DE0001102564,-0.442979
2021-07-29,DE0001102564,-0.447135
2021-07-30,DE0001102564,-0.445238
2021-08-02,DE0001102564,-0.449276
2021-08-03,DE0001102564,-0.469305
2021-08-04,DE0001102564,-0.48741
2021-08-05,DE0001102564,-0.499154
2021-08-06,DE0001102564,-0.492537
2021-08-09,DE0001102564,-0.467228
2021-08-10,DE0001102564,-0.45976
2021-08-11,DE0001102564,-0.437057
2021-08-12,DE0001102564,-0.460263
2021-08-13,DE0001102564,-0.461214
2021-08-16,DE0001102564,-0.467172
2021-08-17,DE0001102564,-0.495781
2021-08-18,DE0001102564,-0.484532
2021-08-19,DE0001102564,-0.49917
2021-08-23,DE0001102564,-0.468068
2021-08-24,DE0001102564,-0.483427
2021-08-25,DE0001102564,-0.460698
2021-08-26,DE0001102564,-0.405545
2021-08-27,DE0001102564,-0.413225
2021-08-30,DE0001102564,-0.422089
2021-08-31,DE0001102564,-0.426041
2021-09-01,DE0001102564,-0.369382
2021-09-02,DE0001102564,-0.386096
2021-09-03,DE0001102564,-0.382238
2021-09-06,DE0001102564,-0.361187
2021-09-07,DE0001102564,-0.335117
2021-09-08,DE0001102564,-0.334238
2021-09-09,DE0001102564,-0.329655
2021-09-10,DE0001102564,-0.346169
2021-09-13,DE0001102564,-0.332755
2021-09-14,DE0001102564,-0.315319
2021-09-15,DE0001102564,-0.341692
2021-09-16,DE0001102564,-0.305905
2021-09-17,DE0001102564,-0.286348
2021-09-20,DE0001102564,-0.310959
2021-09-21,DE0001102564,-0.308114
2021-09-22,DE0001102564,-0.316017
2021-09-23,DE0001102564,-0.306498
2021-09-24,DE0001102564,-0.241676
2021-09-27,DE0001102564,-0.213167
2021-09-28,DE0001102564,-0.19738
2021-09-29,DE0001102564,-0.214275
2021-09-30,DE0001102564,-0.215443
2021-10-01,DE0001102564,-0.226331
2021-10-04,DE0001102564,-0.209615
2021-10-05,DE0001102564,-0.22652
2021-10-06,DE0001102564,-0.163979
2021-10-07,DE0001102564,-0.186044
2021-10-08,DE0001102564,-0.153132
2021-10-11,DE0001102564,-0.135206
2021-10-12,DE0001102564,-0.128227
2021-10-13,DE0001102564,-0.125254
2021-10-14,DE0001102564,-0.145419
2021-10-15,DE0001102564,-0.173431
2021-10-18,DE0001102564,-0.134466
2021-10-19,DE0001102564,-0.150553
2021-10-20,DE0001102564,-0.11544
2021-10-21,DE0001102564,-0.122585
2021-10-22,DE0001102564,-0.075162
2021-10-25,DE0001102564,-0.096435
2021-10-26,DE0001102564,-0.135772
2021-10-27,DE0001102564,-0.153903
2021-10-28,DE0001102564,-0.167087
2021-10-29,DE0001102564,-0.099603
2021-11-01,DE0001102564,-0.10067
2021-11-02,DE0001102564,-0.14309
2021-11-03,DE0001102564,-0.191356
2021-11-04,DE0001102564,-0.182486
2021-11-05,DE0001102564,-0.243523
2021-11-08,DE0001102564,-0.268573
2021-11-09,DE0001102564,-0.258688
2021-11-10,DE0001102564,-0.287623
2021-11-11,DE0001102564,-0.244001
2021-11-12,DE0001102564,-0.238004
2021-11-15,DE0001102564,-0.278071
2021-11-16,DE0001102564,-0.235202
2021-11-17,DE0001102564,-0.246276
2021-11-18,DE0001102564,-0.256489
2021-11-19,DE0001102564,-0.326223
2021-11-22,DE0001102564,-0.338315
2021-11-23,DE0001102564,-0.261708
2021-11-24,DE0001102564,-0.244757
2021-11-25,DE0001102564,-0.242957
2021-11-26,DE0001102564,-0.316916
2021-11-29,DE0001102564,-0.316099
2021-11-30,DE0001102564,-0.354968
2021-12-01,DE0001102564,-0.32126
2021-12-02,DE0001102564,-0.358349
2021-12-03,DE0001102564,-0.369266
2021-12-06,DE0001102564,-0.37642
2021-12-07,DE0001102564,-0.365607
2021-12-08,DE0001102564,-0.379609
2021-12-09,DE0001102564,-0.336343
2021-12-10,DE0001102564,-0.342127
2021-12-13,DE0001102564,-0.365233
2021-12-14,DE0001102564,-0.373295
2021-12-15,DE0001102564,-0.374395
2021-12-16,DE0001102564,-0.354784
2021-12-17,DE0001102564,-0.356779
2021-12-20,DE0001102564,-0.390848
2021-12-21,DE0001102564,-0.354087
2021-12-22,DE0001102564,-0.286022
2021-12-23,DE0001102564,-0.272158
2021-12-27,DE0001102564,-0.233891
2021-12-28,DE0001102564,-0.233957
2021-12-29,DE0001102564,-0.22591
2021-12-30,DE0001102564,-0.204754
2022-01-03,DE0001102564,-0.18346
2022-01-04,DE0001102564,-0.136429
2022-01-05,DE0001102564,-0.135442
2022-01-06,DE0001102564,-0.090244
2022-01-07,DE0001102564,-0.09953
2022-01-10,DE0001102564,-0.073754
2022-01-11,DE0001102564,-0.091354
2022-01-12,DE0001102564,-0.081041
2022-01-13,DE0001102564,-0.085251
2022-01-14,DE0001102564,-0.110058
2022-01-17,DE0001102564,-0.068716
2022-01-18,DE0001102564,-0.052119
2022-01-19,DE0001102564,-0.032357
2022-01-20,DE0001102564,-0.063619
2022-01-21,DE0001102564,-0.100965
2022-01-24,DE0001102564,-0.129985
2022-01-25,DE0001102564,-0.114513
2022-01-26,DE0001102564,-0.117651
2022-01-27,DE0001102564,-0.079357
2022-01-28,DE0001102564,-0.078317
2022-01-31,DE0001102564,-0.052313
2022-02-01,DE0001102564,-0.047108
2022-02-02,DE0001102564,-0.012589
2022-02-03,DE0001102564,0.004204
2022-02-04,DE0001102564,0.1216
2022-02-07,DE0001102564,0.196499
2022-02-08,DE0001102564,0.180467
2022-02-09,DE0001102564,0.184808
2022-02-10,DE0001102564,0.208612
2022-02-11,DE0001102564,0.243108
2022-02-14,DE0001102564,0.166833
2022-02-15,DE0001102564,0.246562
2022-02-16,DE0001102564,0.272627
2022-02-17,DE0001102564,0.230624
2022-02-18,DE0001102564,0.185342
2022-02-21,DE0001102564,0.181146
2022-02-22,DE0001102564,0.160775
2022-02-23,DE0001102564,0.207118
2022-02-24,DE0001102564,0.109501
2022-02-25,DE0001102564,0.130909
2022-02-28,DE0001102564,0.152454
2022-03-01,DE0001102564,0.020123
2022-03-02,DE0001102564,-0.081142
2022-03-03,DE0001102564,0.009538
2022-03-04,DE0001102564,-0.058079
2022-03-07,DE0001102564,-0.108544
2022-03-08,DE0001102564,0.011668
2022-03-09,DE0001102564,0.127029
2022-03-10,DE0001102564,0.122838
2022-03-11,DE0001102564,0.223339
2022-03-14,DE0001102564,0.303146
2022-03-15,DE0001102564,0.29885
2022-03-16,DE0001102564,0.327479
2022-03-17,DE0001102564,0.316768
2022-03-18,DE0001102564,0.321166
2022-03-21,DE0001102564,0.354417
2022-03-22,DE0001102564,0.454426
2022-03-23,DE0001102564,0.424469
2022-03-24,DE0001102564,0.476206
2022-03-25,DE0001102564,0.462781
2022-03-28,DE0001102564,0.567652
2022-03-29,DE0001102564,0.597274
2022-03-30,DE0001102564,0.616762
2022-03-31,DE0001102564,0.567353
2022-04-01,DE0001102564,0.554905
2022-04-04,DE0001102564,0.45952
2022-04-05,DE0001102564,0.504591
2022-04-06,DE0001102564,0.616891
2022-04-07,DE0001102564,0.590103
2022-04-08,DE0001102564,0.647132
2022-04-11,DE0001102564,0.739513
2022-04-12,DE0001102564,0.829135
2022-04-13,DE0001102564,0.793048
2022-04-14,DE0001102564,0.751244
2022-04-19,DE0001102564,0.881239
2022-04-20,DE0001102564,0.834602
2022-04-21,DE0001102564,0.882282
2022-04-22,DE0001102564,0.909374
2022-04-25,DE0001102564,0.86399
2022-04-26,DE0001102564,0.789327
2022-04-27,DE0001102564,0.769751
2022-04-28,DE0001102564,0.780927
2022-04-29,DE0001102564,0.855862
2022-05-02,DE0001102564,0.879919
2022-05-03,DE0001102564,0.940506
2022-05-04,DE0001102564,0.943159
2022-05-05,DE0001102564,0.949942
2022-05-06,DE0001102564,1.028726
2022-05-09,DE0001102564,1.087068
2022-05-10,DE0001102564,1.02125
2022-05-11,DE0001102564,0.927294
2022-05-12,DE0001102564,0.845274
2022-05-13,DE0001102564,0.839382
2022-05-16,DE0001102564,0.945338
2022-05-17,DE0001102564,0.942045
2022-05-18,DE0001102564,1.003283
2022-05-19,DE0001102564,0.920535
2022-05-20,DE0001102564,0.941976
2022-05-23,DE0001102564,0.917513
2022-05-24,DE0001102564,0.934469
2022-05-25,DE0001102564,0.90497
2022-05-26,DE0001102564,0.861836
2022-05-27,DE0001102564,0.943947
2022-05-30,DE0001102564,1.000869
2022-05-31,DE0001102564,1.026462
2022-06-01,DE0001102564,1.07514
2022-06-02,DE0001102564,1.160181
2022-06-03,DE0001102564,1.201872
2022-06-06,DE0001102564,1.249426
2022-06-07,DE0001102564,1.24733
2022-06-08,DE0001102564,1.277408
2022-06-09,DE0001102564,1.309623
2022-06-10,DE0001102564,1.353276
2022-06-13,DE0001102564,1.509126
2022-06-14,DE0001102564,1.61304
2022-06-15,DE0001102564,1.719397
2022-06-16,DE0001102564,1.735255
2022-06-17,DE0001102564,1.593157
2022-06-20,DE0001102564,1.576167
2022-06-21,DE0001102564,1.684875
2022-06-22,DE0001102564,1.629817
2022-06-23,DE0001102564,1.397986
2022-06-24,DE0001102564,1.390428
2022-06-27,DE0001102564,1.446862
2022-06-28,DE0001102564,1.567148
2022-06-29,DE0001102564,1.556081
2022-06-30,DE0001102564,1.393374
2022-07-01,DE0001102564,1.358103
2022-07-04,DE0001102564,1.247563
2022-07-05,DE0001102564,1.216871
2022-07-06,DE0001102564,1.124576
2022-07-07,DE0001102564,1.187334
2022-07-08,DE0001102564,1.161359
2022-07-11,DE0001102564,1.188054
2022-07-12,DE0001102564,1.010255
2022-07-13,DE0001102564,1.041063
2022-07-14,DE0001102564,1.144039
2022-07-15,DE0001102564,0.999296
2022-07-18,DE0001102564,1.083109
2022-07-19,DE0001102564,1.122847
2022-07-20,DE0001102564,1.121954
2022-07-21,DE0001102564,1.186175
2022-07-22,DE0001102564,0.956367
2022-07-25,DE0001102564,0.969113
2022-07-26,DE0001102564,0.870062
2022-07-27,DE0001102564,0.821004
2022-07-28,DE0001102564,0.879574
2022-07-29,DE0001102564,0.801355
2022-08-01,DE0001102564,0.756368
2022-08-02,DE0001102564,0.614287
2022-08-03,DE0001102564,0.731771
2022-08-04,DE0001102564,0.763502
2022-08-05,DE0001102564,0.690777
2022-08-08,DE0001102564,0.768759
2022-08-09,DE0001102564,0.811018
2022-08-10,DE0001102564,0.778821
2022-08-11,DE0001102564,0.802377
2022-08-12,DE0001102564,0.873638
2022-08-15,DE0001102564,0.83302
2022-08-16,DE0001102564,0.812755
2022-08-17,DE0001102564,0.966138
2022-08-18,DE0001102564,0.991571
2022-08-19,DE0001102564,1.071755
2022-08-22,DE0001102564,1.122105
2022-08-23,DE0001102564,1.201236
2022-08-24,DE0001102564,1.210399
2022-08-25,DE0001102564,1.226624
2022-08-26,DE0001102564,1.23797
2022-08-29,DE0001102564,1.407999
2022-08-30,DE0001102564,1.372552
2022-08-31,DE0001102564,1.446174
2022-09-01,DE0001102564,1.508325
2022-09-02,DE0001102564,1.482403
2022-09-05,DE0001102564,1.462616
2022-09-06,DE0001102564,1.447563
2022-09-07,DE0001102564,1.481644
2022-09-08,DE0001102564,1.495996
2022-09-09,DE0001102564,1.645116
2022-09-12,DE0001102564,1.602718
2022-09-13,DE0001102564,1.567816
2022-09-14,DE0001102564,1.630019
2022-09-15,DE0001102564,1.657936
2022-09-16,DE0001102564,1.685729
2022-09-19,DE0001102564,1.70403
2022-09-20,DE0001102564,1.796656
2022-09-21,DE0001102564,1.778456
2022-09-22,DE0001102564,1.792182
2022-09-23,DE0001102564,1.905492
2022-09-26,DE0001102564,2.014461
2022-09-27,DE0001102564,2.034313
2022-09-28,DE0001102564,2.258709
2022-09-29,DE0001102564,2.182372
2022-09-30,DE0001102564,2.045114
2022-10-03,DE0001102564,2.041518
2022-10-04,DE0001102564,1.730705
2022-10-05,DE0001102564,1.875355
2022-10-06,DE0001102564,1.932923
2022-10-07,DE0001102564,2.045452
2022-10-10,DE0001102564,2.072998
2022-10-11,DE0001102564,2.221463
2022-10-12,DE0001102564,2.250295
2022-10-13,DE0001102564,2.20739
2022-10-14,DE0001102564,2.117923
2022-10-17,DE0001102564,2.145749
2022-10-18,DE0001102564,2.233387
2022-10-19,DE0001102564,2.255245
2022-10-20,DE0001102564,2.332542
2022-10-21,DE0001102564,2.38105
2022-10-24,DE0001102564,2.309825
2022-10-25,DE0001102564,2.165159
2022-10-26,DE0001102564,2.072311
2022-10-27,DE0001102564,2.103522
2022-10-28,DE0001102564,2.014625
2022-10-31,DE0001102564,2.075576
2022-11-01,DE0001102564,1.993021
2022-11-02,DE0001102564,2.075493
2022-11-03,DE0001102564,2.16846
2022-11-04,DE0001102564,2.176901
2022-11-07,DE0001102564,2.214953
2022-11-08,DE0001102564,2.260986
2022-11-09,DE0001102564,2.190933
2022-11-10,DE0001102564,2.117043
2022-11-11,DE0001102564,1.990255
2022-11-14,DE0001102564,2.06801
2022-11-15,DE0001102564,2.035205
2022-11-16,DE0001102564,2.037242
2022-11-17,DE0001102564,1.913097
2022-11-18,DE0001102564,2.014119
2022-11-21,DE0001102564,1.97235
2022-11-22,DE0001102564,1.949437
2022-11-23,DE0001102564,1.94314
2022-11-24,DE0001102564,1.787032
2022-11-25,DE0001102564,1.866401
2022-11-28,DE0001102564,1.918566
2022-11-29,DE0001102564,1.862681
2022-11-30,DE0001102564,1.879782
2022-12-01,DE0001102564,1.799211
2022-12-02,DE0001102564,1.73514
2022-12-05,DE0001102564,1.79215
2022-12-06,DE0001102564,1.79956
2022-12-07,DE0001102564,1.73871
2022-12-08,DE0001102564,1.718597
2022-12-09,DE0001102564,1.814194
2022-12-12,DE0001102564,1.881451
2022-12-13,DE0001102564,1.909725
2022-12-14,DE0001102564,1.91588
2022-12-15,DE0001102564,1.876159
2022-12-16,DE0001102564,2.164875
2022-12-19,DE0001102564,2.160576
2022-12-20,DE0001102564,2.239738
2022-12-21,DE0001102564,2.247621
2022-12-22,DE0001102564,2.27062
2022-12-23,DE0001102564,2.344215
2022-12-27,DE0001102564,2.452027
2022-12-28,DE0001102564,2.441109
2022-12-29,DE0001102564,2.443466
2022-12-30,DE0001102564,2.469848
2023-01-02,DE0001102564,2.433328
2023-01-03,DE0001102564,2.311868
2023-01-04,DE0001102564,2.260632
2023-01-05,DE0001102564,2.259934
2023-01-06,DE0001102564,2.287356
2023-01-09,DE0001102564,2.232584
2023-01-10,DE0001102564,2.228988
2023-01-11,DE0001102564,2.185197
2023-01-12,DE0001102564,2.124394
2023-01-13,DE0001102564,2.034946
2023-01-16,DE0001102564,2.138614
2023-01-17,DE0001102564,2.117893
2023-01-18,DE0001102564,2.0206
2023-01-19,DE0001102564,1.953457
2023-01-20,DE0001102564,2.055151
2023-01-23,DE0001102564,2.102021
2023-01-24,DE0001102564,2.099849
2023-01-25,DE0001102564,2.02943
2023-01-26,DE0001102564,2.106857
2023-01-27,DE0001102564,2.182846
2023-01-30,DE0001102564,2.21743
2023-01-31,DE0001102564,2.215261
2023-02-01,DE0001102564,2.184241
2023-02-02,DE0001102564,2.173401
2023-02-03,DE0001102564,2.058796
2023-02-06,DE0001102564,2.187793
2023-02-07,DE0001102564,2.213071
2023-02-08,DE0001102564,2.289309
2023-02-09,DE0001102564,2.215955
2023-02-10,DE0001102564,2.275513
2023-02-13,DE0001102564,2.285746
2023-02-14,DE0001102564,2.29379
2023-02-15,DE0001102564,2.347255
2023-02-16,DE0001102564,2.401106
2023-02-17,DE0001102564,2.475179
2023-02-20,DE0001102564,2.390864
2023-02-21,DE0001102564,2.434543
2023-02-22,DE0001102564,2.487356
2023-02-23,DE0001102564,2.46448
2023-02-24,DE0001102564,2.405133
2023-02-27,DE0001102564,2.513841
2023-02-28,DE0001102564,2.591221
2023-03-01,DE0001102564,2.66768
2023-03-02,DE0001102564,2.7114
2023-03-03,DE0001102564,2.652099
2023-03-06,DE0001102564,2.623538
2023-03-07,DE0001102564,2.631972
2023-03-08,DE0001102564,2.667745
2023-03-09,DE0001102564,2.665818
2023-03-10,DE0001102564,2.507272
2023-03-13,DE0001102564,2.220286
2023-03-14,DE0001102564,2.291381
2023-03-15,DE0001102564,2.268622
2023-03-16,DE0001102564,2.222481
2023-03-17,DE0001102564,2.180139
2023-03-20,DE0001102564,1.929339
2023-03-21,DE0001102564,2.150251
2023-03-22,DE0001102564,2.23714
2023-03-23,DE0001102564,2.201257
2023-03-24,DE0001102564,1.94823
2023-03-27,DE0001102564,2.107979
2023-03-28,DE0001102564,2.241578
2023-03-29,DE0001102564,2.223228
2023-03-30,DE0001102564,2.248962
2023-03-31,DE0001102564,2.293211
2023-04-03,DE0001102564,2.285861
2023-04-04,DE0001102564,2.233531
2023-04-05,DE0001102564,2.213687
2023-04-06,DE0001102564,2.05458
2023-04-11,DE0001102564,2.165245
2023-04-12,DE0001102564,2.246846
2023-04-13,DE0001102564,2.317265
2023-04-14,DE0001102564,2.314292
2023-04-17,DE0001102564,2.366518
2023-04-18,DE0001102564,2.421249
2023-04-19,DE0001102564,2.455162
2023-04-20,DE0001102564,2.419969
2023-04-21,DE0001102564,2.377952
2023-04-24,DE0001102564,2.397539
2023-04-25,DE0001102564,2.381833
2023-04-26,DE0001102564,2.252899
2023-04-27,DE0001102564,2.357316
2023-04-28,DE0001102564,2.281175
2023-05-02,DE0001102564,2.285679
2023-05-03,DE0001102564,2.164959
2023-05-04,DE0001102564,2.175987
2023-05-05,DE0001102564,2.165659
2023-05-08,DE0001102564,2.224812
2023-05-09,DE0001102564,2.244866
2023-05-10,DE0001102564,2.253056
2023-05-11,DE0001102564,2.208
2023-05-12,DE0001102564,2.153
2023-05-15,DE0001102564,2.202
2023-05-16,DE0001102564,2.192
2023-05-17,DE0001102564,2.242
2023-05-18,DE0001102564,2.313
2023-05-19,DE0001102564,2.367
2023-05-22,DE0001102564,2.322
2023-05-23,DE0001102564,2.397
2023-05-24,DE0001102564,2.378
2023-05-25,DE0001102564,2.4
2023-05-26,DE0001102564,2.442
2023-05-29,DE0001102564,2.409
2023-05-30,DE0001102564,2.331
2023-05-31,DE0001102564,2.196
2023-06-01,DE0001102564,2.216
2023-06-02,DE0001102564,2.195
2023-06-05,DE0001102564,2.289
2023-06-06,DE0001102564,2.244
2023-06-07,DE0001102564,2.291
2023-06-08,DE0001102564,2.369
2023-06-09,DE0001102564,2.34
2023-06-12,DE0001102564,2.308
2023-06-13,DE0001102564,2.308
2023-06-14,DE0001102564,2.38
2023-06-15,DE0001102564,2.428
2023-06-16,DE0001102564,2.434
2023-06-19,DE0001102564,2.437
2023-06-20,DE0001102564,2.444
2023-06-21,DE0001102564,2.372
2023-06-22,DE0001102564,2.405
2023-06-23,DE0001102564,2.322
2023-06-26,DE0001102564,2.276
2023-06-27,DE0001102564,2.281
2023-06-28,DE0001102564,2.285
2023-06-29,DE0001102564,2.317
2023-06-30,DE0001102564,2.395
2023-07-03,DE0001102564,2.355
2023-07-04,DE0001102564,2.425
2023-07-05,DE0001102564,2.374
2023-07-06,DE0001102564,2.481
2023-07-07,DE0001102564,2.589
2023-07-10,DE0001102564,2.605
2023-07-11,DE0001102564,2.555
2023-07-12,DE0001102564,2.566
2023-07-13,DE0001102564,2.426
2023-07-14,DE0001102564,2.426
2023-07-17,DE0001102564,2.424
2023-07-18,DE0001102564,2.348
2023-07-19,DE0001102564,2.269
2023-07-20,DE0001102564,2.365
2023-07-21,DE0001102564,2.415
2023-07-24,DE0001102564,2.323
2023-07-25,DE0001102564,2.37
2023-07-26,DE0001102564,2.376
2023-07-27,DE0001102564,2.421
2023-07-28,DE0001102564,2.426
2023-07-31,DE0001102564,2.448
2023-08-01,DE0001102564,2.428
2023-08-02,DE0001102564,2.431
2023-08-03,DE0001102564,2.491
2023-08-04,DE0001102564,2.528
2023-08-07,DE0001102564,2.486
2023-08-08,DE0001102564,2.399
2023-08-09,DE0001102564,2.378
2023-08-10,DE0001102564,2.447
2023-08-11,DE0001102564,2.47
2023-08-14,DE0001102564,2.523
2023-08-15,DE0001102564,2.614
2023-08-16,DE0001102564,2.571
2023-08-17,DE0001102564,2.603
2023-08-18,DE0001102564,2.537
2023-08-21,DE0001102564,2.569
2023-08-22,DE0001102564,2.593
2023-08-23,DE0001102564,2.453
2023-08-24,DE0001102564,2.395
2023-08-25,DE0001102564,2.459
2023-08-28,DE0001102564,2.498
2023-08-29,DE0001102564,2.461
2023-08-30,DE0001102564,2.481
2023-08-31,DE0001102564,2.416
2023-09-01,DE0001102564,2.387
2023-09-04,DE0001102564,2.471
2023-09-05,DE0001102564,2.499
2023-09-06,DE0001102564,2.523
2023-09-07,DE0001102564,2.541
2023-09-08,DE0001102564,2.513
2023-09-11,DE0001102564,2.515
2023-09-12,DE0001102564,2.54
2023-09-13,DE0001102564,2.589541
2023-09-14,DE0001102564,2.561
2023-09-15,DE0001102564,2.559
2023-09-18,DE0001102564,2.605
2023-09-19,DE0001102564,2.632
2023-09-20,DE0001102564,2.65
2023-09-21,DE0001102564,2.653
2023-09-22,DE0001102564,2.648
2023-09-25,DE0001102564,2.698
2023-09-26,DE0001102564,2.707
2023-09-27,DE0001102564,2.692
2023-09-28,DE0001102564,2.818
2023-09-29,DE0001102564,2.766
2023-10-02,DE0001102564,2.779
2023-10-03,DE0001102564,2.827
2023-10-04,DE0001102564,2.867
2023-10-05,DE0001102564,2.839
2023-10-06,DE0001102564,2.784
2023-10-09,DE0001102564,2.729
2023-10-10,DE0001102564,2.682
2023-10-11,DE0001102564,2.622
2023-10-12,DE0001102564,2.631
2023-10-13,DE0001102564,2.652
2023-10-16,DE0001102564,2.679
2023-10-17,DE0001102564,2.703
2023-10-18,DE0001102564,2.806
2023-10-19,DE0001102564,2.837
2023-10-20,DE0001102564,2.812
2023-10-23,DE0001102564,2.828
2023-10-24,DE0001102564,2.685
2023-10-25,DE0001102564,2.733
2023-10-26,DE0001102564,2.767
2023-10-27,DE0001102564,2.71
2023-10-30,DE0001102564,2.68
2023-10-31,DE0001102564,2.66
2023-11-01,DE0001102564,2.706
2023-11-02,DE0001102564,2.591
2023-11-03,DE0001102564,2.602
2023-11-06,DE0001102564,2.588
2023-11-07,DE0001102564,2.587
2023-11-08,DE0001102564,2.538
2023-11-09,DE0001102564,2.539
2023-11-10,DE0001102564,2.618
2023-11-13,DE0001102564,2.607
2023-11-14,DE0001102564,2.611
2023-11-15,DE0001102564,2.488
2023-11-16,DE0001102564,2.518
2023-11-17,DE0001102564,2.413
2023-11-20,DE0001102564,2.486
2023-11-21,DE0001102564,2.495
2023-11-22,DE0001102564,2.469
2023-11-23,DE0001102564,2.484
2023-11-24,DE0001102564,2.544
2023-11-27,DE0001102564,2.534
2023-11-28,DE0001102564,2.437
2023-11-29,DE0001102564,2.343
2023-11-30,DE0001102564,2.301
2023-12-01,DE0001102564,2.318
2023-12-04,DE0001102564,2.256
2023-12-05,DE0001102564,2.202
2023-12-06,DE0001102564,2.159
2023-12-07,DE0001102564,2.077
2023-12-08,DE0001102564,2.125
2023-12-11,DE0001102564,2.157
2023-12-12,DE0001102564,2.132
2023-12-13,DE0001102564,2.116
2023-12-14,DE0001102564,1.955
2023-12-15,DE0001102564,1.946
2023-12-18,DE0001102564,1.932
2023-12-19,DE0001102564,1.934
2023-12-20,DE0001102564,1.893
2023-12-21,DE0001102564,1.873
2023-12-22,DE0001102564,1.864
2023-12-27,DE0001102564,1.833
2023-12-28,DE0001102564,1.817
2023-12-29,DE0001102564,1.911
2024-01-02,DE0001102564,1.9871
2024-01-03,DE0001102564,1.9536
2024-01-04,DE0001102564,1.9573
2024-01-05,DE0001102564,2.0588
2024-01-08,DE0001102564,2.0587
2024-01-09,DE0001102564,2.0767
2024-01-10,DE0001102564,2.0649
2024-01-11,DE0001102564,2.0876
2024-01-12,DE0001102564,2.0515
2024-01-15,DE0001102564,2.0655
2024-01-16,DE0001102564,2.0931
2024-01-17,DE0001102564,2.1333
2024-01-18,DE0001102564,2.1865
2024-01-19,DE0001102564,2.1992
2024-01-22,DE0001102564,2.1722
2024-01-23,DE0001102564,2.1841
2024-01-24,DE0001102564,2.1929
2024-01-25,DE0001102564,2.2416
2024-01-26,DE0001102564,2.1253
2024-01-29,DE0001102564,2.0999
2024-01-30,DE0001102564,2.1054
2024-01-31,DE0001102564,2.0935
2024-02-01,DE0001102564,2.0752
2024-02-02,DE0001102564,2.0594
2024-02-05,DE0001102564,2.1642
2024-02-06,DE0001102564,2.2065
2024-02-07,DE0001102564,2.1674
2024-02-08,DE0001102564,2.1858
2024-02-09,DE0001102564,2.2435
2024-02-12,DE0001102564,2.2484
2024-02-13,DE0001102564,2.2525
2024-02-14,DE0001102564,2.2662
2024-02-15,DE0001102564,2.2139
2024-02-16,DE0001102564,2.2849
2024-02-19,DE0001102564,2.2963
2024-02-20,DE0001102564,2.2923
2024-02-21,DE0001102564,2.2931
2024-02-22,DE0001102564,2.3575
2024-02-23,DE0001102564,2.382
2024-02-26,DE0001102564,2.2811
2024-02-27,DE0001102564,2.334
2024-02-28,DE0001102564,2.361
2024-02-29,DE0001102564,2.4177
2024-03-01,DE0001102564,2.3277
2024-03-04,DE0001102564,2.3099
2024-03-05,DE0001102564,2.2977
2024-03-06,DE0001102564,2.2806
2024-03-07,DE0001102564,2.2458
2024-03-08,DE0001102564,2.1875
2024-03-11,DE0001102564,2.181
2024-03-12,DE0001102564,2.2094
2024-03-13,DE0001102564,2.2345
2024-03-14,DE0001102564,2.2875
2024-03-15,DE0001102564,2.3628
2024-03-18,DE0001102564,2.3794
2024-03-19,DE0001102564,2.3638
2024-03-20,DE0001102564,2.3351
2024-03-21,DE0001102564,2.3099
2024-03-22,DE0001102564,2.2869
2024-03-25,DE0001102564,2.256
2024-03-26,DE0001102564,2.2699
2024-03-27,DE0001102564,2.2545
2024-03-28,DE0001102564,2.2365
2024-04-02,DE0001102564,2.2627
2024-04-03,DE0001102564,2.2947
2024-04-04,DE0001102564,2.2825
2024-04-05,DE0001102564,2.2694
2024-04-08,DE0001102564,2.3568
2024-04-09,DE0001102564,2.323
2024-04-10,DE0001102564,2.2679
2024-04-11,DE0001102564,2.3911
2024-04-12,DE0001102564,2.3067
2024-04-15,DE0001102564,2.3068
2024-04-16,DE0001102564,2.362
2024-04-17,DE0001102564,2.3964
2024-04-18,DE0001102564,2.3642
2024-04-19,DE0001102564,2.3858
2024-04-22,DE0001102564,2.456
2024-04-23,DE0001102564,2.4068
2024-04-24,DE0001102564,2.4545
2024-04-25,DE0001102564,2.4842
2024-04-26,DE0001102564,2.5229
2024-04-29,DE0001102564,2.4417
2024-04-30,DE0001102564,2.4685
2024-05-02,DE0001102564,2.4739
2024-05-03,DE0001102564,2.4571
2024-05-06,DE0001102564,2.3685
2024-05-07,DE0001102564,2.3594
2024-05-08,DE0001102564,2.357
2024-05-09,DE0001102564,2.4233
2024-05-10,DE0001102564,2.3864
2024-05-13,DE0001102564,2.4386
2024-05-14,DE0001102564,2.4244
2024-05-15,DE0001102564,2.4035
2024-05-16,DE0001102564,2.3492
2024-05-17,DE0001102564,2.4046
2024-05-20,DE0001102564,2.4451
2024-05-21,DE0001102564,2.4326
2024-05-22,DE0001102564,2.4588
2024-05-23,DE0001102564,2.4786
2024-05-24,DE0001102564,2.5091
2024-05-27,DE0001102564,2.5229
2024-05-28,DE0001102564,2.4831
2024-05-29,DE0001102564,2.5453
2024-05-30,DE0001102564,2.5962
2024-05-31,DE0001102564,2.627
2024-06-03,DE0001102564,2.569
2024-06-04,DE0001102564,2.4847
2024-06-05,DE0001102564,2.4755
2024-06-06,DE0001102564,2.4562
2024-06-07,DE0001102564,2.5039
2024-06-10,DE0001102564,2.5708
2024-06-11,DE0001102564,2.577
2024-06-12,DE0001102564,2.5129
2024-06-13,DE0001102564,2.468
2024-06-14,DE0001102564,2.2903
2024-06-17,DE0001102564,2.3039
2024-06-18,DE0001102564,2.3301
2024-06-19,DE0001102564,2.3057
2024-06-20,DE0001102564,2.3472
2024-06-21,DE0001102564,2.273
2024-06-24,DE0001102564,2.3118
2024-06-25,DE0001102564,2.3161
2024-06-26,DE0001102564,2.3424
2024-06-27,DE0001102564,2.3671
2024-06-28,DE0001102564,2.3553
2024-07-01,DE0001102564,2.4816
2024-07-02,DE0001102564,2.4894
2024-07-03,DE0001102564,2.5076
2024-07-04,DE0001102564,2.4847
2024-07-05,DE0001102564,2.4796
2024-07-08,DE0001102564,2.4609
2024-07-09,DE0001102564,2.4464
2024-07-10,DE0001102564,2.4268
2024-07-11,DE0001102564,2.428
2024-07-12,DE0001102564,2.3869
2024-07-15,DE0001102564,2.3461
2024-07-16,DE0001102564,2.3147
2024-07-17,DE0001102564,2.2901
2024-07-18,DE0001102564,2.3166
2024-07-19,DE0001102564,2.2894
2024-07-22,DE0001102564,2.3542
2024-07-23,DE0001102564,2.3415
2024-07-24,DE0001102564,2.2947
2024-07-25,DE0001102564,2.2752
2024-07-26,DE0001102564,2.3042
2024-07-29,DE0001102564,2.221
2024-07-30,DE0001102564,2.2269
2024-07-31,DE0001102564,2.1872
2024-08-01,DE0001102564,2.1525
2024-08-02,DE0001102564,2.0826
2024-08-05,DE0001102564,1.978
2024-08-06,DE0001102564,2.0289
2024-08-07,DE0001102564,2.1323
2024-08-08,DE0001102564,2.0775
2024-08-09,DE0001102564,2.1002
2024-08-12,DE0001102564,2.0926
2024-08-13,DE0001102564,2.0799
2024-08-14,DE0001102564,2.0589
2024-08-15,DE0001102564,2.0512
2024-08-16,DE0001102564,2.106
2024-08-19,DE0001102564,2.0866
2024-08-20,DE0001102564,2.1043
2024-08-21,DE0001102564,2.0764
2024-08-22,DE0001102564,2.0789
2024-08-23,DE0001102564,2.1136
2024-08-26,DE0001102564,2.0941
2024-08-27,DE0001102564,2.122
2024-08-28,DE0001102564,2.1076
2024-08-29,DE0001102564,2.0813
2024-08-30,DE0001102564,2.1008
2024-09-02,DE0001102564,2.1731
2024-09-03,DE0001102564,2.174
2024-09-04,DE0001102564,2.0897
2024-09-05,DE0001102564,2.0684
2024-09-06,DE0001102564,2.01
2024-09-09,DE0001102564,2.0718
2024-09-10,DE0001102564,2.0014
2024-09-11,DE0001102564,1.9449
2024-09-12,DE0001102564,1.9674
2024-09-13,DE0001102564,1.9682
2024-09-16,DE0001102564,1.9893
2024-09-17,DE0001102564,1.9462
2024-09-18,DE0001102564,2.0112
2024-09-19,DE0001102564,2.0391
2024-09-20,DE0001102564,2.0111
2024-09-23,DE0001102564,1.9847
2024-09-24,DE0001102564,2.0008
2024-09-25,DE0001102564,1.9609
2024-09-26,DE0001102564,1.9497
2024-09-27,DE0001102564,1.9386
2024-09-30,DE0001102564,1.9699
2024-10-01,DE0001102564,1.8743
2024-10-02,DE0001102564,1.8987
2024-10-03,DE0001102564,1.9484
2024-10-04,DE0001102564,1.9849
2024-10-07,DE0001102564,2.0952
2024-10-08,DE0001102564,2.0857
2024-10-09,DE0001102564,2.0643
2024-10-10,DE0001102564,2.1098
2024-10-11,DE0001102564,2.1106
2024-10-14,DE0001102564,2.0925
2024-10-15,DE0001102564,2.0659
2024-10-16,DE0001102564,2.0238
2024-10-17,DE0001102564,2.0417
2024-10-18,DE0001102564,2.0185
2024-10-21,DE0001102564,2.0434
2024-10-22,DE0001102564,2.127
2024-10-23,DE0001102564,2.114
2024-10-24,DE0001102564,2.0768
2024-10-25,DE0001102564,2.0846
2024-10-28,DE0001102564,2.0924
2024-10-29,DE0001102564,2.1244
2024-10-30,DE0001102564,2.1235
2024-10-31,DE0001102564,2.2378
2024-11-01,DE0001102564,2.2387
2024-11-04,DE0001102564,2.2677
2024-11-05,DE0001102564,2.2458
2024-11-06,DE0001102564,2.1977
2024-11-07,DE0001102564,2.2671
2024-11-08,DE0001102564,2.1873
2024-11-11,DE0001102564,2.1375
2024-11-12,DE0001102564,2.1209
2024-11-13,DE0001102564,2.1917
2024-11-14,DE0001102564,2.1962
2024-11-15,DE0001102564,2.141
2024-11-18,DE0001102564,2.2103
2024-11-19,DE0001102564,2.113
2024-11-20,DE0001102564,2.1682
2024-11-21,DE0001102564,2.1323
2024-11-22,DE0001102564,2.0424
2024-11-25,DE0001102564,2.0606
2024-11-26,DE0001102564,2.0232
2024-11-27,DE0001102564,1.9737
2024-11-28,DE0001102564,1.9813
2024-11-29,DE0001102564,1.9388
2024-12-02,DE0001102564,1.8808
2024-12-03,DE0001102564,1.8868
2024-12-04,DE0001102564,1.9066
2024-12-05,DE0001102564,1.9055
2024-12-06,DE0001102564,1.9653
2024-12-09,DE0001102564,1.94
2024-12-10,DE0001102564,1.9425
2024-12-11,DE0001102564,1.9295
2024-12-12,DE0001102564,1.9649
2024-12-13,DE0001102564,2.0286
2024-12-16,DE0001102564,2.0435
2024-12-17,DE0001102564,2.0356
2024-12-18,DE0001102564,2.0452
2024-12-19,DE0001102564,2.0724
2024-12-20,DE0001102564,2.0768
2024-12-23,DE0001102564,2.0935
2024-12-27,DE0001102564,2.1662
2024-12-30,DE0001102564,2.1697
2025-01-02,DE0001102564,2.136
2025-01-03,DE0001102564,2.1654
2025-01-06,DE0001102564,2.2414
2025-01-07,DE0001102564,2.2352
2025-01-08,DE0001102564,2.2648
2025-01-09,DE0001102564,2.3164
2025-01-10,DE0001102564,2.3517
2025-01-13,DE0001102564,2.4127
2025-01-14,DE0001102564,2.4155
2025-01-15,DE0001102564,2.4202
2025-01-16,DE0001102564,2.3559
2025-01-17,DE0001102564,2.3133
2025-01-20,DE0001102564,2.3197
2025-01-21,DE0001102564,2.2935
2025-01-22,DE0001102564,2.2818
2025-01-23,DE0001102564,2.321
2025-01-24,DE0001102564,2.3602
2025-01-27,DE0001102564,2.3084
2025-01-28,DE0001102564,2.3349
2025-01-29,DE0001102564,2.3159
2025-01-30,DE0001102564,2.3043
2025-01-31,DE0001102564,2.2435
2025-02-03,DE0001102564,2.1704
2025-02-04,DE0001102564,2.1876
2025-02-05,DE0001102564,2.1218
2025-02-06,DE0001102564,2.1588
2025-02-07,DE0001102564,2.1471
2025-02-10,DE0001102564,2.1606
2025-02-11,DE0001102564,2.1832
2025-02-12,DE0001102564,2.2331
2025-02-13,DE0001102564,2.2542
2025-02-14,DE0001102564,2.2133
2025-02-17,DE0001102564,2.278
2025-02-18,DE0001102564,2.2881
2025-02-19,DE0001102564,2.2982
2025-02-20,DE0001102564,2.325
2025-02-21,DE0001102564,2.2747
2025-02-24,DE0001102564,2.2482
2025-02-25,DE0001102564,2.2328
2025-02-26,DE0001102564,2.2082
2025-02-27,DE0001102564,2.2092
2025-02-28,DE0001102564,2.1483
2025-03-03,DE0001102564,2.2056
2025-03-04,DE0001102564,2.1938
2025-03-05,DE0001102564,2.4025
2025-03-06,DE0001102564,2.5773
2025-03-07,DE0001102564,2.5503
2025-03-10,DE0001102564,2.5233
2025-03-11,DE0001102564,2.575
2025-03-12,DE0001102564,2.6119
2025-03-13,DE0001102564,2.5964
2025-03-14,DE0001102564,2.5787
2025-03-17,DE0001102564,2.5234
2025-03-18,DE0001102564,2.5508
2025-03-19,DE0001102564,2.4881
2025-03-20,DE0001102564,2.4819
2025-03-21,DE0001102564,2.4718
2025-03-24,DE0001102564,2.4841
2025-03-25,DE0001102564,2.5228
2025-03-26,DE0001102564,2.5013
2025-03-27,DE0001102564,2.4839
2025-03-28,DE0001102564,2.423
2025-03-31,DE0001102564,2.3755
2025-04-01,DE0001102564,2.3765
2025-04-02,DE0001102564,2.3813
2025-04-03,DE0001102564,2.3358
2025-04-04,DE0001102564,2.2235
2025-04-07,DE0001102564,2.101
2025-04-08,DE0001102564,2.2774
2025-04-09,DE0001102564,2.2209
2025-04-10,DE0001102564,2.3019
2025-04-11,DE0001102564,2.197
2025-04-14,DE0001102564,2.2165
2025-04-15,DE0001102564,2.1693
2025-04-16,DE0001102564,2.1628
2025-04-17,DE0001102564,2.2019
2025-04-22,DE0001102564,2.1075
2025-04-23,DE0001102564,2.1361
2025-04-24,DE0001102564,2.1186
2025-04-25,DE0001102564,2.1306
2025-04-28,DE0001102564,2.1557
2025-04-29,DE0001102564,2.139
2025-04-30,DE0001102564,2.1251
2025-05-02,DE0001102564,2.1149
2025-05-05,DE0001102564,2.1623
2025-05-06,DE0001102564,2.1782
2025-05-07,DE0001102564,2.1624
2025-05-08,DE0001102564,2.141
2025-05-09,DE0001102564,2.2223
2025-05-12,DE0001102564,2.291
2025-05-13,DE0001102564,2.3392
2025-05-14,DE0001102564,2.3365
2025-05-15,DE0001102564,2.3415
2025-05-16,DE0001102564,2.2499
2025-05-19,DE0001102564,2.2981
2025-05-20,DE0001102564,2.2199
2025-05-21,DE0001102564,2.3058
2025-05-22,DE0001102564,2.2881
2025-05-23,DE0001102564,2.2702
2025-05-26,DE0001102564,2.2353
2025-05-27,DE0001102564,2.176
2025-05-28,DE0001102564,2.2071
2025-05-29,DE0001102564,2.2233
2025-05-30,DE0001102564,2.1865
2025-06-02,DE0001102564,2.2083
2025-06-03,DE0001102564,2.1583
2025-06-04,DE0001102564,2.1876
2025-06-05,DE0001102564,2.1641
2025-06-06,DE0001102564,2.2256
2025-06-09,DE0001102564,2.2152
2025-06-10,DE0001102564,2.2294
2025-06-11,DE0001102564,2.2248
2025-06-12,DE0001102564,2.1822
2025-06-13,DE0001102564,2.1851
2025-06-16,DE0001102564,2.2393
2025-06-17,DE0001102564,2.2289
2025-06-18,DE0001102564,2.2261
2025-06-19,DE0001102564,2.2119
2025-06-20,DE0001102564,2.2034
2025-06-23,DE0001102564,2.2311
2025-06-24,DE0001102564,2.2168
2025-06-25,DE0001102564,2.214
2025-06-26,DE0001102564,2.2247
2025-06-27,DE0001102564,2.2295
2025-06-30,DE0001102564,2.2401
2025-07-01,DE0001102564,2.2124
2025-07-02,DE0001102564,2.2593
2025-07-03,DE0001102564,2.2528
2025-07-04,DE0001102564,2.1964
2025-07-07,DE0001102564,2.2261
2025-07-08,DE0001102564,2.3059
2025-07-09,DE0001102564,2.2915
2025-07-10,DE0001102564,2.285
2025-07-11,DE0001102564,2.3382
2025-07-14,DE0001102564,2.32
2025-07-15,DE0001102564,2.2959
2025-07-16,DE0001102564,2.3105
2025-07-17,DE0001102564,2.2904
2025-07-18,DE0001102564,2.2992
2025-07-21,DE0001102564,2.2461
2025-07-22,DE0001102564,2.2259
2025-07-23,DE0001102564,2.225
2025-07-24,DE0001102564,2.2687
2025-07-25,DE0001102564,2.3727
2025-07-28,DE0001102564,2.3135
2025-07-29,DE0001102564,2.3223
2025-07-30,DE0001102564,2.3195
2025-07-31,DE0001102564,2.3344
2025-08-01,DE0001102564,2.3432
2025-08-04,DE0001102564,2.3092
2025-08-05,DE0001102564,2.2558
2025-08-06,DE0001102564,2.2685
2025-08-07,DE0001102564,2.258
2025-08-08,DE0001102564,2.2902
2025-08-11,DE0001102564,2.3108
2025-08-12,DE0001102564,2.3255
2025-08-13,DE0001102564,2.3149
2025-08-14,DE0001102564,2.277
2025-08-15,DE0001102564,2.3447
2025-08-18,DE0001102564,2.3575
2025-08-19,DE0001102564,2.3744
2025-08-20,DE0001102564,2.3322
2025-08-21,DE0001102564,2.3394
2025-08-22,DE0001102564,2.3582
2025-08-25,DE0001102564,2.3534
2025-08-26,DE0001102564,2.3289
2025-08-27,DE0001102564,2.2985
2025-08-28,DE0001102564,2.2958
2025-08-29,DE0001102564,2.2988
2025-09-01,DE0001102564,2.3373
2025-09-02,DE0001102564,2.3602
2025-09-03,DE0001102564,2.3573
2025-09-04,DE0001102564,2.3072
2025-09-05,DE0001102564,2.3142
2025-09-08,DE0001102564,2.264
2025-09-09,DE0001102564,2.269
2025-09-10,DE0001102564,2.2642
2025-09-11,DE0001102564,2.2891
2025-09-12,DE0001102564,2.3397
2025-09-15,DE0001102564,2.319
2025-09-16,DE0001102564,2.33
2025-09-17,DE0001102564,2.3172
2025-09-18,DE0001102564,2.3185
2025-09-19,DE0001102564,2.3613
2025-09-22,DE0001102564,2.3605
2025-09-23,DE0001102564,2.3695
2025-09-24,DE0001102564,2.3627
2025-09-25,DE0001102564,2.37
2025-09-26,DE0001102564,2.3912
2025-09-29,DE0001102564,2.3603
2025-09-30,DE0001102564,2.3494
2025-10-01,DE0001102564,2.3665
2025-10-02,DE0001102564,2.3478
2025-10-03,DE0001102564,2.3509
2025-10-06,DE0001102564,2.352
2025-10-07,DE0001102564,2.3612
2025-10-08,DE0001102564,2.3282
2025-10-09,DE0001102564,2.3295
2025-10-10,DE0001102564,2.3266
2025-10-13,DE0001102564,2.2717
2025-10-14,DE0001102564,2.2288
2025-10-15,DE0001102564,2.2239
2025-10-16,DE0001102564,2.2031
2025-10-17,DE0001102564,2.1743
2025-10-20,DE0001102564,2.2232
2025-10-21,DE0001102564,2.2083
2025-10-22,DE0001102564,2.1894
2025-10-23,DE0001102564,2.2165
2025-10-24,DE0001102564,2.2637
2025-10-27,DE0001102564,2.2788
2025-10-28,DE0001102564,2.2638
2025-10-29,DE0001102564,2.277
2025-10-30,DE0001102564,2.2984
2025-10-31,DE0001102564,2.2934
2025-11-03,DE0001102564,2.2784
2025-11-04,DE0001102564,2.2835
2025-11-05,DE0001102564,2.2846
2025-11-06,DE0001102564,2.3001
2025-11-07,DE0001102564,2.3052
2025-11-10,DE0001102564,2.3084
2025-11-11,DE0001102564,2.3034
2025-11-12,DE0001102564,2.3045
2025-11-13,DE0001102564,2.2916
2025-11-14,DE0001102564,2.3435
2025-11-17,DE0001102564,2.3386
2025-11-18,DE0001102564,2.3254
2025-11-19,DE0001102564,2.3367
2025-11-20,DE0001102564,2.3483
2025-11-21,DE0001102564,2.3025
2025-11-24,DE0001102564,2.324
2025-11-25,DE0001102564,2.3272
2025-11-26,DE0001102564,2.314
2025-11-27,DE0001102564,2.3276
2025-11-28,DE0001102564,2.3288
2025-12-01,DE0001102564,2.3606
2025-12-02,DE0001102564,2.3947
2025-12-03,DE0001102564,2.3876
2025-12-04,DE0001102564,2.3952
2025-12-05,DE0001102564,2.417
2025-12-08,DE0001102564,2.4803
2025-12-09,DE0001102564,2.5085
2025-12-10,DE0001102564,2.5409
2025-12-11,DE0001102564,2.5113
2025-12-12,DE0001102564,2.5125
2025-12-15,DE0001102564,2.495
2025-12-16,DE0001102564,2.4962
2025-12-17,DE0001102564,2.4871
2025-12-18,DE0001102564,2.4845
2025-12-19,DE0001102564,2.5149
2025-12-22,DE0001102564,2.5287
2025-12-23,DE0001102564,2.5056
2025-12-29,DE0001102564,2.4913
2025-12-30,DE0001102564,2.4833
2026-01-02,DE0001102564,2.4945
2026-01-05,DE0001102564,2.5273
2026-01-06,DE0001102564,2.4823
2026-01-07,DE0001102564,2.4353
2026-01-08,DE0001102564,2.4662
2026-01-09,DE0001102564,2.4611
2026-01-12,DE0001102564,2.4581
2026-01-13,DE0001102564,2.4699
2026-01-14,DE0001102564,2.4522
2026-01-15,DE0001102564,2.4285
2026-01-16,DE0001102564,2.4444
2026-01-19,DE0001102564,2.433
2026-01-20,DE0001102564,2.4679
2026-01-21,DE0001102564,2.4438
2026-01-22,DE0001102564,2.4602
2026-01-23,DE0001102564,2.5016
2026-01-26,DE0001102564,2.4838
2026-01-27,DE0001102564,2.485
2026-01-28,DE0001102564,2.444
2026-01-29,DE0001102564,2.4392
2026-01-30,DE0001102564,2.4298
2026-02-02,DE0001102564,2.431
2026-02-03,DE0001102564,2.4704
2026-02-04,DE0001102564,2.4568
2026-02-05,DE0001102564,2.4414
2026-02-06,DE0001102564,2.4023
2026-02-09,DE0001102564,2.429
2026-02-10,DE0001102564,2.4047
2026-02-11,DE0001102564,2.3784
2026-02-12,DE0001102564,2.3862
2026-02-13,DE0001102564,2.3683
2026-02-16,DE0001102564,2.3547
2026-02-17,DE0001102564,2.3283
2026-02-18,DE0001102564,2.3359
2026-02-19,DE0001102564,2.3543
2026-02-20,DE0001102564,2.3385
2026-02-23,DE0001102564,2.3375
2026-02-24,DE0001102564,2.3069
2026-02-25,DE0001102564,2.325
2026-02-26,DE0001102564,2.3158
2026-02-27,DE0001102564,2.2894
2026-03-02,DE0001102564,2.2736
2026-03-03,DE0001102564,2.4283
2026-03-04,DE0001102564,2.3888
2026-03-05,DE0001102564,2.4182
2026-03-06,DE0001102564,2.4991
2026-03-09,DE0001102564,2.5631
2026-03-10,DE0001102564,2.4865
2026-03-11,DE0001102564,2.5419
2026-03-12,DE0001102564,2.5805
2026-03-13,DE0001102564,2.5949
2026-03-16,DE0001102564,2.6049
2026-03-17,DE0001102564,2.5758
2026-03-18,DE0001102564,2.5466
2026-03-19,DE0001102564,2.6554
2026-03-20,DE0001102564,2.7161
2026-03-23,DE0001102564,2.8013
2026-03-24,DE0001102564,2.7211
2026-03-25,DE0001102564,2.6982
2026-03-26,DE0001102564,2.7488
2026-03-27,DE0001102564,2.8411
2026-03-30,DE0001102564,2.787
2026-03-31,DE0001102564,2.7309
2026-04-01,DE0001102564,2.6639
2026-04-02,DE0001102564,2.7358
2026-04-07,DE0001102564,2.7209
2026-04-08,DE0001102564,2.6118
2026-04-09,DE0001102564,2.6822
2026-04-10,DE0001102564,2.7146
2026-04-13,DE0001102564,2.7516
2026-04-14,DE0001102564,2.7397
2026-04-15,DE0001102564,2.7033
2026-04-16,DE0001102564,2.6897
2026-04-17,DE0001102564,2.6867
2026-04-20,DE0001102564,2.6437
2026-04-21,DE0001102564,2.6317
2026-04-22,DE0001102564,2.6731
2026-04-23,DE0001102564,2.7242
2026-04-24,DE0001102564,2.7323
2026-04-27,DE0001102564,2.691
2026-04-28,DE0001102564,2.7464
2026-04-29,DE0001102564,2.7836
2026-04-30,DE0001102564,2.8144
2026-05-04,DE0001102564,2.764
2026-05-05,DE0001102564,2.7722
2026-05-06,DE0001102564,2.6928
2026-05-07,DE0001102564,2.6859
2026-05-08,DE0001102564,2.6985
2026-05-11,DE0001102564,2.7292
2026-05-12,DE0001102564,2.7983
2026-05-13,DE0001102564,2.8043
2026-05-14,DE0001102564,2.7952
2026-05-15,DE0001102564,2.8193
2026-05-18,DE0001102564,2.8663
2026-05-19,DE0001102564,2.8451
2026-05-20,DE0001102564,2.8557
2026-05-21,DE0001102564,2.7783
2026-05-22,DE0001102564,2.7662
2026-05-25,DE0001102564,2.6545
2026-05-26,DE0001102564,2.683
2026-05-27,DE0001102564,2.6551
2026-05-28,DE0001102564,2.6978
2026-05-29,DE0001102564,2.6517
2026-06-01,DE0001102564,2.6871
2026-06-02,DE0001102564,2.6613
2026-06-03,DE0001102564,2.7263
2026-06-04,DE0001102564,2.7421
2026-06-05,DE0001102564,2.7276
2026-06-08,DE0001102564,2.7861
2026-06-09,DE0001102564,2.7556
2026-06-10,DE0001102564,2.764
2026-06-11,DE0001102564,2.7822
2026-06-12,DE0001102564,2.6944
2026-06-15,DE0001102564,2.6526
2026-06-16,DE0001102564,2.6426
2026-06-17,DE0001102564,2.6418
2026-06-18,DE0001102564,2.6734
2026-06-19,DE0001102564,2.6932
2026-06-22,DE0001102564,2.7015
2026-06-23,DE0001102564,2.6503
2026-06-24,DE0001102564,2.6335
2026-06-25,DE0001102564,2.6035
2026-06-26,DE0001102564,2.5798
2026-06-29,DE0001102564,2.588
2026-06-30,DE0001102564,2.5758
2026-07-01,DE0001102564,2.6023
2026-07-02,DE0001102564,2.6294
2026-07-03,DE0001102564,2.6401
2026-07-06,DE0001102564,2.6346
2026-07-07,DE0001102564,2.689
2026-07-08,DE0001102564,2.7876
2026-07-09,DE0001102564,2.7898
2026-07-10,DE0001102564,2.7611
2026-07-13,DE0001102564,2.7789
2026-07-14,DE0001102564,2.8456
2026-07-15,DE0001102564,2.8309
2026-07-16,DE0001102564,2.8449
2026-07-17,DE0001102564,2.8417
2026-07-20,DE0001102564,2.855
2026-07-21,DE0001102564,2.8589
2026-07-22,DE0001102564,2.8886
2026-07-23,DE0001102564,2.9334
2026-07-24,DE0001102564,2.9209
2026-07-27,DE0001102564,2.8566
2026-07-28,DE0001102564,2.8347
2026-07-29,DE0001102564,2.848
2026-07-30,DE0001102564,2.8904
2026-07-31,DE0001102564,2.8708
2026-08-03,DE0001102564,2.8559
2026-08-04,DE0001102564,2.8669
2026-08-05,DE0001102564,2.8001
2026-08-06,DE0001102564,2.8213
2026-08-07,DE0001102564,2.8488
2026-08-10,DE0001102564,2.8409
2026-08-11,DE0001102564,2.9041
2026-08-12,DE0001102564,2.8654
2026-08-13,DE0001102564,2.856
2026-08-14,DE0001102564,2.8623
2026-08-17,DE0001102564,2.8948
2026-08-18,DE0001102564,2.9393
2026-08-19,DE0001102564,2.9528
2026-08-20,DE0001102564,2.9602
2026-08-21,DE0001102564,2.9331
2026-08-24,DE0001102564,2.9348
2026-08-25,DE0001102564,2.946
2026-08-26,DE0001102564,2.8855
2026-08-27,DE0001102564,2.9382
2026-08-28,DE0001102564,2.9615
2026-08-31,DE0001102564,3.0137
2026-09-01,DE0001102564,3.0588
2026-09-02,DE0001102564,3.1017
2026-09-03,DE0001102564,3.0778
2026-09-04,DE0001102564,3.0553
2026-09-07,DE0001102564,3.0595
2026-09-08,DE0001102564,3.1074
2026-09-09,DE0001102564,3.1213
2026-09-10,DE0001102564,3.1706
2026-09-11,DE0001102564,3.2582
2026-09-14,DE0001102564,3.3093
2026-09-15,DE0001102564,3.3335
2026-09-16,DE0001102564,3.3403
2026-09-17,DE0001102564,3.3212
2026-09-18,DE0001102564,3.3033
2026-09-21,DE0001102564,3.2755
2026-09-22,DE0001102564,3.2527
2026-09-23,DE0001102564,3.2768
2026-09-24,DE0001102564,3.3793
2026-09-25,DE0001102564,3.3762
2026-09-28,DE0001102564,3.4306
2026-09-29,DE0001102564,3.4051
2026-09-30,DE0001102564,3.3521
2026-10-01,DE0001102564,3.3404
2022-10-14,DE0001102614,2.317817
2022-10-17,DE0001102614,2.406699
2022-10-18,DE0001102614,2.452505
2022-10-19,DE0001102614,2.400211
2022-10-20,DE0001102614,2.462923
2022-10-21,DE0001102614,2.548135
2022-10-24,DE0001102614,2.498096
2022-10-25,DE0001102614,2.324556
2022-10-26,DE0001102614,2.204152
2022-10-27,DE0001102614,2.244089
2022-10-28,DE0001102614,2.197548
2022-10-31,DE0001102614,2.208101
2022-11-01,DE0001102614,2.152617
2022-11-02,DE0001102614,2.224449
2022-11-03,DE0001102614,2.247185
2022-11-04,DE0001102614,2.23367
2022-11-07,DE0001102614,2.27833
2022-11-08,DE0001102614,2.319091
2022-11-09,DE0001102614,2.242464
2022-11-10,DE0001102614,2.173174
2022-11-11,DE0001102614,2.089827
2022-11-14,DE0001102614,2.170379
2022-11-15,DE0001102614,2.126638
2022-11-16,DE0001102614,2.117316
2022-11-17,DE0001102614,1.992237
2022-11-18,DE0001102614,2.047156
2022-11-21,DE0001102614,2.016668
2022-11-22,DE0001102614,1.982376
2022-11-23,DE0001102614,1.95732
2022-11-24,DE0001102614,1.79304
2022-11-25,DE0001102614,1.838901
2022-11-28,DE0001102614,1.857073
2022-11-29,DE0001102614,1.838475
2022-11-30,DE0001102614,1.82126
2022-12-01,DE0001102614,1.739338
2022-12-02,DE0001102614,1.691415
2022-12-05,DE0001102614,1.64902
2022-12-06,DE0001102614,1.66089
2022-12-07,DE0001102614,1.631046
2022-12-08,DE0001102614,1.617199
2022-12-09,DE0001102614,1.667836
2022-12-12,DE0001102614,1.716698
2022-12-13,DE0001102614,1.716274
2022-12-14,DE0001102614,1.814829
2022-12-15,DE0001102614,1.818694
2022-12-16,DE0001102614,1.966499
2022-12-19,DE0001102614,2.026149
2022-12-20,DE0001102614,2.154187
2022-12-21,DE0001102614,2.175054
2022-12-22,DE0001102614,2.200429
2022-12-23,DE0001102614,2.26515
2022-12-27,DE0001102614,2.373094
2022-12-28,DE0001102614,2.378662
2022-12-29,DE0001102614,2.400991
2022-12-30,DE0001102614,2.457141
2023-01-02,DE0001102614,2.442848
2023-01-03,DE0001102614,2.252765
2023-01-04,DE0001102614,2.227612
2023-01-05,DE0001102614,2.228661
2023-01-06,DE0001102614,2.233493
2023-01-09,DE0001102614,2.202258
2023-01-10,DE0001102614,2.212365
2023-01-11,DE0001102614,2.169387
2023-01-12,DE0001102614,2.134008
2023-01-13,DE0001102614,2.071996
2023-01-16,DE0001102614,2.175215
2023-01-17,DE0001102614,2.152942
2023-01-18,DE0001102614,2.07253
2023-01-19,DE0001102614,1.966874
2023-01-20,DE0001102614,2.071659
2023-01-23,DE0001102614,2.149299
2023-01-24,DE0001102614,2.141767
2023-01-25,DE0001102614,2.059727
2023-01-26,DE0001102614,2.153198
2023-01-27,DE0001102614,2.204202
2023-01-30,DE0001102614,2.238511
2023-01-31,DE0001102614,2.23757
2023-02-01,DE0001102614,2.20047
2023-02-02,DE0001102614,2.20391
2023-02-03,DE0001102614,2.175687
2023-02-06,DE0001102614,2.286564
2023-02-07,DE0001102614,2.292993
2023-02-08,DE0001102614,2.334635
2023-02-09,DE0001102614,2.271027
2023-02-10,DE0001102614,2.319327
2023-02-13,DE0001102614,2.312951
2023-02-14,DE0001102614,2.29766
2023-02-15,DE0001102614,2.33339
2023-02-16,DE0001102614,2.421787
2023-02-17,DE0001102614,2.47064
2023-02-20,DE0001102614,2.398448
2023-02-21,DE0001102614,2.423956
2023-02-22,DE0001102614,2.472892
2023-02-23,DE0001102614,2.521553
2023-02-24,DE0001102614,2.405255
2023-02-27,DE0001102614,2.502785
2023-02-28,DE0001102614,2.590123
2023-03-01,DE0001102614,2.654471
2023-03-02,DE0001102614,2.683656
2023-03-03,DE0001102614,2.659553
2023-03-06,DE0001102614,2.584552
2023-03-07,DE0001102614,2.58728
2023-03-08,DE0001102614,2.615815
2023-03-09,DE0001102614,2.610587
2023-03-10,DE0001102614,2.495515
2023-03-13,DE0001102614,2.280821
2023-03-14,DE0001102614,2.375527
2023-03-15,DE0001102614,2.31995
2023-03-16,DE0001102614,2.275087
2023-03-17,DE0001102614,2.256473
2023-03-20,DE0001102614,2.104898
2023-03-21,DE0001102614,2.270275
2023-03-22,DE0001102614,2.317215
2023-03-23,DE0001102614,2.295021
2023-03-24,DE0001102614,2.109692
2023-03-27,DE0001102614,2.248454
2023-03-28,DE0001102614,2.382651
2023-03-29,DE0001102614,2.381678
2023-03-30,DE0001102614,2.403124
2023-03-31,DE0001102614,2.38281
2023-04-03,DE0001102614,2.413409
2023-04-04,DE0001102614,2.34564
2023-04-05,DE0001102614,2.363926
2023-04-06,DE0001102614,2.227442
2023-04-11,DE0001102614,2.324401
2023-04-12,DE0001102614,2.388829
2023-04-13,DE0001102614,2.463845
2023-04-14,DE0001102614,2.469551
2023-04-17,DE0001102614,2.506697
2023-04-18,DE0001102614,2.551083
2023-04-19,DE0001102614,2.56124
2023-04-20,DE0001102614,2.536975
2023-04-21,DE0001102614,2.50694
2023-04-24,DE0001102614,2.519655
2023-04-25,DE0001102614,2.509186
2023-04-26,DE0001102614,2.432844
2023-04-27,DE0001102614,2.517845
2023-04-28,DE0001102614,2.445901
2023-05-02,DE0001102614,2.470336
2023-05-03,DE0001102614,2.358307
2023-05-04,DE0001102614,2.405603
2023-05-05,DE0001102614,2.427114
2023-05-08,DE0001102614,2.47686
2023-05-09,DE0001102614,2.496755
2023-05-10,DE0001102614,2.526254
2023-05-11,DE0001102614,2.481
2023-05-12,DE0001102614,2.42
2023-05-15,DE0001102614,2.476
2023-05-16,DE0001102614,2.489
2023-05-17,DE0001102614,2.513
2023-05-18,DE0001102614,2.57
2023-05-19,DE0001102614,2.626
2023-05-22,DE0001102614,2.581
2023-05-23,DE0001102614,2.643
2023-05-24,DE0001102614,2.61
2023-05-25,DE0001102614,2.635
2023-05-26,DE0001102614,2.678
2023-05-29,DE0001102614,2.617
2023-05-30,DE0001102614,2.554
2023-05-31,DE0001102614,2.445
2023-06-01,DE0001102614,2.479
2023-06-02,DE0001102614,2.476
2023-06-05,DE0001102614,2.54
2023-06-06,DE0001102614,2.507
2023-06-07,DE0001102614,2.528
2023-06-08,DE0001102614,2.611
2023-06-09,DE0001102614,2.564
2023-06-12,DE0001102614,2.526
2023-06-13,DE0001102614,2.529
2023-06-14,DE0001102614,2.577
2023-06-15,DE0001102614,2.597
2023-06-16,DE0001102614,2.57
2023-06-19,DE0001102614,2.574
2023-06-20,DE0001102614,2.575
2023-06-21,DE0001102614,2.471
2023-06-22,DE0001102614,2.476
2023-06-23,DE0001102614,2.406
2023-06-26,DE0001102614,2.378
2023-06-27,DE0001102614,2.388
2023-06-28,DE0001102614,2.384
2023-06-29,DE0001102614,2.384
2023-06-30,DE0001102614,2.449
2023-07-03,DE0001102614,2.351
2023-07-04,DE0001102614,2.442
2023-07-05,DE0001102614,2.415
2023-07-06,DE0001102614,2.529
2023-07-07,DE0001102614,2.622
2023-07-10,DE0001102614,2.666
2023-07-11,DE0001102614,2.599
2023-07-12,DE0001102614,2.635
2023-07-13,DE0001102614,2.533
2023-07-14,DE0001102614,2.506
2023-07-17,DE0001102614,2.505
2023-07-18,DE0001102614,2.446
2023-07-19,DE0001102614,2.386
2023-07-20,DE0001102614,2.46
2023-07-21,DE0001102614,2.503
2023-07-24,DE0001102614,2.45
2023-07-25,DE0001102614,2.484
2023-07-26,DE0001102614,2.482
2023-07-27,DE0001102614,2.536
2023-07-28,DE0001102614,2.58
2023-07-31,DE0001102614,2.592
2023-08-01,DE0001102614,2.573
2023-08-02,DE0001102614,2.612
2023-08-03,DE0001102614,2.668
2023-08-04,DE0001102614,2.673
2023-08-07,DE0001102614,2.665
2023-08-08,DE0001102614,2.565
2023-08-09,DE0001102614,2.548
2023-08-10,DE0001102614,2.615
2023-08-11,DE0001102614,2.656
2023-08-14,DE0001102614,2.696
2023-08-15,DE0001102614,2.756
2023-08-16,DE0001102614,2.742
2023-08-17,DE0001102614,2.774
2023-08-18,DE0001102614,2.706
2023-08-21,DE0001102614,2.756
2023-08-22,DE0001102614,2.746
2023-08-23,DE0001102614,2.64
2023-08-24,DE0001102614,2.585
2023-08-25,DE0001102614,2.649
2023-08-28,DE0001102614,2.665
2023-08-29,DE0001102614,2.646
2023-08-30,DE0001102614,2.66
2023-08-31,DE0001102614,2.618
2023-09-01,DE0001102614,2.602
2023-09-04,DE0001102614,2.695
2023-09-05,DE0001102614,2.732
2023-09-06,DE0001102614,2.752
2023-09-07,DE0001102614,2.75
2023-09-08,DE0001102614,2.729
2023-09-11,DE0001102614,2.751
2023-09-12,DE0001102614,2.751
2023-09-13,DE0001102614,2.793567
2023-09-14,DE0001102614,2.742
2023-09-15,DE0001102614,2.775
2023-09-18,DE0001102614,2.819
2023-09-19,DE0001102614,2.836
2023-09-20,DE0001102614,2.869
2023-09-21,DE0001102614,2.876
2023-09-22,DE0001102614,2.873
2023-09-25,DE0001102614,2.95
2023-09-26,DE0001102614,2.989
2023-09-27,DE0001102614,2.974
2023-09-28,DE0001102614,3.099
2023-09-29,DE0001102614,3.024
2023-10-02,DE0001102614,3.072
2023-10-03,DE0001102614,3.156
2023-10-04,DE0001102614,3.181
2023-10-05,DE0001102614,3.173
2023-10-06,DE0001102614,3.123
2023-10-09,DE0001102614,3.083
2023-10-10,DE0001102614,3.029
2023-10-11,DE0001102614,2.927
2023-10-12,DE0001102614,2.921
2023-10-13,DE0001102614,2.936
2023-10-16,DE0001102614,2.99
2023-10-17,DE0001102614,3.005
2023-10-18,DE0001102614,3.085
2023-10-19,DE0001102614,3.109
2023-10-20,DE0001102614,3.11
2023-10-23,DE0001102614,3.162
2023-10-24,DE0001102614,2.991
2023-10-25,DE0001102614,3.063
2023-10-26,DE0001102614,3.117
2023-10-27,DE0001102614,3.099
2023-10-30,DE0001102614,3.103
2023-10-31,DE0001102614,3.052
2023-11-01,DE0001102614,3.124
2023-11-02,DE0001102614,3.011
2023-11-03,DE0001102614,2.997
2023-11-06,DE0001102614,2.967
2023-11-07,DE0001102614,2.942
2023-11-08,DE0001102614,2.835
2023-11-09,DE0001102614,2.869
2023-11-10,DE0001102614,2.953
2023-11-13,DE0001102614,2.906
2023-11-14,DE0001102614,2.892
2023-11-15,DE0001102614,2.811
2023-11-16,DE0001102614,2.839
2023-11-17,DE0001102614,2.756
2023-11-20,DE0001102614,2.803
2023-11-21,DE0001102614,2.772
2023-11-22,DE0001102614,2.761
2023-11-23,DE0001102614,2.758
2023-11-24,DE0001102614,2.813
2023-11-27,DE0001102614,2.806
2023-11-28,DE0001102614,2.755
2023-11-29,DE0001102614,2.695
2023-11-30,DE0001102614,2.671
2023-12-01,DE0001102614,2.665
2023-12-04,DE0001102614,2.623
2023-12-05,DE0001102614,2.545
2023-12-06,DE0001102614,2.462
2023-12-07,DE0001102614,2.365
2023-12-08,DE0001102614,2.445
2023-12-11,DE0001102614,2.442
2023-12-12,DE0001102614,2.407
2023-12-13,DE0001102614,2.362
2023-12-14,DE0001102614,2.286
2023-12-15,DE0001102614,2.237
2023-12-18,DE0001102614,2.209
2023-12-19,DE0001102614,2.228
2023-12-20,DE0001102614,2.185
2023-12-21,DE0001102614,2.16
2023-12-22,DE0001102614,2.166
2023-12-27,DE0001102614,2.156
2023-12-28,DE0001102614,2.158
2023-12-29,DE0001102614,2.26
2024-01-02,DE0001102614,2.3355
2024-01-03,DE0001102614,2.3062
2024-01-04,DE0001102614,2.3159
2024-01-05,DE0001102614,2.3724
2024-01-08,DE0001102614,2.3853
2024-01-09,DE0001102614,2.4226
2024-01-10,DE0001102614,2.3906
2024-01-11,DE0001102614,2.3922
2024-01-12,DE0001102614,2.3809
2024-01-15,DE0001102614,2.4219
2024-01-16,DE0001102614,2.425
2024-01-17,DE0001102614,2.4501
2024-01-18,DE0001102614,2.4798
2024-01-19,DE0001102614,2.4914
2024-01-22,DE0001102614,2.4577
2024-01-23,DE0001102614,2.4847
2024-01-24,DE0001102614,2.515
2024-01-25,DE0001102614,2.5463
2024-01-26,DE0001102614,2.4838
2024-01-29,DE0001102614,2.4649
2024-01-30,DE0001102614,2.4686
2024-01-31,DE0001102614,2.4398
2024-02-01,DE0001102614,2.4541
2024-02-02,DE0001102614,2.3694
2024-02-05,DE0001102614,2.4842
2024-02-06,DE0001102614,2.5333
2024-02-07,DE0001102614,2.5109
2024-02-08,DE0001102614,2.5249
2024-02-09,DE0001102614,2.5513
2024-02-12,DE0001102614,2.5503
2024-02-13,DE0001102614,2.5547
2024-02-14,DE0001102614,2.5364
2024-02-15,DE0001102614,2.4763
2024-02-16,DE0001102614,2.5452
2024-02-19,DE0001102614,2.5437
2024-02-20,DE0001102614,2.5362
2024-02-21,DE0001102614,2.5502
2024-02-22,DE0001102614,2.5764
2024-02-23,DE0001102614,2.5666
2024-02-26,DE0001102614,2.5065
2024-02-27,DE0001102614,2.557
2024-02-28,DE0001102614,2.6083
2024-02-29,DE0001102614,2.6161
2024-03-01,DE0001102614,2.5357
2024-03-04,DE0001102614,2.5186
2024-03-05,DE0001102614,2.508
2024-03-06,DE0001102614,2.4888
2024-03-07,DE0001102614,2.4252
2024-03-08,DE0001102614,2.4174
2024-03-11,DE0001102614,2.43
2024-03-12,DE0001102614,2.4358
2024-03-13,DE0001102614,2.4543
2024-03-14,DE0001102614,2.5262
2024-03-15,DE0001102614,2.5694
2024-03-18,DE0001102614,2.5946
2024-03-19,DE0001102614,2.5815
2024-03-20,DE0001102614,2.5712
2024-03-21,DE0001102614,2.5627
2024-03-22,DE0001102614,2.5335
2024-03-25,DE0001102614,2.5052
2024-03-26,DE0001102614,2.5005
2024-03-27,DE0001102614,2.4858
2024-03-28,DE0001102614,2.4577
2024-04-02,DE0001102614,2.526
2024-04-03,DE0001102614,2.5633
2024-04-04,DE0001102614,2.5418
2024-04-05,DE0001102614,2.524
2024-04-08,DE0001102614,2.6062
2024-04-09,DE0001102614,2.536
2024-04-10,DE0001102614,2.4975
2024-04-11,DE0001102614,2.5709
2024-04-12,DE0001102614,2.5131
2024-04-15,DE0001102614,2.5423
2024-04-16,DE0001102614,2.598
2024-04-17,DE0001102614,2.61
2024-04-18,DE0001102614,2.5751
2024-04-19,DE0001102614,2.5877
2024-04-22,DE0001102614,2.6468
2024-04-23,DE0001102614,2.612
2024-04-24,DE0001102614,2.6793
2024-04-25,DE0001102614,2.7217
2024-04-26,DE0001102614,2.7303
2024-04-29,DE0001102614,2.6656
2024-04-30,DE0001102614,2.6668
2024-05-02,DE0001102614,2.6586
2024-05-03,DE0001102614,2.6392
2024-05-06,DE0001102614,2.5749
2024-05-07,DE0001102614,2.5613
2024-05-08,DE0001102614,2.556
2024-05-09,DE0001102614,2.6268
2024-05-10,DE0001102614,2.5938
2024-05-13,DE0001102614,2.6442
2024-05-14,DE0001102614,2.6464
2024-05-15,DE0001102614,2.6254
2024-05-16,DE0001102614,2.5739
2024-05-17,DE0001102614,2.63
2024-05-20,DE0001102614,2.6568
2024-05-21,DE0001102614,2.6424
2024-05-22,DE0001102614,2.6614
2024-05-23,DE0001102614,2.6689
2024-05-24,DE0001102614,2.6897
2024-05-27,DE0001102614,2.7073
2024-05-28,DE0001102614,2.6741
2024-05-29,DE0001102614,2.7427
2024-05-30,DE0001102614,2.7975
2024-05-31,DE0001102614,2.8115
2024-06-03,DE0001102614,2.7671
2024-06-04,DE0001102614,2.6948
2024-06-05,DE0001102614,2.6853
2024-06-06,DE0001102614,2.6709
2024-06-07,DE0001102614,2.6945
2024-06-10,DE0001102614,2.7705
2024-06-11,DE0001102614,2.7919
2024-06-12,DE0001102614,2.7516
2024-06-13,DE0001102614,2.6938
2024-06-14,DE0001102614,2.5651
2024-06-17,DE0001102614,2.5386
2024-06-18,DE0001102614,2.5719
2024-06-19,DE0001102614,2.5425
2024-06-20,DE0001102614,2.5847
2024-06-21,DE0001102614,2.5514
2024-06-24,DE0001102614,2.5947
2024-06-25,DE0001102614,2.5942
2024-06-26,DE0001102614,2.6102
2024-06-27,DE0001102614,2.6415
2024-06-28,DE0001102614,2.6415
2024-07-01,DE0001102614,2.7564
2024-07-02,DE0001102614,2.7859
2024-07-03,DE0001102614,2.7813
2024-07-04,DE0001102614,2.7545
2024-07-05,DE0001102614,2.7338
2024-07-08,DE0001102614,2.7317
2024-07-09,DE0001102614,2.717
2024-07-10,DE0001102614,2.6955
2024-07-11,DE0001102614,2.6974
2024-07-12,DE0001102614,2.6889
2024-07-15,DE0001102614,2.6609
2024-07-16,DE0001102614,2.6214
2024-07-17,DE0001102614,2.5878
2024-07-18,DE0001102614,2.6122
2024-07-19,DE0001102614,2.6205
2024-07-22,DE0001102614,2.6642
2024-07-23,DE0001102614,2.653
2024-07-24,DE0001102614,2.6252
2024-07-25,DE0001102614,2.6326
2024-07-26,DE0001102614,2.6499
2024-07-29,DE0001102614,2.5578
2024-07-30,DE0001102614,2.5759
2024-07-31,DE0001102614,2.5514
2024-08-01,DE0001102614,2.5028
2024-08-02,DE0001102614,2.4405
2024-08-05,DE0001102614,2.3849
2024-08-06,DE0001102614,2.3818
2024-08-07,DE0001102614,2.4746
2024-08-08,DE0001102614,2.4647
2024-08-09,DE0001102614,2.4775
2024-08-12,DE0001102614,2.4632
2024-08-13,DE0001102614,2.4584
2024-08-14,DE0001102614,2.4431
2024-08-15,DE0001102614,2.431
2024-08-16,DE0001102614,2.4496
2024-08-19,DE0001102614,2.4243
2024-08-20,DE0001102614,2.4513
2024-08-21,DE0001102614,2.4402
2024-08-22,DE0001102614,2.4488
2024-08-23,DE0001102614,2.475
2024-08-26,DE0001102614,2.4707
2024-08-27,DE0001102614,2.5062
2024-08-28,DE0001102614,2.4906
2024-08-29,DE0001102614,2.4838
2024-08-30,DE0001102614,2.4994
2024-09-02,DE0001102614,2.5778
2024-09-03,DE0001102614,2.5641
2024-09-04,DE0001102614,2.4877
2024-09-05,DE0001102614,2.459
2024-09-06,DE0001102614,2.4093
2024-09-09,DE0001102614,2.4923
2024-09-10,DE0001102614,2.431
2024-09-11,DE0001102614,2.3869
2024-09-12,DE0001102614,2.4148
2024-09-13,DE0001102614,2.4117
2024-09-16,DE0001102614,2.4239
2024-09-17,DE0001102614,2.3762
2024-09-18,DE0001102614,2.4329
2024-09-19,DE0001102614,2.4773
2024-09-20,DE0001102614,2.4623
2024-09-23,DE0001102614,2.4848
2024-09-24,DE0001102614,2.5248
2024-09-25,DE0001102614,2.4758
2024-09-26,DE0001102614,2.469
2024-09-27,DE0001102614,2.444
2024-09-30,DE0001102614,2.4879
2024-10-01,DE0001102614,2.3872
2024-10-02,DE0001102614,2.4066
2024-10-03,DE0001102614,2.4602
2024-10-04,DE0001102614,2.4908
2024-10-07,DE0001102614,2.52
2024-10-08,DE0001102614,2.5397
2024-10-09,DE0001102614,2.518
2024-10-10,DE0001102614,2.547
2024-10-11,DE0001102614,2.5739
2024-10-14,DE0001102614,2.5482
2024-10-15,DE0001102614,2.5129
2024-10-16,DE0001102614,2.4854
2024-10-17,DE0001102614,2.5012
2024-10-18,DE0001102614,2.5142
2024-10-21,DE0001102614,2.554
2024-10-22,DE0001102614,2.6309
2024-10-23,DE0001102614,2.6399
2024-10-24,DE0001102614,2.59
2024-10-25,DE0001102614,2.5846
2024-10-28,DE0001102614,2.5923
2024-10-29,DE0001102614,2.6174
2024-10-30,DE0001102614,2.5781
2024-10-31,DE0001102614,2.6304
2024-11-01,DE0001102614,2.6339
2024-11-04,DE0001102614,2.6227
2024-11-05,DE0001102614,2.6117
2024-11-06,DE0001102614,2.6301
2024-11-07,DE0001102614,2.7352
2024-11-08,DE0001102614,2.6343
2024-11-11,DE0001102614,2.5469
2024-11-12,DE0001102614,2.5224
2024-11-13,DE0001102614,2.553
2024-11-14,DE0001102614,2.5812
2024-11-15,DE0001102614,2.5384
2024-11-18,DE0001102614,2.5941
2024-11-19,DE0001102614,2.5043
2024-11-20,DE0001102614,2.5512
2024-11-21,DE0001102614,2.518
2024-11-22,DE0001102614,2.4856
2024-11-25,DE0001102614,2.4615
2024-11-26,DE0001102614,2.4445
2024-11-27,DE0001102614,2.3466
2024-11-28,DE0001102614,2.3702
2024-11-29,DE0001102614,2.3204
2024-12-02,DE0001102614,2.2788
2024-12-03,DE0001102614,2.2891
2024-12-04,DE0001102614,2.2886
2024-12-05,DE0001102614,2.2841
2024-12-06,DE0001102614,2.2954
2024-12-09,DE0001102614,2.3083
2024-12-10,DE0001102614,2.3529
2024-12-11,DE0001102614,2.3404
2024-12-12,DE0001102614,2.4076
2024-12-13,DE0001102614,2.4587
2024-12-16,DE0001102614,2.4598
2024-12-17,DE0001102614,2.4588
2024-12-18,DE0001102614,2.4701
2024-12-19,DE0001102614,2.4853
2024-12-20,DE0001102614,2.5255
2024-12-23,DE0001102614,2.5202
2024-12-27,DE0001102614,2.6108
2024-12-30,DE0001102614,2.6171
2025-01-02,DE0001102614,2.585
2025-01-03,DE0001102614,2.6034
2025-01-06,DE0001102614,2.6517
2025-01-07,DE0001102614,2.6789
2025-01-08,DE0001102614,2.7127
2025-01-09,DE0001102614,2.7625
2025-01-10,DE0001102614,2.7818
2025-01-13,DE0001102614,2.8077
2025-01-14,DE0001102614,2.8248
2025-01-15,DE0001102614,2.8438
2025-01-16,DE0001102614,2.7881
2025-01-17,DE0001102614,2.748
2025-01-20,DE0001102614,2.762
2025-01-21,DE0001102614,2.7221
2025-01-22,DE0001102614,2.7239
2025-01-23,DE0001102614,2.7571
2025-01-24,DE0001102614,2.7845
2025-01-27,DE0001102614,2.7306
2025-01-28,DE0001102614,2.7585
2025-01-29,DE0001102614,2.7539
2025-01-30,DE0001102614,2.7518
2025-01-31,DE0001102614,2.7264
2025-02-03,DE0001102614,2.6382
2025-02-04,DE0001102614,2.6665
2025-02-05,DE0001102614,2.5891
2025-02-06,DE0001102614,2.5948
2025-02-07,DE0001102614,2.5921
2025-02-10,DE0001102614,2.6229
2025-02-11,DE0001102614,2.6471
2025-02-12,DE0001102614,2.7001
2025-02-13,DE0001102614,2.6997
2025-02-14,DE0001102614,2.661
2025-02-17,DE0001102614,2.7453
2025-02-18,DE0001102614,2.75
2025-02-19,DE0001102614,2.7699
2025-02-20,DE0001102614,2.7929
2025-02-21,DE0001102614,2.7446
2025-02-24,DE0001102614,2.7204
2025-02-25,DE0001102614,2.7401
2025-02-26,DE0001102614,2.6861
2025-02-27,DE0001102614,2.7046
2025-02-28,DE0001102614,2.6602
2025-03-03,DE0001102614,2.7597
2025-03-04,DE0001102614,2.7819
2025-03-05,DE0001102614,2.9926
2025-03-06,DE0001102614,3.1026
2025-03-07,DE0001102614,3.0799
2025-03-10,DE0001102614,3.0749
2025-03-11,DE0001102614,3.1406
2025-03-12,DE0001102614,3.1867
2025-03-13,DE0001102614,3.1863
2025-03-14,DE0001102614,3.1903
2025-03-17,DE0001102614,3.1118
2025-03-18,DE0001102614,3.1368
2025-03-19,DE0001102614,3.077
2025-03-20,DE0001102614,3.0634
2025-03-21,DE0001102614,3.073
2025-03-24,DE0001102614,3.108
2025-03-25,DE0001102614,3.1439
2025-03-26,DE0001102614,3.1261
2025-03-27,DE0001102614,3.136
2025-03-28,DE0001102614,3.0648
2025-03-31,DE0001102614,3.0491
2025-04-01,DE0001102614,3.0198
2025-04-02,DE0001102614,3.0224
2025-04-03,DE0001102614,3.0308
2025-04-04,DE0001102614,2.8908
2025-04-07,DE0001102614,2.8471
2025-04-08,DE0001102614,3.0117
2025-04-09,DE0001102614,3.0186
2025-04-10,DE0001102614,3.0102
2025-04-11,DE0001102614,2.9107
2025-04-14,DE0001102614,2.8812
2025-04-15,DE0001102614,2.8759
2025-04-16,DE0001102614,2.8753
2025-04-17,DE0001102614,2.9113
2025-04-22,DE0001102614,2.8632
2025-04-23,DE0001102614,2.8669
2025-04-24,DE0001102614,2.8773
2025-04-25,DE0001102614,2.8828
2025-04-28,DE0001102614,2.9229
2025-04-29,DE0001102614,2.9079
2025-04-30,DE0001102614,2.8767
2025-05-02,DE0001102614,2.8828
2025-05-05,DE0001102614,2.9449
2025-05-06,DE0001102614,2.9831
2025-05-07,DE0001102614,2.9623
2025-05-08,DE0001102614,2.949
2025-05-09,DE0001102614,3.0259
2025-05-12,DE0001102614,3.0467
2025-05-13,DE0001102614,3.1064
2025-05-14,DE0001102614,3.1148
2025-05-15,DE0001102614,3.1164
2025-05-16,DE0001102614,2.9966
2025-05-19,DE0001102614,3.0968
2025-05-20,DE0001102614,3.0136
2025-05-21,DE0001102614,3.1361
2025-05-22,DE0001102614,3.1351
2025-05-23,DE0001102614,3.1114
2025-05-26,DE0001102614,3.0898
2025-05-27,DE0001102614,3.0043
2025-05-28,DE0001102614,3.0225
2025-05-29,DE0001102614,3.0315
2025-05-30,DE0001102614,3.0016
2025-06-02,DE0001102614,3.0279
2025-06-03,DE0001102614,2.9819
2025-06-04,DE0001102614,3.0169
2025-06-05,DE0001102614,2.9447
2025-06-06,DE0001102614,2.9731
2025-06-09,DE0001102614,2.959
2025-06-10,DE0001102614,2.9726
2025-06-11,DE0001102614,2.9994
2025-06-12,DE0001102614,2.9594
2025-06-13,DE0001102614,2.9178
2025-06-16,DE0001102614,3.0048
2025-06-17,DE0001102614,2.9844
2025-06-18,DE0001102614,2.9727
2025-06-19,DE0001102614,2.9613
2025-06-20,DE0001102614,2.9589
2025-06-23,DE0001102614,2.9862
2025-06-24,DE0001102614,3.0394
2025-06-25,DE0001102614,3.005
2025-06-26,DE0001102614,3.0335
2025-06-27,DE0001102614,3.0569
2025-06-30,DE0001102614,3.052
2025-07-01,DE0001102614,3.0244
2025-07-02,DE0001102614,3.0566
2025-07-03,DE0001102614,3.0588
2025-07-04,DE0001102614,3.0242
2025-07-07,DE0001102614,3.0742
2025-07-08,DE0001102614,3.148
2025-07-09,DE0001102614,3.1262
2025-07-10,DE0001102614,3.1471
2025-07-11,DE0001102614,3.2027
2025-07-14,DE0001102614,3.1988
2025-07-15,DE0001102614,3.1624
2025-07-16,DE0001102614,3.1912
2025-07-17,DE0001102614,3.1954
2025-07-18,DE0001102614,3.1883
2025-07-21,DE0001102614,3.1435
2025-07-22,DE0001102614,3.1249
2025-07-23,DE0001102614,3.1192
2025-07-24,DE0001102614,3.1486
2025-07-25,DE0001102614,3.2213
2025-07-28,DE0001102614,3.1546
2025-07-29,DE0001102614,3.1736
2025-07-30,DE0001102614,3.1568
2025-07-31,DE0001102614,3.148
2025-08-01,DE0001102614,3.163
2025-08-04,DE0001102614,3.1697
2025-08-05,DE0001102614,3.1115
2025-08-06,DE0001102614,3.1348
2025-08-07,DE0001102614,3.1197
2025-08-08,DE0001102614,3.1288
2025-08-11,DE0001102614,3.1684
2025-08-12,DE0001102614,3.1987
2025-08-13,DE0001102614,3.2126
2025-08-14,DE0001102614,3.1722
2025-08-15,DE0001102614,3.2688
2025-08-18,DE0001102614,3.2769
2025-08-19,DE0001102614,3.3181
2025-08-20,DE0001102614,3.2651
2025-08-21,DE0001102614,3.266
2025-08-22,DE0001102614,3.2863
2025-08-25,DE0001102614,3.312
2025-08-26,DE0001102614,3.2959
2025-08-27,DE0001102614,3.2544
2025-08-28,DE0001102614,3.2822
2025-08-29,DE0001102614,3.289
2025-09-01,DE0001102614,3.3331
2025-09-02,DE0001102614,3.3722
2025-09-03,DE0001102614,3.3792
2025-09-04,DE0001102614,3.3031
2025-09-05,DE0001102614,3.3127
2025-09-08,DE0001102614,3.2664
2025-09-09,DE0001102614,3.2631
2025-09-10,DE0001102614,3.2479
2025-09-11,DE0001102614,3.2508
2025-09-12,DE0001102614,3.2383
2025-09-15,DE0001102614,3.2571
2025-09-16,DE0001102614,3.2538
2025-09-17,DE0001102614,3.2326
2025-09-18,DE0001102614,3.2316
2025-09-19,DE0001102614,3.2932
2025-09-22,DE0001102614,3.3136
2025-09-23,DE0001102614,3.3253
2025-09-24,DE0001102614,3.3118
2025-09-25,DE0001102614,3.3013
2025-09-26,DE0001102614,3.2987
2025-09-29,DE0001102614,3.2773
2025-09-30,DE0001102614,3.2619
2025-10-01,DE0001102614,3.2889
2025-10-02,DE0001102614,3.2738
2025-10-03,DE0001102614,3.2504
2025-10-06,DE0001102614,3.2807
2025-10-07,DE0001102614,3.301
2025-10-08,DE0001102614,3.2621
2025-10-09,DE0001102614,3.2624
2025-10-10,DE0001102614,3.2385
2025-10-13,DE0001102614,3.2041
2025-10-14,DE0001102614,3.1596
2025-10-15,DE0001102614,3.1558
2025-10-16,DE0001102614,3.1405
2025-10-17,DE0001102614,3.1374
2025-10-20,DE0001102614,3.1733
2025-10-21,DE0001102614,3.1356
2025-10-22,DE0001102614,3.1079
2025-10-23,DE0001102614,3.1516
2025-10-24,DE0001102614,3.1745
2025-10-27,DE0001102614,3.1957
2025-10-28,DE0001102614,3.1682
2025-10-29,DE0001102614,3.1834
2025-10-30,DE0001102614,3.1962
2025-10-31,DE0001102614,3.2029
2025-11-03,DE0001102614,3.2076
2025-11-04,DE0001102614,3.2209
2025-11-05,DE0001102614,3.2244
2025-11-06,DE0001102614,3.234
2025-11-07,DE0001102614,3.2527
2025-11-10,DE0001102614,3.2548
2025-11-11,DE0001102614,3.2489
2025-11-12,DE0001102614,3.2444
2025-11-13,DE0001102614,3.2221
2025-11-14,DE0001102614,3.2918
2025-11-17,DE0001102614,3.2933
2025-11-18,DE0001102614,3.2893
2025-11-19,DE0001102614,3.3097
2025-11-20,DE0001102614,3.3298
2025-11-21,DE0001102614,3.3014
2025-11-24,DE0001102614,3.2988
2025-11-25,DE0001102614,3.307
2025-11-26,DE0001102614,3.2969
2025-11-27,DE0001102614,3.304
2025-11-28,DE0001102614,3.3075
2025-12-01,DE0001102614,3.3506
2025-12-02,DE0001102614,3.3755
2025-12-03,DE0001102614,3.3825
2025-12-04,DE0001102614,3.385
2025-12-05,DE0001102614,3.4059
2025-12-08,DE0001102614,3.455
2025-12-09,DE0001102614,3.4446
2025-12-10,DE0001102614,3.4736
2025-12-11,DE0001102614,3.4683
2025-12-12,DE0001102614,3.4692
2025-12-15,DE0001102614,3.4502
2025-12-16,DE0001102614,3.4609
2025-12-17,DE0001102614,3.4667
2025-12-18,DE0001102614,3.4734
2025-12-19,DE0001102614,3.5256
2025-12-22,DE0001102614,3.5336
2025-12-23,DE0001102614,3.4856
2025-12-29,DE0001102614,3.4774
2025-12-30,DE0001102614,3.4698
2026-01-02,DE0001102614,3.4944
2026-01-05,DE0001102614,3.5196
2026-01-06,DE0001102614,3.499
2026-01-07,DE0001102614,3.42
2026-01-08,DE0001102614,3.4689
2026-01-09,DE0001102614,3.4669
2026-01-12,DE0001102614,3.4529
2026-01-13,DE0001102614,3.4566
2026-01-14,DE0001102614,3.4503
2026-01-15,DE0001102614,3.4184
2026-01-16,DE0001102614,3.4171
2026-01-19,DE0001102614,3.439
2026-01-20,DE0001102614,3.4993
2026-01-21,DE0001102614,3.4909
2026-01-22,DE0001102614,3.4856
2026-01-23,DE0001102614,3.4978
2026-01-26,DE0001102614,3.4894
2026-01-27,DE0001102614,3.4902
2026-01-28,DE0001102614,3.474
2026-01-29,DE0001102614,3.485
2026-01-30,DE0001102614,3.4944
2026-02-02,DE0001102614,3.4867
2026-02-03,DE0001102614,3.5154
2026-02-04,DE0001102614,3.5263
2026-02-05,DE0001102614,3.5302
2026-02-06,DE0001102614,3.4839
2026-02-09,DE0001102614,3.5233
2026-02-10,DE0001102614,3.5098
2026-02-11,DE0001102614,3.4715
2026-02-12,DE0001102614,3.4499
2026-02-13,DE0001102614,3.4381
2026-02-16,DE0001102614,3.4291
2026-02-17,DE0001102614,3.3963
2026-02-18,DE0001102614,3.3964
2026-02-19,DE0001102614,3.4156
2026-02-20,DE0001102614,3.3858
2026-02-23,DE0001102614,3.3943
2026-02-24,DE0001102614,3.368
2026-02-25,DE0001102614,3.3862
2026-02-26,DE0001102614,3.3678
2026-02-27,DE0001102614,3.3555
2026-03-02,DE0001102614,3.3274
2026-03-03,DE0001102614,3.4162
2026-03-04,DE0001102614,3.4093
2026-03-05,DE0001102614,3.4237
2026-03-06,DE0001102614,3.421
2026-03-09,DE0001102614,3.4246
2026-03-10,DE0001102614,3.436
2026-03-11,DE0001102614,3.4707
2026-03-12,DE0001102614,3.4982
2026-03-13,DE0001102614,3.5191
2026-03-16,DE0001102614,3.525
2026-03-17,DE0001102614,3.4928
2026-03-18,DE0001102614,3.4405
2026-03-19,DE0001102614,3.4891
2026-03-20,DE0001102614,3.4728
2026-03-23,DE0001102614,3.5137
2026-03-24,DE0001102614,3.4859
2026-03-25,DE0001102614,3.4371
2026-03-26,DE0001102614,3.4615
2026-03-27,DE0001102614,3.5288
2026-03-30,DE0001102614,3.5254
2026-03-31,DE0001102614,3.4655
2026-04-01,DE0001102614,3.3987
2026-04-02,DE0001102614,3.4782
2026-04-07,DE0001102614,3.45
2026-04-08,DE0001102614,3.4325
2026-04-09,DE0001102614,3.4747
2026-04-10,DE0001102614,3.5459
2026-04-13,DE0001102614,3.5721
2026-04-14,DE0001102614,3.5694
2026-04-15,DE0001102614,3.5615
2026-04-16,DE0001102614,3.5736
2026-04-17,DE0001102614,3.5795
2026-04-20,DE0001102614,3.5476
2026-04-21,DE0001102614,3.5182
2026-04-22,DE0001102614,3.5392
2026-04-23,DE0001102614,3.5432
2026-04-24,DE0001102614,3.5405
2026-04-27,DE0001102614,3.5392
2026-04-28,DE0001102614,3.5749
2026-04-29,DE0001102614,3.574
2026-04-30,DE0001102614,3.5888
2026-05-04,DE0001102614,3.5452
2026-05-05,DE0001102614,3.5664
2026-05-06,DE0001102614,3.5187
2026-05-07,DE0001102614,3.5242
2026-05-08,DE0001102614,3.5351
2026-05-11,DE0001102614,3.5483
2026-05-12,DE0001102614,3.6098
2026-05-13,DE0001102614,3.6151
2026-05-14,DE0001102614,3.6097
2026-05-15,DE0001102614,3.6297
2026-05-18,DE0001102614,3.6813
2026-05-19,DE0001102614,3.6799
2026-05-20,DE0001102614,3.6786
2026-05-21,DE0001102614,3.604
2026-05-22,DE0001102614,3.5748
2026-05-25,DE0001102614,3.4925
2026-05-26,DE0001102614,3.5091
2026-05-27,DE0001102614,3.4985
2026-05-28,DE0001102614,3.5306
2026-05-29,DE0001102614,3.5048
2026-06-01,DE0001102614,3.5222
2026-06-02,DE0001102614,3.4972
2026-06-03,DE0001102614,3.5449
2026-06-04,DE0001102614,3.5657
2026-06-05,DE0001102614,3.5592
2026-06-08,DE0001102614,3.5842
2026-06-09,DE0001102614,3.588
2026-06-10,DE0001102614,3.5933
2026-06-11,DE0001102614,3.5989
2026-06-12,DE0001102614,3.5319
2026-06-15,DE0001102614,3.5234
2026-06-16,DE0001102614,3.5012
2026-06-17,DE0001102614,3.4877
2026-06-18,DE0001102614,3.4688
2026-06-19,DE0001102614,3.5105
2026-06-22,DE0001102614,3.5207
2026-06-23,DE0001102614,3.4906
2026-06-24,DE0001102614,3.4537
2026-06-25,DE0001102614,3.4096
2026-06-26,DE0001102614,3.4062
2026-06-29,DE0001102614,3.4147
2026-06-30,DE0001102614,3.4071
2026-07-01,DE0001102614,3.4482
2026-07-02,DE0001102614,3.4885
2026-07-03,DE0001102614,3.5051
2026-07-06,DE0001102614,3.5096
2026-07-07,DE0001102614,3.5568
2026-07-08,DE0001102614,3.6275
2026-07-09,DE0001102614,3.6406
2026-07-10,DE0001102614,3.6148
2026-07-13,DE0001102614,3.6157
2026-07-14,DE0001102614,3.6262
2026-07-15,DE0001102614,3.6449
2026-07-16,DE0001102614,3.6603
2026-07-17,DE0001102614,3.6395
2026-07-20,DE0001102614,3.6382
2026-07-21,DE0001102614,3.6592
2026-07-22,DE0001102614,3.6646
2026-07-23,DE0001102614,3.665
2026-07-24,DE0001102614,3.6614
2026-07-27,DE0001102614,3.6229
2026-07-28,DE0001102614,3.6045
2026-07-29,DE0001102614,3.6083
2026-07-30,DE0001102614,3.6721
2026-07-31,DE0001102614,3.6535
2026-08-03,DE0001102614,3.6544
2026-08-04,DE0001102614,3.6635
2026-08-05,DE0001102614,3.6153
2026-08-06,DE0001102614,3.6246
2026-08-07,DE0001102614,3.6545
2026-08-10,DE0001102614,3.6435
2026-08-11,DE0001102614,3.6946
2026-08-12,DE0001102614,3.6565
2026-08-13,DE0001102614,3.6659
2026-08-14,DE0001102614,3.6803
2026-08-17,DE0001102614,3.7311
2026-08-18,DE0001102614,3.7749
2026-08-19,DE0001102614,3.782
2026-08-20,DE0001102614,3.7609
2026-08-21,DE0001102614,3.761
2026-08-24,DE0001102614,3.755
2026-08-25,DE0001102614,3.7536
2026-08-26,DE0001102614,3.7164
2026-08-27,DE0001102614,3.755
2026-08-28,DE0001102614,3.772
2026-08-31,DE0001102614,3.7969
2026-09-01,DE0001102614,3.8414
2026-09-02,DE0001102614,3.8549
2026-09-03,DE0001102614,3.8264
2026-09-04,DE0001102614,3.8179
2026-09-07,DE0001102614,3.8251
2026-09-08,DE0001102614,3.8471
2026-09-09,DE0001102614,3.834
2026-09-10,DE0001102614,3.8927
2026-09-11,DE0001102614,3.8944
2026-09-14,DE0001102614,3.8985
2026-09-15,DE0001102614,3.9098
2026-09-16,DE0001102614,3.9044
2026-09-17,DE0001102614,3.8748
2026-09-18,DE0001102614,3.8434
2026-09-21,DE0001102614,3.8015
2026-09-22,DE0001102614,3.7892
2026-09-23,DE0001102614,3.808
2026-09-24,DE0001102614,3.8664
2026-09-25,DE0001102614,3.876
2026-09-28,DE0001102614,3.9358
2026-09-29,DE0001102614,3.9529
2026-09-30,DE0001102614,3.9138
2026-10-01,DE0001102614,3.9511
2022-06-28,DE0001141869,1.453477
2022-06-29,DE0001141869,1.394079
2022-06-30,DE0001141869,1.144461
2022-07-01,DE0001141869,1.087967
2022-07-04,DE0001141869,1.029453
2022-07-05,DE0001141869,0.9345
2022-07-06,DE0001141869,0.828493
2022-07-07,DE0001141869,0.949227
2022-07-08,DE0001141869,0.908642
2022-07-11,DE0001141869,0.902448
2022-07-12,DE0001141869,0.744555
2022-07-13,DE0001141869,0.799895
2022-07-14,DE0001141869,0.967398
2022-07-15,DE0001141869,0.783746
2022-07-18,DE0001141869,0.914597
2022-07-19,DE0001141869,0.966885
2022-07-20,DE0001141869,0.97061
2022-07-21,DE0001141869,1.044423
2022-07-22,DE0001141869,0.808932
2022-07-25,DE0001141869,0.810365
2022-07-26,DE0001141869,0.711705
2022-07-27,DE0001141869,0.672955
2022-07-28,DE0001141869,0.691238
2022-07-29,DE0001141869,0.599079
2022-08-01,DE0001141869,0.561991
2022-08-02,DE0001141869,0.416851
2022-08-03,DE0001141869,0.59573
2022-08-04,DE0001141869,0.621567
2022-08-05,DE0001141869,0.556272
2022-08-08,DE0001141869,0.645933
2022-08-09,DE0001141869,0.693922
2022-08-10,DE0001141869,0.656853
2022-08-11,DE0001141869,0.679103
2022-08-12,DE0001141869,0.725685
2022-08-15,DE0001141869,0.71148
2022-08-16,DE0001141869,0.701455
2022-08-17,DE0001141869,0.863361
2022-08-18,DE0001141869,0.945504
2022-08-19,DE0001141869,0.987071
2022-08-22,DE0001141869,1.022492
2022-08-23,DE0001141869,1.120103
2022-08-24,DE0001141869,1.090006
2022-08-25,DE0001141869,1.087671
2022-08-26,DE0001141869,1.123731
2022-08-29,DE0001141869,1.329581
2022-08-30,DE0001141869,1.268698
2022-08-31,DE0001141869,1.360152
2022-09-01,DE0001141869,1.417495
2022-09-02,DE0001141869,1.384752
2022-09-05,DE0001141869,1.345994
2022-09-06,DE0001141869,1.327639
2022-09-07,DE0001141869,1.323567
2022-09-08,DE0001141869,1.397354
2022-09-09,DE0001141869,1.537567
2022-09-12,DE0001141869,1.515024
2022-09-13,DE0001141869,1.490299
2022-09-14,DE0001141869,1.58584
2022-09-15,DE0001141869,1.607131
2022-09-16,DE0001141869,1.692899
2022-09-19,DE0001141869,1.674419
2022-09-20,DE0001141869,1.800972
2022-09-21,DE0001141869,1.782207
2022-09-22,DE0001141869,1.846553
2022-09-23,DE0001141869,1.946669
2022-09-26,DE0001141869,1.947342
2022-09-27,DE0001141869,2.078709
2022-09-28,DE0001141869,2.219929
2022-09-29,DE0001141869,2.145288
2022-09-30,DE0001141869,1.961903
2022-10-03,DE0001141869,1.958645
2022-10-04,DE0001141869,1.60773
2022-10-05,DE0001141869,1.772964
2022-10-06,DE0001141869,1.882683
2022-10-07,DE0001141869,1.98373
2022-10-10,DE0001141869,1.958566
2022-10-11,DE0001141869,2.123593
2022-10-12,DE0001141869,2.080514
2022-10-13,DE0001141869,2.031766
2022-10-14,DE0001141869,1.979763
2022-10-17,DE0001141869,2.00866
2022-10-18,DE0001141869,2.144137
2022-10-19,DE0001141869,2.159913
2022-10-20,DE0001141869,2.273555
2022-10-21,DE0001141869,2.342157
2022-10-24,DE0001141869,2.195179
2022-10-25,DE0001141869,2.099038
2022-10-26,DE0001141869,2.051331
2022-10-27,DE0001141869,2.063477
2022-10-28,DE0001141869,2.000092
2022-10-31,DE0001141869,2.029255
2022-11-01,DE0001141869,1.90533
2022-11-02,DE0001141869,2.001588
2022-11-03,DE0001141869,2.108151
2022-11-04,DE0001141869,2.145647
2022-11-07,DE0001141869,2.155398
2022-11-08,DE0001141869,2.22681
2022-11-09,DE0001141869,2.149677
2022-11-10,DE0001141869,2.120044
2022-11-11,DE0001141869,1.985587
2022-11-14,DE0001141869,2.023733
2022-11-15,DE0001141869,2.059423
2022-11-16,DE0001141869,2.04658
2022-11-17,DE0001141869,1.948551
2022-11-18,DE0001141869,2.043368
2022-11-21,DE0001141869,1.988924
2022-11-22,DE0001141869,2.000339
2022-11-23,DE0001141869,1.994089
2022-11-24,DE0001141869,1.862938
2022-11-25,DE0001141869,1.959847
2022-11-28,DE0001141869,2.011491
2022-11-29,DE0001141869,1.901295
2022-11-30,DE0001141869,1.974569
2022-12-01,DE0001141869,1.834245
2022-12-02,DE0001141869,1.744238
2022-12-05,DE0001141869,1.850258
2022-12-06,DE0001141869,1.872638
2022-12-07,DE0001141869,1.784753
2022-12-08,DE0001141869,1.763533
2022-12-09,DE0001141869,1.851765
2022-12-12,DE0001141869,1.85237
2022-12-13,DE0001141869,1.972692
2022-12-14,DE0001141869,1.959678
2022-12-15,DE0001141869,1.920614
2022-12-16,DE0001141869,2.296711
2022-12-19,DE0001141869,2.225044
2022-12-20,DE0001141869,2.298364
2022-12-21,DE0001141869,2.317176
2022-12-22,DE0001141869,2.344627
2022-12-23,DE0001141869,2.399717
2022-12-27,DE0001141869,2.52566
2022-12-28,DE0001141869,2.491591
2022-12-29,DE0001141869,2.495903
2022-12-30,DE0001141869,2.530717
2023-01-02,DE0001141869,2.483316
2023-01-03,DE0001141869,2.405244
2023-01-04,DE0001141869,2.322826
2023-01-05,DE0001141869,2.333766
2023-01-06,DE0001141869,2.361463
2023-01-09,DE0001141869,2.300326
2023-01-10,DE0001141869,2.307806
2023-01-11,DE0001141869,2.278394
2023-01-12,DE0001141869,2.224739
2023-01-13,DE0001141869,2.116924
2023-01-16,DE0001141869,2.221175
2023-01-17,DE0001141869,2.207874
2023-01-18,DE0001141869,2.102727
2023-01-19,DE0001141869,2.06513
2023-01-20,DE0001141869,2.170739
2023-01-23,DE0001141869,2.222511
2023-01-24,DE0001141869,2.211472
2023-01-25,DE0001141869,2.128917
2023-01-26,DE0001141869,2.190389
2023-01-27,DE0001141869,2.271555
2023-01-30,DE0001141869,2.314593
2023-01-31,DE0001141869,2.310504
2023-02-01,DE0001141869,2.299412
2023-02-02,DE0001141869,2.287107
2023-02-03,DE0001141869,2.142908
2023-02-06,DE0001141869,2.255537
2023-02-07,DE0001141869,2.29348
2023-02-08,DE0001141869,2.369116
2023-02-09,DE0001141869,2.293414
2023-02-10,DE0001141869,2.366247
2023-02-13,DE0001141869,2.383977
2023-02-14,DE0001141869,2.410583
2023-02-15,DE0001141869,2.468072
2023-02-16,DE0001141869,2.510539
2023-02-17,DE0001141869,2.584525
2023-02-20,DE0001141869,2.509553
2023-02-21,DE0001141869,2.565205
2023-02-22,DE0001141869,2.616284
2023-02-23,DE0001141869,2.580133
2023-02-24,DE0001141869,2.546564
2023-02-27,DE0001141869,2.665908
2023-02-28,DE0001141869,2.74415
2023-03-01,DE0001141869,2.830123
2023-03-02,DE0001141869,2.867022
2023-03-03,DE0001141869,2.810831
2023-03-06,DE0001141869,2.797947
2023-03-07,DE0001141869,2.837931
2023-03-08,DE0001141869,2.887861
2023-03-09,DE0001141869,2.883275
2023-03-10,DE0001141869,2.699821
2023-03-13,DE0001141869,2.358622
2023-03-14,DE0001141869,2.433592
2023-03-15,DE0001141869,2.362259
2023-03-16,DE0001141869,2.318598
2023-03-17,DE0001141869,2.282729
2023-03-20,DE0001141869,2.00143
2023-03-21,DE0001141869,2.236664
2023-03-22,DE0001141869,2.364237
2023-03-23,DE0001141869,2.303591
2023-03-24,DE0001141869,1.994055
2023-03-27,DE0001141869,2.165876
2023-03-28,DE0001141869,2.322218
2023-03-29,DE0001141869,2.274709
2023-03-30,DE0001141869,2.324646
2023-03-31,DE0001141869,2.426276
2023-04-03,DE0001141869,2.391212
2023-04-04,DE0001141869,2.343405
2023-04-05,DE0001141869,2.307729
2023-04-06,DE0001141869,2.307729
2023-04-11,DE0001141869,2.265339
2023-04-12,DE0001141869,2.35083
2023-04-13,DE0001141869,2.411274
2023-04-14,DE0001141869,2.411274
2023-04-17,DE0001141869,2.49106
2023-04-18,DE0001141869,2.516374
2023-04-19,DE0001141869,2.571367
2023-04-20,DE0001141869,2.561297
2023-04-21,DE0001141869,2.521774
2023-04-24,DE0001141869,2.538078
2023-04-25,DE0001141869,2.50916
2023-04-26,DE0001141869,2.34991
2023-04-27,DE0001141869,2.43864
2023-04-28,DE0001141869,2.369661
2023-05-02,DE0001141869,2.375885
2023-05-03,DE0001141869,2.256178
2023-05-04,DE0001141869,2.25302
2023-05-05,DE0001141869,2.182034
2023-05-08,DE0001141869,2.264006
2023-05-09,DE0001141869,2.284269
2023-05-10,DE0001141869,2.284871
2023-05-11,DE0001141869,2.242
2023-05-12,DE0001141869,2.196
2023-05-15,DE0001141869,2.246
2023-05-16,DE0001141869,2.227
2023-05-17,DE0001141869,2.282
2023-05-18,DE0001141869,2.385
2023-05-19,DE0001141869,2.423
2023-05-22,DE0001141869,2.407
2023-05-23,DE0001141869,2.472
2023-05-24,DE0001141869,2.455
2023-05-25,DE0001141869,2.49
2023-05-26,DE0001141869,2.505
2023-05-29,DE0001141869,2.507
2023-05-30,DE0001141869,2.415
2023-05-31,DE0001141869,2.285
2023-06-01,DE0001141869,2.325
2023-06-02,DE0001141869,2.31
2023-06-05,DE0001141869,2.409
2023-06-06,DE0001141869,2.362
2023-06-07,DE0001141869,2.41
2023-06-08,DE0001141869,2.485
2023-06-09,DE0001141869,2.463
2023-06-12,DE0001141869,2.441
2023-06-13,DE0001141869,2.452
2023-06-14,DE0001141869,2.527
2023-06-15,DE0001141869,2.611
2023-06-16,DE0001141869,2.631
2023-06-19,DE0001141869,2.633
2023-06-20,DE0001141869,2.657
2023-06-21,DE0001141869,2.606
2023-06-22,DE0001141869,2.629
2023-06-23,DE0001141869,2.568
2023-06-26,DE0001141869,2.518
2023-06-27,DE0001141869,2.524
2023-06-28,DE0001141869,2.563
2023-06-29,DE0001141869,2.578
2023-06-30,DE0001141869,2.656
2023-07-03,DE0001141869,2.655
2023-07-04,DE0001141869,2.692
2023-07-05,DE0001141869,2.644
2023-07-06,DE0001141869,2.73
2023-07-07,DE0001141869,2.8
2023-07-10,DE0001141869,2.81
2023-07-11,DE0001141869,2.787
2023-07-12,DE0001141869,2.793
2023-07-13,DE0001141869,2.647
2023-07-14,DE0001141869,2.647
2023-07-17,DE0001141869,2.665
2023-07-18,DE0001141869,2.58
2023-07-19,DE0001141869,2.494
2023-07-20,DE0001141869,2.598
2023-07-21,DE0001141869,2.64
2023-07-24,DE0001141869,2.537
2023-07-25,DE0001141869,2.596
2023-07-26,DE0001141869,2.589
2023-07-27,DE0001141869,2.638
2023-07-28,DE0001141869,2.609
2023-07-31,DE0001141869,2.624
2023-08-01,DE0001141869,2.599
2023-08-02,DE0001141869,2.573
2023-08-03,DE0001141869,2.615
2023-08-04,DE0001141869,2.652
2023-08-07,DE0001141869,2.599
2023-08-08,DE0001141869,2.536
2023-08-09,DE0001141869,2.511
2023-08-10,DE0001141869,2.582
2023-08-11,DE0001141869,2.592
2023-08-14,DE0001141869,2.642
2023-08-15,DE0001141869,2.738
2023-08-16,DE0001141869,2.697
2023-08-17,DE0001141869,2.721
2023-08-18,DE0001141869,2.649
2023-08-21,DE0001141869,2.675
2023-08-22,DE0001141869,2.71
2023-08-23,DE0001141869,2.572
2023-08-24,DE0001141869,2.514
2023-08-25,DE0001141869,2.575
2023-08-28,DE0001141869,2.643
2023-08-29,DE0001141869,2.612
2023-08-30,DE0001141869,2.643
2023-08-31,DE0001141869,2.565
2023-09-01,DE0001141869,2.519
2023-09-04,DE0001141869,2.585
2023-09-05,DE0001141869,2.602
2023-09-06,DE0001141869,2.627
2023-09-07,DE0001141869,2.668
2023-09-08,DE0001141869,2.638
2023-09-11,DE0001141869,2.648
2023-09-12,DE0001141869,2.662
2023-09-13,DE0001141869,2.722907
2023-09-14,DE0001141869,2.709
2023-09-15,DE0001141869,2.715
2023-09-18,DE0001141869,2.758
2023-09-19,DE0001141869,2.786
2023-09-20,DE0001141869,2.801
2023-09-21,DE0001141869,2.839
2023-09-22,DE0001141869,2.79
2023-09-25,DE0001141869,2.811
2023-09-26,DE0001141869,2.796
2023-09-27,DE0001141869,2.789
2023-09-28,DE0001141869,2.874
2023-09-29,DE0001141869,2.827
2023-10-02,DE0001141869,2.821
2023-10-03,DE0001141869,2.839
2023-10-04,DE0001141869,2.862
2023-10-05,DE0001141869,2.84
2023-10-06,DE0001141869,2.774
2023-10-09,DE0001141869,2.729
2023-10-10,DE0001141869,2.691
2023-10-11,DE0001141869,2.662
2023-10-12,DE0001141869,2.689
2023-10-13,DE0001141869,2.706
2023-10-16,DE0001141869,2.725
2023-10-17,DE0001141869,2.759
2023-10-18,DE0001141869,2.846
2023-10-19,DE0001141869,2.874
2023-10-20,DE0001141869,2.827
2023-10-23,DE0001141869,2.826
2023-10-24,DE0001141869,2.729
2023-10-25,DE0001141869,2.755
2023-10-26,DE0001141869,2.772
2023-10-27,DE0001141869,2.705
2023-10-30,DE0001141869,2.671
2023-10-31,DE0001141869,2.652
2023-11-01,DE0001141869,2.678
2023-11-02,DE0001141869,2.594
2023-11-03,DE0001141869,2.628
2023-11-06,DE0001141869,2.613
2023-11-07,DE0001141869,2.631
2023-11-08,DE0001141869,2.603
2023-11-09,DE0001141869,2.606
2023-11-10,DE0001141869,2.668
2023-11-13,DE0001141869,2.675
2023-11-14,DE0001141869,2.679
2023-11-15,DE0001141869,2.556
2023-11-16,DE0001141869,2.587
2023-11-17,DE0001141869,2.475
2023-11-20,DE0001141869,2.558
2023-11-21,DE0001141869,2.584
2023-11-22,DE0001141869,2.56
2023-11-23,DE0001141869,2.571
2023-11-24,DE0001141869,2.627
2023-11-27,DE0001141869,2.637
2023-11-28,DE0001141869,2.528
2023-11-29,DE0001141869,2.422
2023-11-30,DE0001141869,2.354
2023-12-01,DE0001141869,2.362
2023-12-04,DE0001141869,2.299
2023-12-05,DE0001141869,2.241
2023-12-06,DE0001141869,2.225
2023-12-07,DE0001141869,2.165
2023-12-08,DE0001141869,2.201
2023-12-11,DE0001141869,2.245
2023-12-12,DE0001141869,2.229
2023-12-13,DE0001141869,2.246
2023-12-14,DE0001141869,2.029
2023-12-15,DE0001141869,2.04
2023-12-18,DE0001141869,2.03
2023-12-19,DE0001141869,2.045
2023-12-20,DE0001141869,1.989
2023-12-21,DE0001141869,1.972
2023-12-22,DE0001141869,1.955
2023-12-27,DE0001141869,1.923
2023-12-28,DE0001141869,1.905
2023-12-29,DE0001141869,1.95
2024-01-02,DE0001141869,2.0125
2024-01-03,DE0001141869,1.9961
2024-01-04,DE0001141869,2.0032
2024-01-05,DE0001141869,2.1194
2024-01-08,DE0001141869,2.1206
2024-01-09,DE0001141869,2.1383
2024-01-10,DE0001141869,2.136
2024-01-11,DE0001141869,2.1692
2024-01-12,DE0001141869,2.1178
2024-01-15,DE0001141869,2.1104
2024-01-16,DE0001141869,2.1396
2024-01-17,DE0001141869,2.1947
2024-01-18,DE0001141869,2.2601
2024-01-19,DE0001141869,2.2629
2024-01-22,DE0001141869,2.2556
2024-01-23,DE0001141869,2.2534
2024-01-24,DE0001141869,2.257
2024-01-25,DE0001141869,2.3026
2024-01-26,DE0001141869,2.1693
2024-01-29,DE0001141869,2.1445
2024-01-30,DE0001141869,2.1712
2024-01-31,DE0001141869,2.1573
2024-02-01,DE0001141869,2.1417
2024-02-02,DE0001141869,2.1504
2024-02-05,DE0001141869,2.2478
2024-02-06,DE0001141869,2.2748
2024-02-07,DE0001141869,2.2462
2024-02-08,DE0001141869,2.2776
2024-02-09,DE0001141869,2.351
2024-02-12,DE0001141869,2.3585
2024-02-13,DE0001141869,2.3622
2024-02-14,DE0001141869,2.3896
2024-02-15,DE0001141869,2.3712
2024-02-16,DE0001141869,2.4275
2024-02-19,DE0001141869,2.4411
2024-02-20,DE0001141869,2.4449
2024-02-21,DE0001141869,2.4398
2024-02-22,DE0001141869,2.523
2024-02-23,DE0001141869,2.571
2024-02-26,DE0001141869,2.4828
2024-02-27,DE0001141869,2.5197
2024-02-28,DE0001141869,2.5386
2024-02-29,DE0001141869,2.5926
2024-03-01,DE0001141869,2.5143
2024-03-04,DE0001141869,2.486
2024-03-05,DE0001141869,2.4929
2024-03-06,DE0001141869,2.4636
2024-03-07,DE0001141869,2.4481
2024-03-08,DE0001141869,2.3729
2024-03-11,DE0001141869,2.3504
2024-03-12,DE0001141869,2.3873
2024-03-13,DE0001141869,2.4183
2024-03-14,DE0001141869,2.4632
2024-03-15,DE0001141869,2.5331
2024-03-18,DE0001141869,2.5471
2024-03-19,DE0001141869,2.5237
2024-03-20,DE0001141869,2.4941
2024-03-21,DE0001141869,2.4663
2024-03-22,DE0001141869,2.448
2024-03-25,DE0001141869,2.4315
2024-03-26,DE0001141869,2.4567
2024-03-27,DE0001141869,2.4458
2024-03-28,DE0001141869,2.4427
2024-04-02,DE0001141869,2.4353
2024-04-03,DE0001141869,2.4392
2024-04-04,DE0001141869,2.448
2024-04-05,DE0001141869,2.4357
2024-04-08,DE0001141869,2.5145
2024-04-09,DE0001141869,2.5154
2024-04-10,DE0001141869,2.4607
2024-04-11,DE0001141869,2.5844
2024-04-12,DE0001141869,2.4944
2024-04-15,DE0001141869,2.4838
2024-04-16,DE0001141869,2.519
2024-04-17,DE0001141869,2.5572
2024-04-18,DE0001141869,2.5445
2024-04-19,DE0001141869,2.5757
2024-04-22,DE0001141869,2.6309
2024-04-23,DE0001141869,2.5975
2024-04-24,DE0001141869,2.6204
2024-04-25,DE0001141869,2.6393
2024-04-26,DE0001141869,2.6992
2024-04-29,DE0001141869,2.6266
2024-04-30,DE0001141869,2.6613
2024-05-02,DE0001141869,2.6751
2024-05-03,DE0001141869,2.6656
2024-05-06,DE0001141869,2.5759
2024-05-07,DE0001141869,2.5737
2024-05-08,DE0001141869,2.5874
2024-05-09,DE0001141869,2.6381
2024-05-10,DE0001141869,2.6095
2024-05-13,DE0001141869,2.6561
2024-05-14,DE0001141869,2.6221
2024-05-15,DE0001141869,2.6232
2024-05-16,DE0001141869,2.572
2024-05-17,DE0001141869,2.6135
2024-05-20,DE0001141869,2.6572
2024-05-21,DE0001141869,2.6487
2024-05-22,DE0001141869,2.6755
2024-05-23,DE0001141869,2.7142
2024-05-24,DE0001141869,2.7368
2024-05-27,DE0001141869,2.7521
2024-05-28,DE0001141869,2.7079
2024-05-29,DE0001141869,2.7349
2024-05-30,DE0001141869,2.7774
2024-05-31,DE0001141869,2.8132
2024-06-03,DE0001141869,2.7635
2024-06-04,DE0001141869,2.6866
2024-06-05,DE0001141869,2.691
2024-06-06,DE0001141869,2.6748
2024-06-07,DE0001141869,2.7237
2024-06-10,DE0001141869,2.7816
2024-06-11,DE0001141869,2.7664
2024-06-12,DE0001141869,2.7185
2024-06-13,DE0001141869,2.6826
2024-06-14,DE0001141869,2.4902
2024-06-17,DE0001141869,2.4954
2024-06-18,DE0001141869,2.5387
2024-06-19,DE0001141869,2.5006
2024-06-20,DE0001141869,2.5428
2024-06-21,DE0001141869,2.4644
2024-06-24,DE0001141869,2.4924
2024-06-25,DE0001141869,2.5065
2024-06-26,DE0001141869,2.5206
2024-06-27,DE0001141869,2.5368
2024-06-28,DE0001141869,2.5269
2024-07-01,DE0001141869,2.6346
2024-07-02,DE0001141869,2.6224
2024-07-03,DE0001141869,2.6533
2024-07-04,DE0001141869,2.6334
2024-07-05,DE0001141869,2.6434
2024-07-08,DE0001141869,2.6223
2024-07-09,DE0001141869,2.6201
2024-07-10,DE0001141869,2.6046
2024-07-11,DE0001141869,2.6112
2024-07-12,DE0001141869,2.5429
2024-07-15,DE0001141869,2.5033
2024-07-16,DE0001141869,2.471
2024-07-17,DE0001141869,2.4521
2024-07-18,DE0001141869,2.4783
2024-07-19,DE0001141869,2.4316
2024-07-22,DE0001141869,2.5004
2024-07-23,DE0001141869,2.488
2024-07-24,DE0001141869,2.4288
2024-07-25,DE0001141869,2.3647
2024-07-26,DE0001141869,2.4048
2024-07-29,DE0001141869,2.3298
2024-07-30,DE0001141869,2.344
2024-07-31,DE0001141869,2.2914
2024-08-01,DE0001141869,2.2604
2024-08-02,DE0001141869,2.1844
2024-08-05,DE0001141869,2.0419
2024-08-06,DE0001141869,2.1258
2024-08-07,DE0001141869,2.2101
2024-08-08,DE0001141869,2.1219
2024-08-09,DE0001141869,2.1729
2024-08-12,DE0001141869,2.1636
2024-08-13,DE0001141869,2.1442
2024-08-14,DE0001141869,2.1281
2024-08-15,DE0001141869,2.1269
2024-08-16,DE0001141869,2.2086
2024-08-19,DE0001141869,2.1756
2024-08-20,DE0001141869,2.1932
2024-08-21,DE0001141869,2.1635
2024-08-22,DE0001141869,2.1488
2024-08-23,DE0001141869,2.1903
2024-08-26,DE0001141869,2.1537
2024-08-27,DE0001141869,2.185
2024-08-28,DE0001141869,2.1688
2024-08-29,DE0001141869,2.1268
2024-08-30,DE0001141869,2.1411
2024-09-02,DE0001141869,2.2
2024-09-03,DE0001141869,2.2042
2024-09-04,DE0001141869,2.1297
2024-09-05,DE0001141869,2.1045
2024-09-06,DE0001141869,2.0504
2024-09-09,DE0001141869,2.0785
2024-09-10,DE0001141869,2.0107
2024-09-11,DE0001141869,1.9499
2024-09-12,DE0001141869,1.9824
2024-09-13,DE0001141869,1.9881
2024-09-16,DE0001141869,2.0073
2024-09-17,DE0001141869,1.9671
2024-09-18,DE0001141869,2.0296
2024-09-19,DE0001141869,2.0453
2024-09-20,DE0001141869,2.0045
2024-09-23,DE0001141869,1.9672
2024-09-24,DE0001141869,1.9574
2024-09-25,DE0001141869,1.9197
2024-09-26,DE0001141869,1.8982
2024-09-27,DE0001141869,1.897
2024-09-30,DE0001141869,1.9298
2024-10-01,DE0001141869,1.8472
2024-10-02,DE0001141869,1.8512
2024-10-03,DE0001141869,1.8735
2024-10-04,DE0001141869,1.9332
2024-10-07,DE0001141869,2.0632
2024-10-08,DE0001141869,2.0463
2024-10-09,DE0001141869,2.0333
2024-10-10,DE0001141869,2.0885
2024-10-11,DE0001141869,2.0673
2024-10-14,DE0001141869,2.0585
2024-10-15,DE0001141869,2.0316
2024-10-16,DE0001141869,1.9967
2024-10-17,DE0001141869,2.0063
2024-10-18,DE0001141869,1.9469
2024-10-21,DE0001141869,1.9651
2024-10-22,DE0001141869,2.0341
2024-10-23,DE0001141869,2.0007
2024-10-24,DE0001141869,1.9514
2024-10-25,DE0001141869,1.9879
2024-10-28,DE0001141869,1.9742
2024-10-29,DE0001141869,2.0158
2024-10-30,DE0001141869,2.0468
2024-10-31,DE0001141869,2.1674
2024-11-01,DE0001141869,2.1592
2024-11-04,DE0001141869,2.1834
2024-11-05,DE0001141869,2.1662
2024-11-06,DE0001141869,2.0948
2024-11-07,DE0001141869,2.1222
2024-11-08,DE0001141869,2.0868
2024-11-11,DE0001141869,2.0478
2024-11-12,DE0001141869,2.0123
2024-11-13,DE0001141869,2.0672
2024-11-14,DE0001141869,2.0548
2024-11-15,DE0001141869,2.0083
2024-11-18,DE0001141869,2.0871
2024-11-19,DE0001141869,2.0023
2024-11-20,DE0001141869,2.0466
2024-11-21,DE0001141869,2.0013
2024-11-22,DE0001141869,1.9035
2024-11-25,DE0001141869,1.9405
2024-11-26,DE0001141869,1.9265
2024-11-27,DE0001141869,1.8979
2024-11-28,DE0001141869,1.9215
2024-11-29,DE0001141869,1.8965
2024-12-02,DE0001141869,1.7965
2024-12-03,DE0001141869,1.828
2024-12-04,DE0001141869,1.8505
2024-12-05,DE0001141869,1.8502
2024-12-06,DE0001141869,1.9225
2024-12-09,DE0001141869,1.8825
2024-12-10,DE0001141869,1.8702
2024-12-11,DE0001141869,1.8394
2024-12-12,DE0001141869,1.8667
2024-12-13,DE0001141869,1.9303
2024-12-16,DE0001141869,1.9383
2024-12-17,DE0001141869,1.9352
2024-12-18,DE0001141869,1.9284
2024-12-19,DE0001141869,1.9413
2024-12-20,DE0001141869,1.9221
2024-12-23,DE0001141869,1.9325
2024-12-27,DE0001141869,1.9914
2024-12-30,DE0001141869,2.0003
2025-01-02,DE0001141869,1.9636
2025-01-03,DE0001141869,2.0264
2025-01-06,DE0001141869,2.0945
2025-01-07,DE0001141869,2.077
2025-01-08,DE0001141869,2.0991
2025-01-09,DE0001141869,2.1302
2025-01-10,DE0001141869,2.164
2025-01-13,DE0001141869,2.228
2025-01-14,DE0001141869,2.2212
2025-01-15,DE0001141869,2.2356
2025-01-16,DE0001141869,2.2039
2025-01-17,DE0001141869,2.1618
2025-01-20,DE0001141869,2.1762
2025-01-21,DE0001141869,2.1616
2025-01-22,DE0001141869,2.1527
2025-01-23,DE0001141869,2.1786
2025-01-24,DE0001141869,2.2302
2025-01-27,DE0001141869,2.1901
2025-01-28,DE0001141869,2.2086
2025-01-29,DE0001141869,2.1899
2025-01-30,DE0001141869,2.1749
2025-01-31,DE0001141869,2.0916
2025-02-03,DE0001141869,1.9966
2025-02-04,DE0001141869,2.0266
2025-02-05,DE0001141869,1.9668
2025-02-06,DE0001141869,2.0158
2025-02-07,DE0001141869,2.0008
2025-02-10,DE0001141869,1.9937
2025-02-11,DE0001141869,2.0003
2025-02-12,DE0001141869,2.0581
2025-02-13,DE0001141869,2.0842
2025-02-14,DE0001141869,2.0394
2025-02-17,DE0001141869,2.0917
2025-02-18,DE0001141869,2.0881
2025-02-19,DE0001141869,2.1032
2025-02-20,DE0001141869,2.1257
2025-02-21,DE0001141869,2.071
2025-02-24,DE0001141869,2.047
2025-02-25,DE0001141869,2.0198
2025-02-26,DE0001141869,2.009
2025-02-27,DE0001141869,2.0052
2025-02-28,DE0001141869,1.9498
2025-03-03,DE0001141869,1.9966
2025-03-04,DE0001141869,1.9712
2025-03-05,DE0001141869,2.1391
2025-03-06,DE0001141869,2.2228
2025-03-07,DE0001141869,2.2197
2025-03-10,DE0001141869,2.1983
2025-03-11,DE0001141869,2.2115
2025-03-12,DE0001141869,2.2287
2025-03-13,DE0001141869,2.2255
2025-03-14,DE0001141869,2.1917
2025-03-17,DE0001141869,2.168
2025-03-18,DE0001141869,2.1853
2025-03-19,DE0001141869,2.1457
2025-03-20,DE0001141869,2.1459
2025-03-21,DE0001141869,2.1303
2025-03-24,DE0001141869,2.1246
2025-03-25,DE0001141869,2.1444
2025-03-26,DE0001141869,2.1234
2025-03-27,DE0001141869,2.0934
2025-03-28,DE0001141869,2.0376
2025-03-31,DE0001141869,1.9801
2025-04-01,DE0001141869,2.0057
2025-04-02,DE0001141869,2.0023
2025-04-03,DE0001141869,1.934
2025-04-04,DE0001141869,1.8478
2025-04-07,DE0001141869,1.6566
2025-04-08,DE0001141869,1.849
2025-04-09,DE0001141869,1.7618
2025-04-10,DE0001141869,1.8493
2025-04-11,DE0001141869,1.7376
2025-04-14,DE0001141869,1.7755
2025-04-15,DE0001141869,1.7614
2025-04-16,DE0001141869,1.7324
2025-04-17,DE0001141869,1.7974
2025-04-22,DE0001141869,1.6645
2025-04-23,DE0001141869,1.7277
2025-04-24,DE0001141869,1.7018
2025-04-25,DE0001141869,1.7254
2025-04-28,DE0001141869,1.7427
2025-04-29,DE0001141869,1.7226
2025-04-30,DE0001141869,1.7155
2025-05-02,DE0001141869,1.7223
2025-05-05,DE0001141869,1.7644
2025-05-06,DE0001141869,1.7611
2025-05-07,DE0001141869,1.7472
2025-05-08,DE0001141869,1.744
2025-05-09,DE0001141869,1.7975
2025-05-12,DE0001141869,1.8956
2025-05-13,DE0001141869,1.9221
2025-05-14,DE0001141869,1.9185
2025-05-15,DE0001141869,1.9076
2025-05-16,DE0001141869,1.8412
2025-05-19,DE0001141869,1.8613
2025-05-20,DE0001141869,1.8078
2025-05-21,DE0001141869,1.8626
2025-05-22,DE0001141869,1.821
2025-05-23,DE0001141869,1.8237
2025-05-26,DE0001141869,1.7895
2025-05-27,DE0001141869,1.7617
2025-05-28,DE0001141869,1.7893
2025-05-29,DE0001141869,1.8041
2025-05-30,DE0001141869,1.7687
2025-06-02,DE0001141869,1.789
2025-06-03,DE0001141869,1.7654
2025-06-04,DE0001141869,1.7836
2025-06-05,DE0001141869,1.772
2025-06-06,DE0001141869,1.8345
2025-06-09,DE0001141869,1.8306
2025-06-10,DE0001141869,1.8423
2025-06-11,DE0001141869,1.8408
2025-06-12,DE0001141869,1.8115
2025-06-13,DE0001141869,1.8067
2025-06-16,DE0001141869,1.8506
2025-06-17,DE0001141869,1.8401
2025-06-18,DE0001141869,1.8452
2025-06-19,DE0001141869,1.8381
2025-06-20,DE0001141869,1.823
2025-06-23,DE0001141869,1.8439
2025-06-24,DE0001141869,1.822
2025-06-25,DE0001141869,1.8222
2025-06-26,DE0001141869,1.8155
2025-06-27,DE0001141869,1.8211
2025-06-30,DE0001141869,1.8326
2025-07-01,DE0001141869,1.81
2025-07-02,DE0001141869,1.8407
2025-07-03,DE0001141869,1.8335
2025-07-04,DE0001141869,1.7884
2025-07-07,DE0001141869,1.8028
2025-07-08,DE0001141869,1.8606
2025-07-09,DE0001141869,1.853
2025-07-10,DE0001141869,1.8518
2025-07-11,DE0001141869,1.894
2025-07-14,DE0001141869,1.8624
2025-07-15,DE0001141869,1.8446
2025-07-16,DE0001141869,1.8453
2025-07-17,DE0001141869,1.8264
2025-07-18,DE0001141869,1.8479
2025-07-21,DE0001141869,1.8067
2025-07-22,DE0001141869,1.7981
2025-07-23,DE0001141869,1.7959
2025-07-24,DE0001141869,1.838
2025-07-25,DE0001141869,1.9372
2025-07-28,DE0001141869,1.9004
2025-07-29,DE0001141869,1.9011
2025-07-30,DE0001141869,1.9151
2025-07-31,DE0001141869,1.9368
2025-08-01,DE0001141869,1.9357
2025-08-04,DE0001141869,1.8985
2025-08-05,DE0001141869,1.8732
2025-08-06,DE0001141869,1.8786
2025-08-07,DE0001141869,1.8761
2025-08-08,DE0001141869,1.9088
2025-08-11,DE0001141869,1.9182
2025-08-12,DE0001141869,1.929
2025-08-13,DE0001141869,1.9053
2025-08-14,DE0001141869,1.8894
2025-08-15,DE0001141869,1.9152
2025-08-18,DE0001141869,1.9285
2025-08-19,DE0001141869,1.9317
2025-08-20,DE0001141869,1.9108
2025-08-21,DE0001141869,1.9253
2025-08-22,DE0001141869,1.9407
2025-08-25,DE0001141869,1.9318
2025-08-26,DE0001141869,1.9057
2025-08-27,DE0001141869,1.8919
2025-08-28,DE0001141869,1.8942
2025-08-29,DE0001141869,1.8974
2025-09-01,DE0001141869,1.9228
2025-09-02,DE0001141869,1.9383
2025-09-03,DE0001141869,1.9293
2025-09-04,DE0001141869,1.9046
2025-09-05,DE0001141869,1.9178
2025-09-08,DE0001141869,1.8864
2025-09-09,DE0001141869,1.8896
2025-09-10,DE0001141869,1.8978
2025-09-11,DE0001141869,1.9326
2025-09-12,DE0001141869,1.981
2025-09-15,DE0001141869,1.9594
2025-09-16,DE0001141869,1.9778
2025-09-17,DE0001141869,1.9586
2025-09-18,DE0001141869,1.9613
2025-09-19,DE0001141869,1.9722
2025-09-22,DE0001141869,1.9747
2025-09-23,DE0001141869,1.9816
2025-09-24,DE0001141869,1.9826
2025-09-25,DE0001141869,1.9828
2025-09-26,DE0001141869,1.9965
2025-09-29,DE0001141869,1.9795
2025-09-30,DE0001141869,1.9804
2025-10-01,DE0001141869,1.9865
2025-10-02,DE0001141869,1.9765
2025-10-03,DE0001141869,1.9769
2025-10-06,DE0001141869,1.9613
2025-10-07,DE0001141869,1.9694
2025-10-08,DE0001141869,1.9569
2025-10-09,DE0001141869,1.9581
2025-10-10,DE0001141869,1.9554
2025-10-13,DE0001141869,1.9085
2025-10-14,DE0001141869,1.874
2025-10-15,DE0001141869,1.8867
2025-10-16,DE0001141869,1.8786
2025-10-17,DE0001141869,1.8371
2025-10-20,DE0001141869,1.876
2025-10-21,DE0001141869,1.8741
2025-10-22,DE0001141869,1.8607
2025-10-23,DE0001141869,1.8799
2025-10-24,DE0001141869,1.9229
2025-10-27,DE0001141869,1.937
2025-10-28,DE0001141869,1.9283
2025-10-29,DE0001141869,1.9334
2025-10-30,DE0001141869,1.952
2025-10-31,DE0001141869,1.9449
2025-11-03,DE0001141869,1.9319
2025-11-04,DE0001141869,1.9333
2025-11-05,DE0001141869,1.9352
2025-11-06,DE0001141869,1.94
2025-11-07,DE0001141869,1.9457
2025-11-10,DE0001141869,1.9466
2025-11-11,DE0001141869,1.9502
2025-11-12,DE0001141869,1.9538
2025-11-13,DE0001141869,1.9511
2025-11-14,DE0001141869,1.97
2025-11-17,DE0001141869,1.9748
2025-11-18,DE0001141869,1.9648
2025-11-19,DE0001141869,1.9603
2025-11-20,DE0001141869,1.9686
2025-11-21,DE0001141869,1.931
2025-11-24,DE0001141869,1.9567
2025-11-25,DE0001141869,1.9604
2025-11-26,DE0001141869,1.9558
2025-11-27,DE0001141869,1.9752
2025-11-28,DE0001141869,1.9762
2025-12-01,DE0001141869,1.9911
2025-12-02,DE0001141869,2.0144
2025-12-03,DE0001141869,2.0014
2025-12-04,DE0001141869,2.0129
2025-12-05,DE0001141869,2.0224
2025-12-08,DE0001141869,2.0713
2025-12-09,DE0001141869,2.0978
2025-12-10,DE0001141869,2.13
2025-12-11,DE0001141869,2.1138
2025-12-12,DE0001141869,2.1093
2025-12-15,DE0001141869,2.0991
2025-12-16,DE0001141869,2.0889
2025-12-17,DE0001141869,2.0701
2025-12-18,DE0001141869,2.0649
2025-12-19,DE0001141869,2.0832
2025-12-22,DE0001141869,2.0988
2025-12-23,DE0001141869,2.0903
2025-12-29,DE0001141869,2.0752
2025-12-30,DE0001141869,2.063
2026-01-02,DE0001141869,2.0676
2026-01-05,DE0001141869,2.0882
2026-01-06,DE0001141869,2.0582
2026-01-07,DE0001141869,2.0282
2026-01-08,DE0001141869,2.0433
2026-01-09,DE0001141869,2.0474
2026-01-12,DE0001141869,2.0444
2026-01-13,DE0001141869,2.0575
2026-01-14,DE0001141869,2.0467
2026-01-15,DE0001141869,2.0353
2026-01-16,DE0001141869,2.0544
2026-01-19,DE0001141869,2.0286
2026-01-20,DE0001141869,2.0315
2026-01-21,DE0001141869,2.0164
2026-01-22,DE0001141869,2.0488
2026-01-23,DE0001141869,2.0808
2026-01-26,DE0001141869,2.0627
2026-01-27,DE0001141869,2.0626
2026-01-28,DE0001141869,2.0268
2026-01-29,DE0001141869,2.026
2026-01-30,DE0001141869,2.018
2026-02-02,DE0001141869,2.0289
2026-02-03,DE0001141869,2.0546
2026-02-04,DE0001141869,2.0447
2026-02-05,DE0001141869,2.0298
2026-02-06,DE0001141869,2.0087
2026-02-09,DE0001141869,2.0254
2026-02-10,DE0001141869,2.0104
2026-02-11,DE0001141869,2.0016
2026-02-12,DE0001141869,2.0094
2026-02-13,DE0001141869,1.9918
2026-02-16,DE0001141869,1.988
2026-02-17,DE0001141869,1.9703
2026-02-18,DE0001141869,1.9833
2026-02-19,DE0001141869,2.0018
2026-02-20,DE0001141869,1.9935
2026-02-23,DE0001141869,1.9934
2026-02-24,DE0001141869,1.9831
2026-02-25,DE0001141869,2.0001
2026-02-26,DE0001141869,1.9941
2026-02-27,DE0001141869,1.9825
2026-03-02,DE0001141869,1.9836
2026-03-03,DE0001141869,2.1356
2026-03-04,DE0001141869,2.1241
2026-03-05,DE0001141869,2.1387
2026-03-06,DE0001141869,2.2219
2026-03-09,DE0001141869,2.3428
2026-03-10,DE0001141869,2.2075
2026-03-11,DE0001141869,2.2809
2026-03-12,DE0001141869,2.332
2026-03-13,DE0001141869,2.3503
2026-03-16,DE0001141869,2.3488
2026-03-17,DE0001141869,2.3307
2026-03-18,DE0001141869,2.3193
2026-03-19,DE0001141869,2.4513
2026-03-20,DE0001141869,2.5774
2026-03-23,DE0001141869,2.6807
2026-03-24,DE0001141869,2.5751
2026-03-25,DE0001141869,2.572
2026-03-26,DE0001141869,2.6167
2026-03-27,DE0001141869,2.6885
2026-03-30,DE0001141869,2.6261
2026-03-31,DE0001141869,2.5807
2026-04-01,DE0001141869,2.5215
2026-04-02,DE0001141869,2.5922
2026-04-07,DE0001141869,2.5968
2026-04-08,DE0001141869,2.461
2026-04-09,DE0001141869,2.5276
2026-04-10,DE0001141869,2.5055
2026-04-13,DE0001141869,2.5656
2026-04-14,DE0001141869,2.5364
2026-04-15,DE0001141869,2.4898
2026-04-16,DE0001141869,2.4612
2026-04-17,DE0001141869,2.4633
2026-04-20,DE0001141869,2.4091
2026-04-21,DE0001141869,2.4147
2026-04-22,DE0001141869,2.4669
2026-04-23,DE0001141869,2.5204
2026-04-24,DE0001141869,2.5462
2026-04-27,DE0001141869,2.4878
2026-04-28,DE0001141869,2.5545
2026-04-29,DE0001141869,2.6145
2026-04-30,DE0001141869,2.6604
2026-05-04,DE0001141869,2.6194
2026-05-05,DE0001141869,2.6219
2026-05-06,DE0001141869,2.5226
2026-05-07,DE0001141869,2.5004
2026-05-08,DE0001141869,2.521
2026-05-11,DE0001141869,2.5622
2026-05-12,DE0001141869,2.6287
2026-05-13,DE0001141869,2.6128
2026-05-14,DE0001141869,2.6056
2026-05-15,DE0001141869,2.6342
2026-05-18,DE0001141869,2.6405
2026-05-19,DE0001141869,2.6132
2026-05-20,DE0001141869,2.6121
2026-05-21,DE0001141869,2.5522
2026-05-22,DE0001141869,2.5622
2026-05-25,DE0001141869,2.4781
2026-05-26,DE0001141869,2.5144
2026-05-27,DE0001141869,2.4903
2026-05-28,DE0001141869,2.5362
2026-05-29,DE0001141869,2.4816
2026-06-01,DE0001141869,2.529
2026-06-02,DE0001141869,2.5352
2026-06-03,DE0001141869,2.606
2026-06-04,DE0001141869,2.6147
2026-06-05,DE0001141869,2.5864
2026-06-08,DE0001141869,2.6589
2026-06-09,DE0001141869,2.615
2026-06-10,DE0001141869,2.6254
2026-06-11,DE0001141869,2.6415
2026-06-12,DE0001141869,2.5579
2026-06-15,DE0001141869,2.5056
2026-06-16,DE0001141869,2.5183
2026-06-17,DE0001141869,2.5263
2026-06-18,DE0001141869,2.5657
2026-06-19,DE0001141869,2.5747
2026-06-22,DE0001141869,2.571
2026-06-23,DE0001141869,2.5218
2026-06-24,DE0001141869,2.5164
2026-06-25,DE0001141869,2.5
2026-06-26,DE0001141869,2.4744
2026-06-29,DE0001141869,2.4849
2026-06-30,DE0001141869,2.4713
2026-07-01,DE0001141869,2.4738
2026-07-02,DE0001141869,2.4732
2026-07-03,DE0001141869,2.4709
2026-07-06,DE0001141869,2.466
2026-07-07,DE0001141869,2.503
2026-07-08,DE0001141869,2.6069
2026-07-09,DE0001141869,2.6055
2026-07-10,DE0001141869,2.581
2026-07-13,DE0001141869,2.6088
2026-07-14,DE0001141869,2.7028
2026-07-15,DE0001141869,2.6614
2026-07-16,DE0001141869,2.6705
2026-07-17,DE0001141869,2.6888
2026-07-20,DE0001141869,2.7055
2026-07-21,DE0001141869,2.6916
2026-07-22,DE0001141869,2.716
2026-07-23,DE0001141869,2.7728
2026-07-24,DE0001141869,2.7417
2026-07-27,DE0001141869,2.6976
2026-07-28,DE0001141869,2.6749
2026-07-29,DE0001141869,2.6867
2026-07-30,DE0001141869,2.7006
2026-07-31,DE0001141869,2.6908
2026-08-03,DE0001141869,2.6852
2026-08-04,DE0001141869,2.6972
2026-08-05,DE0001141869,2.639
2026-08-06,DE0001141869,2.6484
2026-08-07,DE0001141869,2.6693
2026-08-10,DE0001141869,2.6645
2026-08-11,DE0001141869,2.7104
2026-08-12,DE0001141869,2.6888
2026-08-13,DE0001141869,2.6852
2026-08-14,DE0001141869,2.6876
2026-08-17,DE0001141869,2.7008
2026-08-18,DE0001141869,2.7259
2026-08-19,DE0001141869,2.7429
2026-08-20,DE0001141869,2.7488
2026-08-21,DE0001141869,2.7248
2026-08-24,DE0001141869,2.7375
2026-08-25,DE0001141869,2.7548
2026-08-26,DE0001141869,2.7076
2026-08-27,DE0001141869,2.7459
2026-08-28,DE0001141869,2.7541
2026-08-31,DE0001141869,2.7857
2026-09-01,DE0001141869,2.8269
2026-09-02,DE0001141869,2.8589
2026-09-03,DE0001141869,2.8365
2026-09-04,DE0001141869,2.8318
2026-09-07,DE0001141869,2.8262
2026-09-08,DE0001141869,2.8586
2026-09-09,DE0001141869,2.8703
2026-09-10,DE0001141869,2.8948
2026-09-11,DE0001141869,3.0432
2026-09-14,DE0001141869,3.0963
2026-09-15,DE0001141869,3.1156
2026-09-16,DE0001141869,3.086
2026-09-17,DE0001141869,3.0852
2026-09-18,DE0001141869,3.0898
2026-09-21,DE0001141869,3.0787
2026-09-22,DE0001141869,3.0575
2026-09-23,DE0001141869,3.079
2026-09-24,DE0001141869,3.1283
2026-09-25,DE0001141869,3.0949
2026-09-28,DE0001141869,3.126
2026-09-29,DE0001141869,3.1015
2026-09-30,DE0001141869,3.0617
2026-10-01,DE0001141869,3.0474
2024-01-16,DE000BU25026,2.1151
2024-01-17,DE000BU25026,2.1702
2024-01-18,DE000BU25026,2.2339
2024-01-19,DE000BU25026,2.2422
2024-01-22,DE000BU25026,2.2196
2024-01-23,DE000BU25026,2.232
2024-01-24,DE000BU25026,2.2311
2024-01-25,DE000BU25026,2.2736
2024-01-26,DE000BU25026,2.1396
2024-01-29,DE000BU25026,2.1191
2024-01-30,DE000BU25026,2.1355
2024-01-31,DE000BU25026,2.1191
2024-02-01,DE000BU25026,2.0985
2024-02-02,DE000BU25026,2.0985
2024-02-05,DE000BU25026,2.2037
2024-02-06,DE000BU25026,2.2369
2024-02-07,DE000BU25026,2.1997
2024-02-08,DE000BU25026,2.2268
2024-02-09,DE000BU25026,2.2955
2024-02-12,DE000BU25026,2.2998
2024-02-13,DE000BU25026,2.3041
2024-02-14,DE000BU25026,2.323
2024-02-15,DE000BU25026,2.2856
2024-02-16,DE000BU25026,2.3485
2024-02-19,DE000BU25026,2.3656
2024-02-20,DE000BU25026,2.3594
2024-02-21,DE000BU25026,2.3574
2024-02-22,DE000BU25026,2.4317
2024-02-23,DE000BU25026,2.4762
2024-02-26,DE000BU25026,2.3833
2024-02-27,DE000BU25026,2.4258
2024-02-28,DE000BU25026,2.4514
2024-02-29,DE000BU25026,2.5202
2024-03-01,DE000BU25026,2.4222
2024-03-04,DE000BU25026,2.4055
2024-03-05,DE000BU25026,2.4035
2024-03-06,DE000BU25026,2.3824
2024-03-07,DE000BU25026,2.3573
2024-03-08,DE000BU25026,2.2874
2024-03-11,DE000BU25026,2.2749
2024-03-12,DE000BU25026,2.3088
2024-03-13,DE000BU25026,2.3387
2024-03-14,DE000BU25026,2.388
2024-03-15,DE000BU25026,2.4693
2024-03-18,DE000BU25026,2.4783
2024-03-19,DE000BU25026,2.4484
2024-03-20,DE000BU25026,2.4207
2024-03-21,DE000BU25026,2.3954
2024-03-22,DE000BU25026,2.3644
2024-03-25,DE000BU25026,2.3422
2024-03-26,DE000BU25026,2.3594
2024-03-27,DE000BU25026,2.3514
2024-03-28,DE000BU25026,2.345
2024-04-02,DE000BU25026,2.356
2024-04-03,DE000BU25026,2.3776
2024-04-04,DE000BU25026,2.3651
2024-04-05,DE000BU25026,2.3522
2024-04-08,DE000BU25026,2.4388
2024-04-09,DE000BU25026,2.4238
2024-04-10,DE000BU25026,2.3634
2024-04-11,DE000BU25026,2.4918
2024-04-12,DE000BU25026,2.405
2024-04-15,DE000BU25026,2.3966
2024-04-16,DE000BU25026,2.451
2024-04-17,DE000BU25026,2.4861
2024-04-18,DE000BU25026,2.4561
2024-04-19,DE000BU25026,2.4867
2024-04-22,DE000BU25026,2.5484
2024-04-23,DE000BU25026,2.507
2024-04-24,DE000BU25026,2.5379
2024-04-25,DE000BU25026,2.5649
2024-04-26,DE000BU25026,2.6113
2024-04-29,DE000BU25026,2.5326
2024-04-30,DE000BU25026,2.5657
2024-05-02,DE000BU25026,2.5732
2024-05-03,DE000BU25026,2.5622
2024-05-06,DE000BU25026,2.47
2024-05-07,DE000BU25026,2.4658
2024-05-08,DE000BU25026,2.4726
2024-05-09,DE000BU25026,2.5328
2024-05-10,DE000BU25026,2.5041
2024-05-13,DE000BU25026,2.5488
2024-05-14,DE000BU25026,2.5246
2024-05-15,DE000BU25026,2.5182
2024-05-16,DE000BU25026,2.4657
2024-05-17,DE000BU25026,2.5189
2024-05-20,DE000BU25026,2.5594
2024-05-21,DE000BU25026,2.5529
2024-05-22,DE000BU25026,2.5821
2024-05-23,DE000BU25026,2.612
2024-05-24,DE000BU25026,2.6412
2024-05-27,DE000BU25026,2.6552
2024-05-28,DE000BU25026,2.6128
2024-05-29,DE000BU25026,2.6558
2024-05-30,DE000BU25026,2.7041
2024-05-31,DE000BU25026,2.7403
2024-06-03,DE000BU25026,2.6798
2024-06-04,DE000BU25026,2.5945
2024-06-05,DE000BU25026,2.588
2024-06-06,DE000BU25026,2.5797
2024-06-07,DE000BU25026,2.6316
2024-06-10,DE000BU25026,2.6933
2024-06-11,DE000BU25026,2.6937
2024-06-12,DE000BU25026,2.635
2024-06-13,DE000BU25026,2.586
2024-06-14,DE000BU25026,2.3971
2024-06-17,DE000BU25026,2.4131
2024-06-18,DE000BU25026,2.4424
2024-06-19,DE000BU25026,2.4134
2024-06-20,DE000BU25026,2.4612
2024-06-21,DE000BU25026,2.3802
2024-06-24,DE000BU25026,2.4142
2024-06-25,DE000BU25026,2.4302
2024-06-26,DE000BU25026,2.4439
2024-06-27,DE000BU25026,2.4648
2024-06-28,DE000BU25026,2.4558
2024-07-01,DE000BU25026,2.5697
2024-07-02,DE000BU25026,2.57
2024-07-03,DE000BU25026,2.5999
2024-07-04,DE000BU25026,2.5802
2024-07-05,DE000BU25026,2.5779
2024-07-08,DE000BU25026,2.5509
2024-07-09,DE000BU25026,2.5466
2024-07-10,DE000BU25026,2.5286
2024-07-11,DE000BU25026,2.5384
2024-07-12,DE000BU25026,2.4836
2024-07-15,DE000BU25026,2.4452
2024-07-16,DE000BU25026,2.4066
2024-07-17,DE000BU25026,2.3863
2024-07-18,DE000BU25026,2.4187
2024-07-19,DE000BU25026,2.3822
2024-07-22,DE000BU25026,2.4511
2024-07-23,DE000BU25026,2.433
2024-07-24,DE000BU25026,2.3806
2024-07-25,DE000BU25026,2.3399
2024-07-26,DE000BU25026,2.3765
2024-07-29,DE000BU25026,2.2923
2024-07-30,DE000BU25026,2.3038
2024-07-31,DE000BU25026,2.2538
2024-08-01,DE000BU25026,2.2221
2024-08-02,DE000BU25026,2.1449
2024-08-05,DE000BU25026,2.0206
2024-08-06,DE000BU25026,2.0861
2024-08-07,DE000BU25026,2.1951
2024-08-08,DE000BU25026,2.1178
2024-08-09,DE000BU25026,2.152
2024-08-12,DE000BU25026,2.1429
2024-08-13,DE000BU25026,2.1292
2024-08-14,DE000BU25026,2.1088
2024-08-15,DE000BU25026,2.1088
2024-08-16,DE000BU25026,2.1773
2024-08-19,DE000BU25026,2.1522
2024-08-20,DE000BU25026,2.1706
2024-08-21,DE000BU25026,2.1431
2024-08-22,DE000BU25026,2.1432
2024-08-23,DE000BU25026,2.1754
2024-08-26,DE000BU25026,2.1501
2024-08-27,DE000BU25026,2.1778
2024-08-28,DE000BU25026,2.1686
2024-08-29,DE000BU25026,2.1319
2024-08-30,DE000BU25026,2.1503
2024-09-02,DE000BU25026,2.222
2024-09-03,DE000BU25026,2.2244
2024-09-04,DE000BU25026,2.1389
2024-09-05,DE000BU25026,2.1136
2024-09-06,DE000BU25026,2.0628
2024-09-09,DE000BU25026,2.109
2024-09-10,DE000BU25026,2.0444
2024-09-11,DE000BU25026,1.9777
2024-09-12,DE000BU25026,1.9982
2024-09-13,DE000BU25026,2.005
2024-09-16,DE000BU25026,2.028
2024-09-17,DE000BU25026,1.9888
2024-09-18,DE000BU25026,2.0534
2024-09-19,DE000BU25026,2.0719
2024-09-20,DE000BU25026,2.0371
2024-09-23,DE000BU25026,2.0023
2024-09-24,DE000BU25026,2.0069
2024-09-25,DE000BU25026,1.9698
2024-09-26,DE000BU25026,1.9545
2024-09-27,DE000BU25026,1.9533
2024-09-30,DE000BU25026,1.9857
2024-10-01,DE000BU25026,1.8929
2024-10-02,DE000BU25026,1.9067
2024-10-03,DE000BU25026,1.9458
2024-10-04,DE000BU25026,1.99
2024-10-07,DE000BU25026,2.1139
2024-10-08,DE000BU25026,2.0975
2024-10-09,DE000BU25026,2.0858
2024-10-10,DE000BU25026,2.1305
2024-10-11,DE000BU25026,2.1235
2024-10-14,DE000BU25026,2.1141
2024-10-15,DE000BU25026,2.0881
2024-10-16,DE000BU25026,2.0481
2024-10-17,DE000BU25026,2.0622
2024-10-18,DE000BU25026,2.0245
2024-10-21,DE000BU25026,2.0456
2024-10-22,DE000BU25026,2.1213
2024-10-23,DE000BU25026,2.0976
2024-10-24,DE000BU25026,2.0597
2024-10-25,DE000BU25026,2.0739
2024-10-28,DE000BU25026,2.0834
2024-10-29,DE000BU25026,2.1167
2024-10-30,DE000BU25026,2.131
2024-10-31,DE000BU25026,2.2555
2024-11-01,DE000BU25026,2.2532
2024-11-04,DE000BU25026,2.275
2024-11-05,DE000BU25026,2.2606
2024-11-06,DE000BU25026,2.1862
2024-11-07,DE000BU25026,2.2418
2024-11-08,DE000BU25026,2.1889
2024-11-11,DE000BU25026,2.1361
2024-11-12,DE000BU25026,2.1193
2024-11-13,DE000BU25026,2.177
2024-11-14,DE000BU25026,2.1748
2024-11-15,DE000BU25026,2.1194
2024-11-18,DE000BU25026,2.1966
2024-11-19,DE000BU25026,2.1026
2024-11-20,DE000BU25026,2.1581
2024-11-21,DE000BU25026,2.1244
2024-11-22,DE000BU25026,2.0304
2024-11-25,DE000BU25026,2.052
2024-11-26,DE000BU25026,2.0183
2024-11-27,DE000BU25026,1.9774
2024-11-28,DE000BU25026,1.9916
2024-11-29,DE000BU25026,1.953
2024-12-02,DE000BU25026,1.8857
2024-12-03,DE000BU25026,1.8904
2024-12-04,DE000BU25026,1.9191
2024-12-05,DE000BU25026,1.9212
2024-12-06,DE000BU25026,1.9815
2024-12-09,DE000BU25026,1.9524
2024-12-10,DE000BU25026,1.9451
2024-12-11,DE000BU25026,1.9329
2024-12-12,DE000BU25026,1.9593
2024-12-13,DE000BU25026,2.0224
2024-12-16,DE000BU25026,2.037
2024-12-17,DE000BU25026,2.0321
2024-12-18,DE000BU25026,2.0394
2024-12-19,DE000BU25026,2.0663
2024-12-20,DE000BU25026,2.054
2024-12-23,DE000BU25026,2.0687
2024-12-27,DE000BU25026,2.1402
2024-12-30,DE000BU25026,2.1378
2025-01-02,DE000BU25026,2.1032
2025-01-03,DE000BU25026,2.1479
2025-01-06,DE000BU25026,2.2176
2025-01-07,DE000BU25026,2.2177
2025-01-08,DE000BU25026,2.2378
2025-01-09,DE000BU25026,2.2731
2025-01-10,DE000BU25026,2.3109
2025-01-13,DE000BU25026,2.3715
2025-01-14,DE000BU25026,2.3616
2025-01-15,DE000BU25026,2.377
2025-01-16,DE000BU25026,2.3169
2025-01-17,DE000BU25026,2.2741
2025-01-20,DE000BU25026,2.2818
2025-01-21,DE000BU25026,2.2668
2025-01-22,DE000BU25026,2.2543
2025-01-23,DE000BU25026,2.2926
2025-01-24,DE000BU25026,2.3257
2025-01-27,DE000BU25026,2.2827
2025-01-28,DE000BU25026,2.3133
2025-01-29,DE000BU25026,2.2855
2025-01-30,DE000BU25026,2.2783
2025-01-31,DE000BU25026,2.1972
2025-02-03,DE000BU25026,2.1164
2025-02-04,DE000BU25026,2.1417
2025-02-05,DE000BU25026,2.0735
2025-02-06,DE000BU25026,2.1191
2025-02-07,DE000BU25026,2.0988
2025-02-10,DE000BU25026,2.1014
2025-02-11,DE000BU25026,2.1166
2025-02-12,DE000BU25026,2.1675
2025-02-13,DE000BU25026,2.1983
2025-02-14,DE000BU25026,2.155
2025-02-17,DE000BU25026,2.2138
2025-02-18,DE000BU25026,2.2216
2025-02-19,DE000BU25026,2.2268
2025-02-20,DE000BU25026,2.2554
2025-02-21,DE000BU25026,2.2066
2025-02-24,DE000BU25026,2.1759
2025-02-25,DE000BU25026,2.1503
2025-02-26,DE000BU25026,2.1324
2025-02-27,DE000BU25026,2.13
2025-02-28,DE000BU25026,2.0684
2025-03-03,DE000BU25026,2.112
2025-03-04,DE000BU25026,2.0915
2025-03-05,DE000BU25026,2.2826
2025-03-06,DE000BU25026,2.4265
2025-03-07,DE000BU25026,2.4084
2025-03-10,DE000BU25026,2.3746
2025-03-11,DE000BU25026,2.4088
2025-03-12,DE000BU25026,2.4379
2025-03-13,DE000BU25026,2.4229
2025-03-14,DE000BU25026,2.3942
2025-03-17,DE000BU25026,2.3576
2025-03-18,DE000BU25026,2.3841
2025-03-19,DE000BU25026,2.3344
2025-03-20,DE000BU25026,2.3323
2025-03-21,DE000BU25026,2.3088
2025-03-24,DE000BU25026,2.3116
2025-03-25,DE000BU25026,2.3407
2025-03-26,DE000BU25026,2.3119
2025-03-27,DE000BU25026,2.2913
2025-03-28,DE000BU25026,2.2308
2025-03-31,DE000BU25026,2.1784
2025-04-01,DE000BU25026,2.1969
2025-04-02,DE000BU25026,2.1943
2025-04-03,DE000BU25026,2.1445
2025-04-04,DE000BU25026,2.0396
2025-04-07,DE000BU25026,1.8726
2025-04-08,DE000BU25026,2.0579
2025-04-09,DE000BU25026,1.9636
2025-04-10,DE000BU25026,2.0736
2025-04-11,DE000BU25026,1.9764
2025-04-14,DE000BU25026,1.992
2025-04-15,DE000BU25026,1.9578
2025-04-16,DE000BU25026,1.9393
2025-04-17,DE000BU25026,1.9968
2025-04-22,DE000BU25026,1.8703
2025-04-23,DE000BU25026,1.9174
2025-04-24,DE000BU25026,1.9012
2025-04-25,DE000BU25026,1.9195
2025-04-28,DE000BU25026,1.9379
2025-04-29,DE000BU25026,1.9191
2025-04-30,DE000BU25026,1.9081
2025-05-02,DE000BU25026,1.9106
2025-05-05,DE000BU25026,1.9609
2025-05-06,DE000BU25026,1.9662
2025-05-07,DE000BU25026,1.9581
2025-05-08,DE000BU25026,1.9364
2025-05-09,DE000BU25026,2.0057
2025-05-12,DE000BU25026,2.0861
2025-05-13,DE000BU25026,2.1264
2025-05-14,DE000BU25026,2.1291
2025-05-15,DE000BU25026,2.1319
2025-05-16,DE000BU25026,2.0509
2025-05-19,DE000BU25026,2.0778
2025-05-20,DE000BU25026,2.0131
2025-05-21,DE000BU25026,2.0832
2025-05-22,DE000BU25026,2.0534
2025-05-23,DE000BU25026,2.0479
2025-05-26,DE000BU25026,2.01
2025-05-27,DE000BU25026,1.9667
2025-05-28,DE000BU25026,1.999
2025-05-29,DE000BU25026,2.0178
2025-05-30,DE000BU25026,1.9824
2025-06-02,DE000BU25026,1.9986
2025-06-03,DE000BU25026,1.9606
2025-06-04,DE000BU25026,1.9849
2025-06-05,DE000BU25026,1.9737
2025-06-06,DE000BU25026,2.0363
2025-06-09,DE000BU25026,2.0253
2025-06-10,DE000BU25026,2.0389
2025-06-11,DE000BU25026,2.0389
2025-06-12,DE000BU25026,1.9977
2025-06-13,DE000BU25026,2.0031
2025-06-16,DE000BU25026,2.0524
2025-06-17,DE000BU25026,2.0358
2025-06-18,DE000BU25026,2.033
2025-06-19,DE000BU25026,2.0218
2025-06-20,DE000BU25026,2.008
2025-06-23,DE000BU25026,2.0383
2025-06-24,DE000BU25026,2.0079
2025-06-25,DE000BU25026,2.0133
2025-06-26,DE000BU25026,2.0103
2025-06-27,DE000BU25026,2.0186
2025-06-30,DE000BU25026,2.0296
2025-07-01,DE000BU25026,2.0101
2025-07-02,DE000BU25026,2.0461
2025-07-03,DE000BU25026,2.0376
2025-07-04,DE000BU25026,1.9875
2025-07-07,DE000BU25026,2.0041
2025-07-08,DE000BU25026,2.0793
2025-07-09,DE000BU25026,2.0681
2025-07-10,DE000BU25026,2.0624
2025-07-11,DE000BU25026,2.1101
2025-07-14,DE000BU25026,2.0848
2025-07-15,DE000BU25026,2.0623
2025-07-16,DE000BU25026,2.0763
2025-07-17,DE000BU25026,2.051
2025-07-18,DE000BU25026,2.065
2025-07-21,DE000BU25026,2.0199
2025-07-22,DE000BU25026,2.003
2025-07-23,DE000BU25026,2.0057
2025-07-24,DE000BU25026,2.045
2025-07-25,DE000BU25026,2.1498
2025-07-28,DE000BU25026,2.1015
2025-07-29,DE000BU25026,2.1101
2025-07-30,DE000BU25026,2.1129
2025-07-31,DE000BU25026,2.1328
2025-08-01,DE000BU25026,2.1357
2025-08-04,DE000BU25026,2.0958
2025-08-05,DE000BU25026,2.0616
2025-08-06,DE000BU25026,2.0673
2025-08-07,DE000BU25026,2.0586
2025-08-08,DE000BU25026,2.0986
2025-08-11,DE000BU25026,2.1101
2025-08-12,DE000BU25026,2.1244
2025-08-13,DE000BU25026,2.1101
2025-08-14,DE000BU25026,2.0785
2025-08-15,DE000BU25026,2.1245
2025-08-18,DE000BU25026,2.1331
2025-08-19,DE000BU25026,2.1504
2025-08-20,DE000BU25026,2.113
2025-08-21,DE000BU25026,2.1274
2025-08-22,DE000BU25026,2.1448
2025-08-25,DE000BU25026,2.1362
2025-08-26,DE000BU25026,2.1014
2025-08-27,DE000BU25026,2.0869
2025-08-28,DE000BU25026,2.0811
2025-08-29,DE000BU25026,2.0898
2025-09-01,DE000BU25026,2.1188
2025-09-02,DE000BU25026,2.1363
2025-09-03,DE000BU25026,2.1276
2025-09-04,DE000BU25026,2.0985
2025-09-05,DE000BU25026,2.1014
2025-09-08,DE000BU25026,2.0605
2025-09-09,DE000BU25026,2.0663
2025-09-10,DE000BU25026,2.0663
2025-09-11,DE000BU25026,2.097
2025-09-12,DE000BU25026,2.1484
2025-09-15,DE000BU25026,2.1278
2025-09-16,DE000BU25026,2.1396
2025-09-17,DE000BU25026,2.1279
2025-09-18,DE000BU25026,2.1279
2025-09-19,DE000BU25026,2.1575
2025-09-22,DE000BU25026,2.1546
2025-09-23,DE000BU25026,2.1576
2025-09-24,DE000BU25026,2.1576
2025-09-25,DE000BU25026,2.1637
2025-09-26,DE000BU25026,2.1816
2025-09-29,DE000BU25026,2.1548
2025-09-30,DE000BU25026,2.1519
2025-10-01,DE000BU25026,2.1668
2025-10-02,DE000BU25026,2.1491
2025-10-03,DE000BU25026,2.1521
2025-10-06,DE000BU25026,2.1462
2025-10-07,DE000BU25026,2.1492
2025-10-08,DE000BU25026,2.1283
2025-10-09,DE000BU25026,2.1313
2025-10-10,DE000BU25026,2.1254
2025-10-13,DE000BU25026,2.0744
2025-10-14,DE000BU25026,2.0324
2025-10-15,DE000BU25026,2.0384
2025-10-16,DE000BU25026,2.0202
2025-10-17,DE000BU25026,1.9842
2025-10-20,DE000BU25026,2.0231
2025-10-21,DE000BU25026,2.014
2025-10-22,DE000BU25026,1.9989
2025-10-23,DE000BU25026,2.0228
2025-10-24,DE000BU25026,2.0711
2025-10-27,DE000BU25026,2.0802
2025-10-28,DE000BU25026,2.0711
2025-10-29,DE000BU25026,2.0802
2025-10-30,DE000BU25026,2.1045
2025-10-31,DE000BU25026,2.0984
2025-11-03,DE000BU25026,2.0862
2025-11-04,DE000BU25026,2.0892
2025-11-05,DE000BU25026,2.0923
2025-11-06,DE000BU25026,2.1075
2025-11-07,DE000BU25026,2.1106
2025-11-10,DE000BU25026,2.1106
2025-11-11,DE000BU25026,2.1107
2025-11-12,DE000BU25026,2.1168
2025-11-13,DE000BU25026,2.1076
2025-11-14,DE000BU25026,2.1415
2025-11-17,DE000BU25026,2.1385
2025-11-18,DE000BU25026,2.1292
2025-11-19,DE000BU25026,2.1277
2025-11-20,DE000BU25026,2.1417
2025-11-21,DE000BU25026,2.0984
2025-11-24,DE000BU25026,2.1201
2025-11-25,DE000BU25026,2.1263
2025-11-26,DE000BU25026,2.1202
2025-11-27,DE000BU25026,2.1327
2025-11-28,DE000BU25026,2.1358
2025-12-01,DE000BU25026,2.1577
2025-12-02,DE000BU25026,2.1859
2025-12-03,DE000BU25026,2.1766
2025-12-04,DE000BU25026,2.1862
2025-12-05,DE000BU25026,2.202
2025-12-08,DE000BU25026,2.2587
2025-12-09,DE000BU25026,2.2936
2025-12-10,DE000BU25026,2.3254
2025-12-11,DE000BU25026,2.3069
2025-12-12,DE000BU25026,2.3039
2025-12-15,DE000BU25026,2.2882
2025-12-16,DE000BU25026,2.2884
2025-12-17,DE000BU25026,2.2758
2025-12-18,DE000BU25026,2.2699
2025-12-19,DE000BU25026,2.2924
2025-12-22,DE000BU25026,2.3085
2025-12-23,DE000BU25026,2.2901
2025-12-29,DE000BU25026,2.2808
2025-12-30,DE000BU25026,2.2715
2026-01-02,DE000BU25026,2.2753
2026-01-05,DE000BU25026,2.3013
2026-01-06,DE000BU25026,2.2627
2026-01-07,DE000BU25026,2.2306
2026-01-08,DE000BU25026,2.2439
2026-01-09,DE000BU25026,2.2472
2026-01-12,DE000BU25026,2.2441
2026-01-13,DE000BU25026,2.254
2026-01-14,DE000BU25026,2.2314
2026-01-15,DE000BU25026,2.2155
2026-01-16,DE000BU25026,2.2351
2026-01-19,DE000BU25026,2.2059
2026-01-20,DE000BU25026,2.2256
2026-01-21,DE000BU25026,2.2061
2026-01-22,DE000BU25026,2.2359
2026-01-23,DE000BU25026,2.272
2026-01-26,DE000BU25026,2.2558
2026-01-27,DE000BU25026,2.2527
2026-01-28,DE000BU25026,2.2134
2026-01-29,DE000BU25026,2.2072
2026-01-30,DE000BU25026,2.204
2026-02-02,DE000BU25026,2.2074
2026-02-03,DE000BU25026,2.2388
2026-02-04,DE000BU25026,2.2274
2026-02-05,DE000BU25026,2.2112
2026-02-06,DE000BU25026,2.1848
2026-02-09,DE000BU25026,2.2015
2026-02-10,DE000BU25026,2.1817
2026-02-11,DE000BU25026,2.1619
2026-02-12,DE000BU25026,2.172
2026-02-13,DE000BU25026,2.1522
2026-02-16,DE000BU25026,2.1423
2026-02-17,DE000BU25026,2.1224
2026-02-18,DE000BU25026,2.1257
2026-02-19,DE000BU25026,2.1492
2026-02-20,DE000BU25026,2.1359
2026-02-23,DE000BU25026,2.1359
2026-02-24,DE000BU25026,2.1126
2026-02-25,DE000BU25026,2.1293
2026-02-26,DE000BU25026,2.1227
2026-02-27,DE000BU25026,2.0993
2026-03-02,DE000BU25026,2.0993
2026-03-03,DE000BU25026,2.2476
2026-03-04,DE000BU25026,2.2376
2026-03-05,DE000BU25026,2.2516
2026-03-06,DE000BU25026,2.3384
2026-03-09,DE000BU25026,2.4521
2026-03-10,DE000BU25026,2.327
2026-03-11,DE000BU25026,2.3955
2026-03-12,DE000BU25026,2.441
2026-03-13,DE000BU25026,2.45
2026-03-16,DE000BU25026,2.4554
2026-03-17,DE000BU25026,2.4334
2026-03-18,DE000BU25026,2.4147
2026-03-19,DE000BU25026,2.5497
2026-03-20,DE000BU25026,2.6508
2026-03-23,DE000BU25026,2.7455
2026-03-24,DE000BU25026,2.6252
2026-03-25,DE000BU25026,2.631
2026-03-26,DE000BU25026,2.671
2026-03-27,DE000BU25026,2.7578
2026-03-30,DE000BU25026,2.6967
2026-03-31,DE000BU25026,2.6392
2026-04-01,DE000BU25026,2.5834
2026-04-02,DE000BU25026,2.6435
2026-04-07,DE000BU25026,2.637
2026-04-08,DE000BU25026,2.5037
2026-04-09,DE000BU25026,2.5713
2026-04-10,DE000BU25026,2.5809
2026-04-13,DE000BU25026,2.6367
2026-04-14,DE000BU25026,2.6158
2026-04-15,DE000BU25026,2.5682
2026-04-16,DE000BU25026,2.548
2026-04-17,DE000BU25026,2.5484
2026-04-20,DE000BU25026,2.4989
2026-04-21,DE000BU25026,2.4975
2026-04-22,DE000BU25026,2.5478
2026-04-23,DE000BU25026,2.6059
2026-04-24,DE000BU25026,2.6175
2026-04-27,DE000BU25026,2.5694
2026-04-28,DE000BU25026,2.6382
2026-04-29,DE000BU25026,2.6907
2026-04-30,DE000BU25026,2.7312
2026-05-04,DE000BU25026,2.6772
2026-05-05,DE000BU25026,2.6904
2026-05-06,DE000BU25026,2.593
2026-05-07,DE000BU25026,2.5743
2026-05-08,DE000BU25026,2.5856
2026-05-11,DE000BU25026,2.6286
2026-05-12,DE000BU25026,2.6977
2026-05-13,DE000BU25026,2.6909
2026-05-14,DE000BU25026,2.6833
2026-05-15,DE000BU25026,2.7132
2026-05-18,DE000BU25026,2.7469
2026-05-19,DE000BU25026,2.729
2026-05-20,DE000BU25026,2.7351
2026-05-21,DE000BU25026,2.6648
2026-05-22,DE000BU25026,2.6634
2026-05-25,DE000BU25026,2.5589
2026-05-26,DE000BU25026,2.5924
2026-05-27,DE000BU25026,2.567
2026-05-28,DE000BU25026,2.6194
2026-05-29,DE000BU25026,2.5524
2026-06-01,DE000BU25026,2.5988
2026-06-02,DE000BU25026,2.5881
2026-06-03,DE000BU25026,2.6637
2026-06-04,DE000BU25026,2.6659
2026-06-05,DE000BU25026,2.65
2026-06-08,DE000BU25026,2.7142
2026-06-09,DE000BU25026,2.6735
2026-06-10,DE000BU25026,2.689
2026-06-11,DE000BU25026,2.7019
2026-06-12,DE000BU25026,2.6047
2026-06-15,DE000BU25026,2.5601
2026-06-16,DE000BU25026,2.5556
2026-06-17,DE000BU25026,2.5628
2026-06-18,DE000BU25026,2.6074
2026-06-19,DE000BU25026,2.6249
2026-06-22,DE000BU25026,2.6235
2026-06-23,DE000BU25026,2.5691
2026-06-24,DE000BU25026,2.5582
2026-06-25,DE000BU25026,2.5386
2026-06-26,DE000BU25026,2.5087
2026-06-29,DE000BU25026,2.5223
2026-06-30,DE000BU25026,2.5094
2026-07-01,DE000BU25026,2.5231
2026-07-02,DE000BU25026,2.5376
2026-07-03,DE000BU25026,2.5418
2026-07-06,DE000BU25026,2.5365
2026-07-07,DE000BU25026,2.5848
2026-07-08,DE000BU25026,2.686
2026-07-09,DE000BU25026,2.6841
2026-07-10,DE000BU25026,2.6592
2026-07-13,DE000BU25026,2.6849
2026-07-14,DE000BU25026,2.7661
2026-07-15,DE000BU25026,2.7477
2026-07-16,DE000BU25026,2.7554
2026-07-17,DE000BU25026,2.7654
2026-07-20,DE000BU25026,2.7758
2026-07-21,DE000BU25026,2.7745
2026-07-22,DE000BU25026,2.8072
2026-07-23,DE000BU25026,2.8715
2026-07-24,DE000BU25026,2.8466
2026-07-27,DE000BU25026,2.7843
2026-07-28,DE000BU25026,2.7554
2026-07-29,DE000BU25026,2.7718
2026-07-30,DE000BU25026,2.7936
2026-07-31,DE000BU25026,2.7824
2026-08-03,DE000BU25026,2.7632
2026-08-04,DE000BU25026,2.7837
2026-08-05,DE000BU25026,2.719
2026-08-06,DE000BU25026,2.7347
2026-08-07,DE000BU25026,2.7592
2026-08-10,DE000BU25026,2.7547
2026-08-11,DE000BU25026,2.8156
2026-08-12,DE000BU25026,2.7823
2026-08-13,DE000BU25026,2.7727
2026-08-14,DE000BU25026,2.7754
2026-08-17,DE000BU25026,2.7973
2026-08-18,DE000BU25026,2.8351
2026-08-19,DE000BU25026,2.8544
2026-08-20,DE000BU25026,2.8635
2026-08-21,DE000BU25026,2.827
2026-08-24,DE000BU25026,2.8399
2026-08-25,DE000BU25026,2.8549
2026-08-26,DE000BU25026,2.7948
2026-08-27,DE000BU25026,2.8457
2026-08-28,DE000BU25026,2.8648
2026-08-31,DE000BU25026,2.9187
2026-09-01,DE000BU25026,2.9708
2026-09-02,DE000BU25026,3.0148
2026-09-03,DE000BU25026,2.9838
2026-09-04,DE000BU25026,2.967
2026-09-07,DE000BU25026,2.9658
2026-09-08,DE000BU25026,3.0163
2026-09-09,DE000BU25026,3.0335
2026-09-10,DE000BU25026,3.0809
2026-09-11,DE000BU25026,3.1942
2026-09-14,DE000BU25026,3.2541
2026-09-15,DE000BU25026,3.2784
2026-09-16,DE000BU25026,3.2796
2026-09-17,DE000BU25026,3.2686
2026-09-18,DE000BU25026,3.2634
2026-09-21,DE000BU25026,3.2363
2026-09-22,DE000BU25026,3.2215
2026-09-23,DE000BU25026,3.2489
2026-09-24,DE000BU25026,3.3338
2026-09-25,DE000BU25026,3.3159
2026-09-28,DE000BU25026,3.3629
2026-09-29,DE000BU25026,3.3364
2026-09-30,DE000BU25026,3.2822
2026-10-01,DE000BU25026,3.241
2024-04-10,DE000BU2F009,2.556
2024-04-11,DE000BU2F009,2.6387
2024-04-12,DE000BU2F009,2.5734
2024-04-15,DE000BU2F009,2.5917
2024-04-16,DE000BU2F009,2.6468
2024-04-17,DE000BU2F009,2.6668
2024-04-18,DE000BU2F009,2.6306
2024-04-19,DE000BU2F009,2.6446
2024-04-22,DE000BU2F009,2.7084
2024-04-23,DE000BU2F009,2.669
2024-04-24,DE000BU2F009,2.7279
2024-04-25,DE000BU2F009,2.7595
2024-04-26,DE000BU2F009,2.7828
2024-04-29,DE000BU2F009,2.7115
2024-04-30,DE000BU2F009,2.7264
2024-05-02,DE000BU2F009,2.7205
2024-05-03,DE000BU2F009,2.704
2024-05-06,DE000BU2F009,2.6276
2024-05-07,DE000BU2F009,2.6158
2024-05-08,DE000BU2F009,2.6136
2024-05-09,DE000BU2F009,2.6802
2024-05-10,DE000BU2F009,2.649
2024-05-13,DE000BU2F009,2.7011
2024-05-14,DE000BU2F009,2.7011
2024-05-15,DE000BU2F009,2.6787
2024-05-16,DE000BU2F009,2.6239
2024-05-17,DE000BU2F009,2.6817
2024-05-20,DE000BU2F009,2.7124
2024-05-21,DE000BU2F009,2.7004
2024-05-22,DE000BU2F009,2.7222
2024-05-23,DE000BU2F009,2.732
2024-05-24,DE000BU2F009,2.7584
2024-05-27,DE000BU2F009,2.7735
2024-05-28,DE000BU2F009,2.7395
2024-05-29,DE000BU2F009,2.8047
2024-05-30,DE000BU2F009,2.8629
2024-05-31,DE000BU2F009,2.8807
2024-06-03,DE000BU2F009,2.8277
2024-06-04,DE000BU2F009,2.7517
2024-06-05,DE000BU2F009,2.7366
2024-06-06,DE000BU2F009,2.7163
2024-06-07,DE000BU2F009,2.7533
2024-06-10,DE000BU2F009,2.8248
2024-06-11,DE000BU2F009,2.844
2024-06-12,DE000BU2F009,2.7943
2024-06-13,DE000BU2F009,2.7443
2024-06-14,DE000BU2F009,2.6016
2024-06-17,DE000BU2F009,2.5839
2024-06-18,DE000BU2F009,2.6142
2024-06-19,DE000BU2F009,2.592
2024-06-20,DE000BU2F009,2.6312
2024-06-21,DE000BU2F009,2.5853
2024-06-24,DE000BU2F009,2.6327
2024-06-25,DE000BU2F009,2.6349
2024-06-26,DE000BU2F009,2.6491
2024-06-27,DE000BU2F009,2.6835
2024-06-28,DE000BU2F009,2.6805
2024-07-01,DE000BU2F009,2.8054
2024-07-02,DE000BU2F009,2.8284
2024-07-03,DE000BU2F009,2.8231
2024-07-04,DE000BU2F009,2.7963
2024-07-05,DE000BU2F009,2.7826
2024-07-08,DE000BU2F009,2.772
2024-07-09,DE000BU2F009,2.7553
2024-07-10,DE000BU2F009,2.7356
2024-07-11,DE000BU2F009,2.7326
2024-07-12,DE000BU2F009,2.7137
2024-07-15,DE000BU2F009,2.6798
2024-07-16,DE000BU2F009,2.6476
2024-07-17,DE000BU2F009,2.6238
2024-07-18,DE000BU2F009,2.6469
2024-07-19,DE000BU2F009,2.6387
2024-07-22,DE000BU2F009,2.6897
2024-07-23,DE000BU2F009,2.6769
2024-07-24,DE000BU2F009,2.6409
2024-07-25,DE000BU2F009,2.6395
2024-07-26,DE000BU2F009,2.6597
2024-07-29,DE000BU2F009,2.5689
2024-07-30,DE000BU2F009,2.5837
2024-07-31,DE000BU2F009,2.5556
2024-08-01,DE000BU2F009,2.5173
2024-08-02,DE000BU2F009,2.4575
2024-08-05,DE000BU2F009,2.3845
2024-08-06,DE000BU2F009,2.4025
2024-08-07,DE000BU2F009,2.5019
2024-08-08,DE000BU2F009,2.4799
2024-08-09,DE000BU2F009,2.4974
2024-08-12,DE000BU2F009,2.4872
2024-08-13,DE000BU2F009,2.4842
2024-08-14,DE000BU2F009,2.4624
2024-08-15,DE000BU2F009,2.4536
2024-08-16,DE000BU2F009,2.4842
2024-08-19,DE000BU2F009,2.463
2024-08-20,DE000BU2F009,2.4863
2024-08-21,DE000BU2F009,2.4673
2024-08-22,DE000BU2F009,2.4716
2024-08-23,DE000BU2F009,2.5031
2024-08-26,DE000BU2F009,2.4899
2024-08-27,DE000BU2F009,2.5229
2024-08-28,DE000BU2F009,2.5148
2024-08-29,DE000BU2F009,2.5067
2024-08-30,DE000BU2F009,2.525
2024-09-02,DE000BU2F009,2.6007
2024-09-03,DE000BU2F009,2.5895
2024-09-04,DE000BU2F009,2.5066
2024-09-05,DE000BU2F009,2.478
2024-09-06,DE000BU2F009,2.424
2024-09-09,DE000BU2F009,2.5058
2024-09-10,DE000BU2F009,2.4385
2024-09-11,DE000BU2F009,2.3885
2024-09-12,DE000BU2F009,2.4166
2024-09-13,DE000BU2F009,2.4151
2024-09-16,DE000BU2F009,2.4311
2024-09-17,DE000BU2F009,2.3811
2024-09-18,DE000BU2F009,2.442
2024-09-19,DE000BU2F009,2.4807
2024-09-20,DE000BU2F009,2.455
2024-09-23,DE000BU2F009,2.4638
2024-09-24,DE000BU2F009,2.499
2024-09-25,DE000BU2F009,2.4594
2024-09-26,DE000BU2F009,2.452
2024-09-27,DE000BU2F009,2.4286
2024-09-30,DE000BU2F009,2.4739
2024-10-01,DE000BU2F009,2.3698
2024-10-02,DE000BU2F009,2.3901
2024-10-03,DE000BU2F009,2.4445
2024-10-04,DE000BU2F009,2.4753
2024-10-07,DE000BU2F009,2.5373
2024-10-08,DE000BU2F009,2.5447
2024-10-09,DE000BU2F009,2.5261
2024-10-10,DE000BU2F009,2.5498
2024-10-11,DE000BU2F009,2.567
2024-10-14,DE000BU2F009,2.5409
2024-10-15,DE000BU2F009,2.5061
2024-10-16,DE000BU2F009,2.4758
2024-10-17,DE000BU2F009,2.4927
2024-10-18,DE000BU2F009,2.4942
2024-10-21,DE000BU2F009,2.5312
2024-10-22,DE000BU2F009,2.6104
2024-10-23,DE000BU2F009,2.6142
2024-10-24,DE000BU2F009,2.5684
2024-10-25,DE000BU2F009,2.5677
2024-10-28,DE000BU2F009,2.5774
2024-10-29,DE000BU2F009,2.6082
2024-10-30,DE000BU2F009,2.5789
2024-10-31,DE000BU2F009,2.6581
2024-11-01,DE000BU2F009,2.6497
2024-11-04,DE000BU2F009,2.6611
2024-11-05,DE000BU2F009,2.6429
2024-11-06,DE000BU2F009,2.649
2024-11-07,DE000BU2F009,2.7384
2024-11-08,DE000BU2F009,2.6346
2024-11-11,DE000BU2F009,2.5624
2024-11-12,DE000BU2F009,2.5422
2024-11-13,DE000BU2F009,2.5886
2024-11-14,DE000BU2F009,2.6157
2024-11-15,DE000BU2F009,2.5594
2024-11-18,DE000BU2F009,2.6195
2024-11-19,DE000BU2F009,2.525
2024-11-20,DE000BU2F009,2.5796
2024-11-21,DE000BU2F009,2.5421
2024-11-22,DE000BU2F009,2.4871
2024-11-25,DE000BU2F009,2.476
2024-11-26,DE000BU2F009,2.4472
2024-11-27,DE000BU2F009,2.3769
2024-11-28,DE000BU2F009,2.3965
2024-11-29,DE000BU2F009,2.3477
2024-12-02,DE000BU2F009,2.2885
2024-12-03,DE000BU2F009,2.2999
2024-12-04,DE000BU2F009,2.3121
2024-12-05,DE000BU2F009,2.3055
2024-12-06,DE000BU2F009,2.3431
2024-12-09,DE000BU2F009,2.3438
2024-12-10,DE000BU2F009,2.3743
2024-12-11,DE000BU2F009,2.3655
2024-12-12,DE000BU2F009,2.4225
2024-12-13,DE000BU2F009,2.4846
2024-12-16,DE000BU2F009,2.4898
2024-12-17,DE000BU2F009,2.4853
2024-12-18,DE000BU2F009,2.4957
2024-12-19,DE000BU2F009,2.512
2024-12-20,DE000BU2F009,2.5405
2024-12-23,DE000BU2F009,2.5465
2024-12-27,DE000BU2F009,2.6296
2024-12-30,DE000BU2F009,2.6334
2025-01-02,DE000BU2F009,2.6038
2025-01-03,DE000BU2F009,2.6236
2025-01-06,DE000BU2F009,2.6863
2025-01-07,DE000BU2F009,2.7048
2025-01-08,DE000BU2F009,2.7342
2025-01-09,DE000BU2F009,2.7833
2025-01-10,DE000BU2F009,2.8084
2025-01-13,DE000BU2F009,2.8446
2025-01-14,DE000BU2F009,2.8518
2025-01-15,DE000BU2F009,2.8621
2025-01-16,DE000BU2F009,2.8047
2025-01-17,DE000BU2F009,2.7586
2025-01-20,DE000BU2F009,2.7679
2025-01-21,DE000BU2F009,2.7407
2025-01-22,DE000BU2F009,2.7384
2025-01-23,DE000BU2F009,2.7712
2025-01-24,DE000BU2F009,2.8041
2025-01-27,DE000BU2F009,2.7533
2025-01-28,DE000BU2F009,2.7791
2025-01-29,DE000BU2F009,2.7697
2025-01-30,DE000BU2F009,2.7612
2025-01-31,DE000BU2F009,2.7301
2025-02-03,DE000BU2F009,2.6491
2025-02-04,DE000BU2F009,2.6698
2025-02-05,DE000BU2F009,2.5971
2025-02-06,DE000BU2F009,2.6085
2025-02-07,DE000BU2F009,2.6017
2025-02-10,DE000BU2F009,2.6223
2025-02-11,DE000BU2F009,2.6468
2025-02-12,DE000BU2F009,2.7008
2025-02-13,DE000BU2F009,2.7009
2025-02-14,DE000BU2F009,2.6631
2025-02-17,DE000BU2F009,2.7398
2025-02-18,DE000BU2F009,2.7445
2025-02-19,DE000BU2F009,2.7617
2025-02-20,DE000BU2F009,2.7877
2025-02-21,DE000BU2F009,2.7321
2025-02-24,DE000BU2F009,2.7018
2025-02-25,DE000BU2F009,2.7081
2025-02-26,DE000BU2F009,2.6763
2025-02-27,DE000BU2F009,2.6857
2025-02-28,DE000BU2F009,2.6363
2025-03-03,DE000BU2F009,2.7269
2025-03-04,DE000BU2F009,2.7378
2025-03-05,DE000BU2F009,2.9572
2025-03-06,DE000BU2F009,3.1021
2025-03-07,DE000BU2F009,3.0741
2025-03-10,DE000BU2F009,3.0618
2025-03-11,DE000BU2F009,3.1289
2025-03-12,DE000BU2F009,3.1732
2025-03-13,DE000BU2F009,3.165
2025-03-14,DE000BU2F009,3.1601
2025-03-17,DE000BU2F009,3.0887
2025-03-18,DE000BU2F009,3.117
2025-03-19,DE000BU2F009,3.0526
2025-03-20,DE000BU2F009,3.0397
2025-03-21,DE000BU2F009,3.0356
2025-03-24,DE000BU2F009,3.067
2025-03-25,DE000BU2F009,3.1051
2025-03-26,DE000BU2F009,3.0762
2025-03-27,DE000BU2F009,3.0855
2025-03-28,DE000BU2F009,3.0189
2025-03-31,DE000BU2F009,2.9887
2025-04-01,DE000BU2F009,2.9693
2025-04-02,DE000BU2F009,2.9709
2025-04-03,DE000BU2F009,2.9605
2025-04-04,DE000BU2F009,2.8359
2025-04-07,DE000BU2F009,2.7694
2025-04-08,DE000BU2F009,2.9259
2025-04-09,DE000BU2F009,2.9284
2025-04-10,DE000BU2F009,2.9488
2025-04-11,DE000BU2F009,2.8618
2025-04-14,DE000BU2F009,2.8482
2025-04-15,DE000BU2F009,2.8164
2025-04-16,DE000BU2F009,2.8148
2025-04-17,DE000BU2F009,2.8477
2025-04-22,DE000BU2F009,2.7865
2025-04-23,DE000BU2F009,2.7952
2025-04-24,DE000BU2F009,2.7914
2025-04-25,DE000BU2F009,2.8049
2025-04-28,DE000BU2F009,2.8368
2025-04-29,DE000BU2F009,2.8289
2025-04-30,DE000BU2F009,2.8027
2025-05-02,DE000BU2F009,2.7988
2025-05-05,DE000BU2F009,2.8563
2025-05-06,DE000BU2F009,2.8918
2025-05-07,DE000BU2F009,2.8709
2025-05-08,DE000BU2F009,2.8566
2025-05-09,DE000BU2F009,2.9382
2025-05-12,DE000BU2F009,2.9734
2025-05-13,DE000BU2F009,3.0268
2025-05-14,DE000BU2F009,3.0301
2025-05-15,DE000BU2F009,3.0229
2025-05-16,DE000BU2F009,2.9069
2025-05-19,DE000BU2F009,3.0016
2025-05-20,DE000BU2F009,2.9134
2025-05-21,DE000BU2F009,3.0206
2025-05-22,DE000BU2F009,3.0125
2025-05-23,DE000BU2F009,2.9928
2025-05-26,DE000BU2F009,2.9666
2025-05-27,DE000BU2F009,2.8853
2025-05-28,DE000BU2F009,2.9121
2025-05-29,DE000BU2F009,2.9106
2025-05-30,DE000BU2F009,2.8766
2025-06-02,DE000BU2F009,2.8977
2025-06-03,DE000BU2F009,2.846
2025-06-04,DE000BU2F009,2.8832
2025-06-05,DE000BU2F009,2.8269
2025-06-06,DE000BU2F009,2.8679
2025-06-09,DE000BU2F009,2.8583
2025-06-10,DE000BU2F009,2.872
2025-06-11,DE000BU2F009,2.8866
2025-06-12,DE000BU2F009,2.8407
2025-06-13,DE000BU2F009,2.8182
2025-06-16,DE000BU2F009,2.8981
2025-06-17,DE000BU2F009,2.8779
2025-06-18,DE000BU2F009,2.8779
2025-06-19,DE000BU2F009,2.8538
2025-06-20,DE000BU2F009,2.8538
2025-06-23,DE000BU2F009,2.8765
2025-06-24,DE000BU2F009,2.8976
2025-06-25,DE000BU2F009,2.8822
2025-06-26,DE000BU2F009,2.9034
2025-06-27,DE000BU2F009,2.9214
2025-06-30,DE000BU2F009,2.9223
2025-07-01,DE000BU2F009,2.8962
2025-07-02,DE000BU2F009,2.9354
2025-07-03,DE000BU2F009,2.9372
2025-07-04,DE000BU2F009,2.8956
2025-07-07,DE000BU2F009,2.9414
2025-07-08,DE000BU2F009,3.0181
2025-07-09,DE000BU2F009,2.9958
2025-07-10,DE000BU2F009,3.0059
2025-07-11,DE000BU2F009,3.0608
2025-07-14,DE000BU2F009,3.0525
2025-07-15,DE000BU2F009,3.0259
2025-07-16,DE000BU2F009,3.0493
2025-07-17,DE000BU2F009,3.0436
2025-07-18,DE000BU2F009,3.0379
2025-07-21,DE000BU2F009,2.9881
2025-07-22,DE000BU2F009,2.9733
2025-07-23,DE000BU2F009,2.9684
2025-07-24,DE000BU2F009,3.0041
2025-07-25,DE000BU2F009,3.091
2025-07-28,DE000BU2F009,3.0241
2025-07-29,DE000BU2F009,3.0417
2025-07-30,DE000BU2F009,3.0284
2025-07-31,DE000BU2F009,3.0269
2025-08-01,DE000BU2F009,3.0395
2025-08-04,DE000BU2F009,3.0287
2025-08-05,DE000BU2F009,2.9698
2025-08-06,DE000BU2F009,2.9922
2025-08-07,DE000BU2F009,2.9717
2025-08-08,DE000BU2F009,2.9891
2025-08-11,DE000BU2F009,3.0241
2025-08-12,DE000BU2F009,3.0484
2025-08-13,DE000BU2F009,3.0551
2025-08-14,DE000BU2F009,3.0102
2025-08-15,DE000BU2F009,3.0966
2025-08-18,DE000BU2F009,3.1068
2025-08-19,DE000BU2F009,3.1348
2025-08-20,DE000BU2F009,3.09
2025-08-21,DE000BU2F009,3.0902
2025-08-22,DE000BU2F009,3.1046
2025-08-25,DE000BU2F009,3.1199
2025-08-26,DE000BU2F009,3.1014
2025-08-27,DE000BU2F009,3.0602
2025-08-28,DE000BU2F009,3.0763
2025-08-29,DE000BU2F009,3.0823
2025-09-01,DE000BU2F009,3.1255
2025-09-02,DE000BU2F009,3.1622
2025-09-03,DE000BU2F009,3.1657
2025-09-04,DE000BU2F009,3.0937
2025-09-05,DE000BU2F009,3.1073
2025-09-08,DE000BU2F009,3.0575
2025-09-09,DE000BU2F009,3.0509
2025-09-10,DE000BU2F009,3.0367
2025-09-11,DE000BU2F009,3.0444
2025-09-12,DE000BU2F009,3.0545
2025-09-15,DE000BU2F009,3.0588
2025-09-16,DE000BU2F009,3.0521
2025-09-17,DE000BU2F009,3.0413
2025-09-18,DE000BU2F009,3.044
2025-09-19,DE000BU2F009,3.1044
2025-09-22,DE000BU2F009,3.116
2025-09-23,DE000BU2F009,3.1245
2025-09-24,DE000BU2F009,3.117
2025-09-25,DE000BU2F009,3.1095
2025-09-26,DE000BU2F009,3.1164
2025-09-29,DE000BU2F009,3.0927
2025-09-30,DE000BU2F009,3.08
2025-10-01,DE000BU2F009,3.1021
2025-10-02,DE000BU2F009,3.082
2025-10-03,DE000BU2F009,3.0651
2025-10-06,DE000BU2F009,3.0881
2025-10-07,DE000BU2F009,3.1068
2025-10-08,DE000BU2F009,3.0636
2025-10-09,DE000BU2F009,3.0655
2025-10-10,DE000BU2F009,3.0445
2025-10-13,DE000BU2F009,3.0075
2025-10-14,DE000BU2F009,2.9633
2025-10-15,DE000BU2F009,2.9583
2025-10-16,DE000BU2F009,2.9427
2025-10-17,DE000BU2F009,2.927
2025-10-20,DE000BU2F009,2.9711
2025-10-21,DE000BU2F009,2.9412
2025-10-22,DE000BU2F009,2.9171
2025-10-23,DE000BU2F009,2.9538
2025-10-24,DE000BU2F009,2.9814
2025-10-27,DE000BU2F009,3.0033
2025-10-28,DE000BU2F009,2.9782
2025-10-29,DE000BU2F009,2.9917
2025-10-30,DE000BU2F009,3.0069
2025-10-31,DE000BU2F009,3.0095
2025-11-03,DE000BU2F009,3.0071
2025-11-04,DE000BU2F009,3.0172
2025-11-05,DE000BU2F009,3.0215
2025-11-06,DE000BU2F009,3.0326
2025-11-07,DE000BU2F009,3.0488
2025-11-10,DE000BU2F009,3.0471
2025-11-11,DE000BU2F009,3.0404
2025-11-12,DE000BU2F009,3.0337
2025-11-13,DE000BU2F009,3.0103
2025-11-14,DE000BU2F009,3.0755
2025-11-17,DE000BU2F009,3.0731
2025-11-18,DE000BU2F009,3.0646
2025-11-19,DE000BU2F009,3.0826
2025-11-20,DE000BU2F009,3.1016
2025-11-21,DE000BU2F009,3.0726
2025-11-24,DE000BU2F009,3.077
2025-11-25,DE000BU2F009,3.0796
2025-11-26,DE000BU2F009,3.0643
2025-11-27,DE000BU2F009,3.0705
2025-11-28,DE000BU2F009,3.0757
2025-12-01,DE000BU2F009,3.1159
2025-12-02,DE000BU2F009,3.1444
2025-12-03,DE000BU2F009,3.1462
2025-12-04,DE000BU2F009,3.1439
2025-12-05,DE000BU2F009,3.1647
2025-12-08,DE000BU2F009,3.2212
2025-12-09,DE000BU2F009,3.2274
2025-12-10,DE000BU2F009,3.2555
2025-12-11,DE000BU2F009,3.2418
2025-12-12,DE000BU2F009,3.2375
2025-12-15,DE000BU2F009,3.2227
2025-12-16,DE000BU2F009,3.2333
2025-12-17,DE000BU2F009,3.2316
2025-12-18,DE000BU2F009,3.2389
2025-12-19,DE000BU2F009,3.2821
2025-12-22,DE000BU2F009,3.291
2025-12-23,DE000BU2F009,3.2545
2025-12-29,DE000BU2F009,3.2407
2025-12-30,DE000BU2F009,3.2347
2026-01-02,DE000BU2F009,3.2535
2026-01-05,DE000BU2F009,3.2845
2026-01-06,DE000BU2F009,3.2449
2026-01-07,DE000BU2F009,3.1777
2026-01-08,DE000BU2F009,3.2269
2026-01-09,DE000BU2F009,3.2235
2026-01-12,DE000BU2F009,3.2148
2026-01-13,DE000BU2F009,3.2158
2026-01-14,DE000BU2F009,3.2036
2026-01-15,DE000BU2F009,3.1768
2026-01-16,DE000BU2F009,3.1856
2026-01-19,DE000BU2F009,3.1953
2026-01-20,DE000BU2F009,3.2525
2026-01-21,DE000BU2F009,3.2306
2026-01-22,DE000BU2F009,3.2326
2026-01-23,DE000BU2F009,3.2547
2026-01-26,DE000BU2F009,3.2407
2026-01-27,DE000BU2F009,3.2417
2026-01-28,DE000BU2F009,3.2163
2026-01-29,DE000BU2F009,3.2254
2026-01-30,DE000BU2F009,3.2281
2026-02-02,DE000BU2F009,3.2247
2026-02-03,DE000BU2F009,3.2547
2026-02-04,DE000BU2F009,3.2557
2026-02-05,DE000BU2F009,3.256
2026-02-06,DE000BU2F009,3.2094
2026-02-09,DE000BU2F009,3.243
2026-02-10,DE000BU2F009,3.221
2026-02-11,DE000BU2F009,3.1887
2026-02-12,DE000BU2F009,3.1723
2026-02-13,DE000BU2F009,3.1567
2026-02-16,DE000BU2F009,3.1498
2026-02-17,DE000BU2F009,3.1203
2026-02-18,DE000BU2F009,3.1239
2026-02-19,DE000BU2F009,3.138
2026-02-20,DE000BU2F009,3.1138
2026-02-23,DE000BU2F009,3.113
2026-02-24,DE000BU2F009,3.0828
2026-02-25,DE000BU2F009,3.0993
2026-02-26,DE000BU2F009,3.0848
2026-02-27,DE000BU2F009,3.0668
2026-03-02,DE000BU2F009,3.0402
2026-03-03,DE000BU2F009,3.1607
2026-03-04,DE000BU2F009,3.125
2026-03-05,DE000BU2F009,3.1549
2026-03-06,DE000BU2F009,3.191
2026-03-09,DE000BU2F009,3.2228
2026-03-10,DE000BU2F009,3.2052
2026-03-11,DE000BU2F009,3.2486
2026-03-12,DE000BU2F009,3.2863
2026-03-13,DE000BU2F009,3.3007
2026-03-16,DE000BU2F009,3.3062
2026-03-17,DE000BU2F009,3.2804
2026-03-18,DE000BU2F009,3.2369
2026-03-19,DE000BU2F009,3.305
2026-03-20,DE000BU2F009,3.3122
2026-03-23,DE000BU2F009,3.3691
2026-03-24,DE000BU2F009,3.3295
2026-03-25,DE000BU2F009,3.2893
2026-03-26,DE000BU2F009,3.3264
2026-03-27,DE000BU2F009,3.4115
2026-03-30,DE000BU2F009,3.3971
2026-03-31,DE000BU2F009,3.3357
2026-04-01,DE000BU2F009,3.2713
2026-04-02,DE000BU2F009,3.3453
2026-04-07,DE000BU2F009,3.3185
2026-04-08,DE000BU2F009,3.2658
2026-04-09,DE000BU2F009,3.3235
2026-04-10,DE000BU2F009,3.3779
2026-04-13,DE000BU2F009,3.4089
2026-04-14,DE000BU2F009,3.399
2026-04-15,DE000BU2F009,3.3837
2026-04-16,DE000BU2F009,3.3868
2026-04-17,DE000BU2F009,3.3896
2026-04-20,DE000BU2F009,3.3526
2026-04-21,DE000BU2F009,3.3247
2026-04-22,DE000BU2F009,3.3474
2026-04-23,DE000BU2F009,3.3586
2026-04-24,DE000BU2F009,3.3642
2026-04-27,DE000BU2F009,3.3498
2026-04-28,DE000BU2F009,3.3944
2026-04-29,DE000BU2F009,3.4013
2026-04-30,DE000BU2F009,3.4252
2026-05-04,DE000BU2F009,3.3779
2026-05-05,DE000BU2F009,3.3926
2026-05-06,DE000BU2F009,3.3328
2026-05-07,DE000BU2F009,3.334
2026-05-08,DE000BU2F009,3.3387
2026-05-11,DE000BU2F009,3.3569
2026-05-12,DE000BU2F009,3.4191
2026-05-13,DE000BU2F009,3.422
2026-05-14,DE000BU2F009,3.4141
2026-05-15,DE000BU2F009,3.439
2026-05-18,DE000BU2F009,3.4917
2026-05-19,DE000BU2F009,3.4863
2026-05-20,DE000BU2F009,3.4929
2026-05-21,DE000BU2F009,3.4149
2026-05-22,DE000BU2F009,3.3912
2026-05-25,DE000BU2F009,3.2941
2026-05-26,DE000BU2F009,3.3123
2026-05-27,DE000BU2F009,3.2979
2026-05-28,DE000BU2F009,3.3398
2026-05-29,DE000BU2F009,3.301
2026-06-01,DE000BU2F009,3.3246
2026-06-02,DE000BU2F009,3.2994
2026-06-03,DE000BU2F009,3.353
2026-06-04,DE000BU2F009,3.377
2026-06-05,DE000BU2F009,3.3698
2026-06-08,DE000BU2F009,3.3992
2026-06-09,DE000BU2F009,3.3911
2026-06-10,DE000BU2F009,3.393
2026-06-11,DE000BU2F009,3.4025
2026-06-12,DE000BU2F009,3.3232
2026-06-15,DE000BU2F009,3.307
2026-06-16,DE000BU2F009,3.2835
2026-06-17,DE000BU2F009,3.2728
2026-06-18,DE000BU2F009,3.2659
2026-06-19,DE000BU2F009,3.3012
2026-06-22,DE000BU2F009,3.3095
2026-06-23,DE000BU2F009,3.2716
2026-06-24,DE000BU2F009,3.2383
2026-06-25,DE000BU2F009,3.1983
2026-06-26,DE000BU2F009,3.1877
2026-06-29,DE000BU2F009,3.1967
2026-06-30,DE000BU2F009,3.186
2026-07-01,DE000BU2F009,3.2246
2026-07-02,DE000BU2F009,3.2618
2026-07-03,DE000BU2F009,3.2763
2026-07-06,DE000BU2F009,3.2791
2026-07-07,DE000BU2F009,3.3273
2026-07-08,DE000BU2F009,3.4099
2026-07-09,DE000BU2F009,3.4177
2026-07-10,DE000BU2F009,3.3855
2026-07-13,DE000BU2F009,3.3912
2026-07-14,DE000BU2F009,3.4199
2026-07-15,DE000BU2F009,3.4311
2026-07-16,DE000BU2F009,3.4481
2026-07-17,DE000BU2F009,3.4316
2026-07-20,DE000BU2F009,3.4354
2026-07-21,DE000BU2F009,3.4522
2026-07-22,DE000BU2F009,3.4607
2026-07-23,DE000BU2F009,3.4788
2026-07-24,DE000BU2F009,3.4715
2026-07-27,DE000BU2F009,3.4242
2026-07-28,DE000BU2F009,3.4058
2026-07-29,DE000BU2F009,3.4152
2026-07-30,DE000BU2F009,3.4713
2026-07-31,DE000BU2F009,3.45
2026-08-03,DE000BU2F009,3.4445
2026-08-04,DE000BU2F009,3.4567
2026-08-05,DE000BU2F009,3.3938
2026-08-06,DE000BU2F009,3.4117
2026-08-07,DE000BU2F009,3.4415
2026-08-10,DE000BU2F009,3.4323
2026-08-11,DE000BU2F009,3.4866
2026-08-12,DE000BU2F009,3.4465
2026-08-13,DE000BU2F009,3.4469
2026-08-14,DE000BU2F009,3.4573
2026-08-17,DE000BU2F009,3.5033
2026-08-18,DE000BU2F009,3.5534
2026-08-19,DE000BU2F009,3.5602
2026-08-20,DE000BU2F009,3.5492
2026-08-21,DE000BU2F009,3.5399
2026-08-24,DE000BU2F009,3.5372
2026-08-25,DE000BU2F009,3.5355
2026-08-26,DE000BU2F009,3.496
2026-08-27,DE000BU2F009,3.5389
2026-08-28,DE000BU2F009,3.5589
2026-08-31,DE000BU2F009,3.5933
2026-09-01,DE000BU2F009,3.6403
2026-09-02,DE000BU2F009,3.6655
2026-09-03,DE000BU2F009,3.6323
2026-09-04,DE000BU2F009,3.6219
2026-09-07,DE000BU2F009,3.6297
2026-09-08,DE000BU2F009,3.6606
2026-09-09,DE000BU2F009,3.656
2026-09-10,DE000BU2F009,3.7145
2026-09-11,DE000BU2F009,3.7556
2026-09-14,DE000BU2F009,3.7694
2026-09-15,DE000BU2F009,3.7922
2026-09-16,DE000BU2F009,3.7914
2026-09-17,DE000BU2F009,3.7556
2026-09-18,DE000BU2F009,3.7275
2026-09-21,DE000BU2F009,3.6898
2026-09-22,DE000BU2F009,3.6735
2026-09-23,DE000BU2F009,3.6901
2026-09-24,DE000BU2F009,3.7794
2026-09-25,DE000BU2F009,3.7904
2026-09-28,DE000BU2F009,3.8499
2026-09-29,DE000BU2F009,3.856
2026-09-30,DE000BU2F009,3.8116
2026-10-01,DE000BU2F009,3.8419
2023-01-11,DE000BU2Z007,2.26501
2023-01-12,DE000BU2Z007,2.193653
2023-01-13,DE000BU2Z007,2.105261
2023-01-16,DE000BU2Z007,2.208035
2023-01-17,DE000BU2Z007,2.190222
2023-01-18,DE000BU2Z007,2.092943
2023-01-19,DE000BU2Z007,2.021523
2023-01-20,DE000BU2Z007,2.12694
2023-01-23,DE000BU2Z007,2.176684
2023-01-24,DE000BU2Z007,2.171095
2023-01-25,DE000BU2Z007,2.104666
2023-01-26,DE000BU2Z007,2.185398
2023-01-27,DE000BU2Z007,2.259128
2023-01-30,DE000BU2Z007,2.295064
2023-01-31,DE000BU2Z007,2.297309
2023-02-01,DE000BU2Z007,2.260183
2023-02-02,DE000BU2Z007,2.25115
2023-02-03,DE000BU2Z007,2.138452
2023-02-06,DE000BU2Z007,2.265721
2023-02-07,DE000BU2Z007,2.292742
2023-02-08,DE000BU2Z007,2.364083
2023-02-09,DE000BU2Z007,2.288192
2023-02-10,DE000BU2Z007,2.34479
2023-02-13,DE000BU2Z007,2.352752
2023-02-14,DE000BU2Z007,2.358445
2023-02-15,DE000BU2Z007,2.40751
2023-02-16,DE000BU2Z007,2.467272
2023-02-17,DE000BU2Z007,2.530825
2023-02-20,DE000BU2Z007,2.445472
2023-02-21,DE000BU2Z007,2.484678
2023-02-22,DE000BU2Z007,2.543796
2023-02-23,DE000BU2Z007,2.524206
2023-02-24,DE000BU2Z007,2.461745
2023-02-27,DE000BU2Z007,2.566189
2023-02-28,DE000BU2Z007,2.64118
2023-03-01,DE000BU2Z007,2.71679
2023-03-02,DE000BU2Z007,2.757472
2023-03-03,DE000BU2Z007,2.695756
2023-03-06,DE000BU2Z007,2.654597
2023-03-07,DE000BU2Z007,2.657035
2023-03-08,DE000BU2Z007,2.692565
2023-03-09,DE000BU2Z007,2.689281
2023-03-10,DE000BU2Z007,2.541201
2023-03-13,DE000BU2Z007,2.267482
2023-03-14,DE000BU2Z007,2.34265
2023-03-15,DE000BU2Z007,2.318665
2023-03-16,DE000BU2Z007,2.282192
2023-03-17,DE000BU2Z007,2.239061
2023-03-20,DE000BU2Z007,2.018338
2023-03-21,DE000BU2Z007,2.228806
2023-03-22,DE000BU2Z007,2.302672
2023-03-23,DE000BU2Z007,2.265049
2023-03-24,DE000BU2Z007,2.026844
2023-03-27,DE000BU2Z007,2.183425
2023-03-28,DE000BU2Z007,2.317513
2023-03-29,DE000BU2Z007,2.296929
2023-03-30,DE000BU2Z007,2.315221
2023-03-31,DE000BU2Z007,2.35539
2023-04-03,DE000BU2Z007,2.353107
2023-04-04,DE000BU2Z007,2.299185
2023-04-05,DE000BU2Z007,2.287711
2023-04-06,DE000BU2Z007,2.133306
2023-04-11,DE000BU2Z007,2.236311
2023-04-12,DE000BU2Z007,2.315214
2023-04-13,DE000BU2Z007,2.385572
2023-04-14,DE000BU2Z007,2.384415
2023-04-17,DE000BU2Z007,2.435534
2023-04-18,DE000BU2Z007,2.488101
2023-04-19,DE000BU2Z007,2.51981
2023-04-20,DE000BU2Z007,2.481244
2023-04-21,DE000BU2Z007,2.438014
2023-04-24,DE000BU2Z007,2.459092
2023-04-25,DE000BU2Z007,2.448611
2023-04-26,DE000BU2Z007,2.333669
2023-04-27,DE000BU2Z007,2.433588
2023-04-28,DE000BU2Z007,2.360306
2023-05-02,DE000BU2Z007,2.360329
2023-05-03,DE000BU2Z007,2.237027
2023-05-04,DE000BU2Z007,2.253029
2023-05-05,DE000BU2Z007,2.254177
2023-05-08,DE000BU2Z007,2.311752
2023-05-09,DE000BU2Z007,2.329103
2023-05-10,DE000BU2Z007,2.340695
2023-05-11,DE000BU2Z007,2.296
2023-05-12,DE000BU2Z007,2.244
2023-05-15,DE000BU2Z007,2.291
2023-05-16,DE000BU2Z007,2.283
2023-05-17,DE000BU2Z007,2.32
2023-05-18,DE000BU2Z007,2.39
2023-05-19,DE000BU2Z007,2.447
2023-05-22,DE000BU2Z007,2.403
2023-05-23,DE000BU2Z007,2.475
2023-05-24,DE000BU2Z007,2.453
2023-05-25,DE000BU2Z007,2.476
2023-05-26,DE000BU2Z007,2.523
2023-05-29,DE000BU2Z007,2.484
2023-05-30,DE000BU2Z007,2.407
2023-05-31,DE000BU2Z007,2.272
2023-06-01,DE000BU2Z007,2.293
2023-06-02,DE000BU2Z007,2.275
2023-06-05,DE000BU2Z007,2.365
2023-06-06,DE000BU2Z007,2.323
2023-06-07,DE000BU2Z007,2.369
2023-06-08,DE000BU2Z007,2.445
2023-06-09,DE000BU2Z007,2.415
2023-06-12,DE000BU2Z007,2.378
2023-06-13,DE000BU2Z007,2.376
2023-06-14,DE000BU2Z007,2.444
2023-06-15,DE000BU2Z007,2.484
2023-06-16,DE000BU2Z007,2.485
2023-06-19,DE000BU2Z007,2.484
2023-06-20,DE000BU2Z007,2.486
2023-06-21,DE000BU2Z007,2.414
2023-06-22,DE000BU2Z007,2.447
2023-06-23,DE000BU2Z007,2.367
2023-06-26,DE000BU2Z007,2.318
2023-06-27,DE000BU2Z007,2.324
2023-06-28,DE000BU2Z007,2.329
2023-06-29,DE000BU2Z007,2.355
2023-06-30,DE000BU2Z007,2.437
2023-07-03,DE000BU2Z007,2.389
2023-07-04,DE000BU2Z007,2.464
2023-07-05,DE000BU2Z007,2.412
2023-07-06,DE000BU2Z007,2.519
2023-07-07,DE000BU2Z007,2.637
2023-07-10,DE000BU2Z007,2.656
2023-07-11,DE000BU2Z007,2.59
2023-07-12,DE000BU2Z007,2.611
2023-07-13,DE000BU2Z007,2.465
2023-07-14,DE000BU2Z007,2.465
2023-07-17,DE000BU2Z007,2.45
2023-07-18,DE000BU2Z007,2.382
2023-07-19,DE000BU2Z007,2.313
2023-07-20,DE000BU2Z007,2.401
2023-07-21,DE000BU2Z007,2.455
2023-07-24,DE000BU2Z007,2.371
2023-07-25,DE000BU2Z007,2.409
2023-07-26,DE000BU2Z007,2.414
2023-07-27,DE000BU2Z007,2.462
2023-07-28,DE000BU2Z007,2.475
2023-07-31,DE000BU2Z007,2.491
2023-08-01,DE000BU2Z007,2.477
2023-08-02,DE000BU2Z007,2.491
2023-08-03,DE000BU2Z007,2.55
2023-08-04,DE000BU2Z007,2.589
2023-08-07,DE000BU2Z007,2.55
2023-08-08,DE000BU2Z007,2.458
2023-08-09,DE000BU2Z007,2.435
2023-08-10,DE000BU2Z007,2.503
2023-08-11,DE000BU2Z007,2.533
2023-08-14,DE000BU2Z007,2.587
2023-08-15,DE000BU2Z007,2.671
2023-08-16,DE000BU2Z007,2.63
2023-08-17,DE000BU2Z007,2.661
2023-08-18,DE000BU2Z007,2.587
2023-08-21,DE000BU2Z007,2.618
2023-08-22,DE000BU2Z007,2.643
2023-08-23,DE000BU2Z007,2.511
2023-08-24,DE000BU2Z007,2.453
2023-08-25,DE000BU2Z007,2.515
2023-08-28,DE000BU2Z007,2.545
2023-08-29,DE000BU2Z007,2.545
2023-08-30,DE000BU2Z007,2.518
2023-08-31,DE000BU2Z007,2.474
2023-09-01,DE000BU2Z007,2.445
2023-09-04,DE000BU2Z007,2.534
2023-09-05,DE000BU2Z007,2.564
2023-09-06,DE000BU2Z007,2.585
2023-09-07,DE000BU2Z007,2.596
2023-09-08,DE000BU2Z007,2.571
2023-09-11,DE000BU2Z007,2.571
2023-09-12,DE000BU2Z007,2.599
2023-09-13,DE000BU2Z007,2.642158
2023-09-14,DE000BU2Z007,2.61
2023-09-15,DE000BU2Z007,2.612
2023-09-18,DE000BU2Z007,2.657
2023-09-19,DE000BU2Z007,2.681
2023-09-20,DE000BU2Z007,2.681
2023-09-21,DE000BU2Z007,2.706
2023-09-22,DE000BU2Z007,2.701
2023-09-25,DE000BU2Z007,2.759
2023-09-26,DE000BU2Z007,2.775
2023-09-27,DE000BU2Z007,2.754
2023-09-28,DE000BU2Z007,2.888
2023-09-29,DE000BU2Z007,2.826
2023-10-02,DE000BU2Z007,2.844
2023-10-03,DE000BU2Z007,2.896
2023-10-04,DE000BU2Z007,2.941
2023-10-05,DE000BU2Z007,2.915
2023-10-06,DE000BU2Z007,2.858
2023-10-09,DE000BU2Z007,2.81
2023-10-10,DE000BU2Z007,2.762
2023-10-11,DE000BU2Z007,2.691
2023-10-12,DE000BU2Z007,2.695
2023-10-13,DE000BU2Z007,2.716
2023-10-16,DE000BU2Z007,2.745
2023-10-17,DE000BU2Z007,2.769
2023-10-18,DE000BU2Z007,2.876
2023-10-19,DE000BU2Z007,2.909
2023-10-20,DE000BU2Z007,2.884
2023-10-23,DE000BU2Z007,2.911
2023-10-24,DE000BU2Z007,2.756
2023-10-25,DE000BU2Z007,2.807
2023-10-26,DE000BU2Z007,2.847
2023-10-27,DE000BU2Z007,2.791
2023-10-30,DE000BU2Z007,2.762
2023-10-31,DE000BU2Z007,2.742
2023-11-01,DE000BU2Z007,2.788
2023-11-02,DE000BU2Z007,2.673
2023-11-03,DE000BU2Z007,2.681
2023-11-06,DE000BU2Z007,2.662
2023-11-07,DE000BU2Z007,2.659
2023-11-08,DE000BU2Z007,2.604
2023-11-09,DE000BU2Z007,2.605
2023-11-10,DE000BU2Z007,2.687
2023-11-13,DE000BU2Z007,2.669
2023-11-14,DE000BU2Z007,2.667
2023-11-15,DE000BU2Z007,2.552
2023-11-16,DE000BU2Z007,2.585
2023-11-17,DE000BU2Z007,2.484
2023-11-20,DE000BU2Z007,2.556
2023-11-21,DE000BU2Z007,2.556
2023-11-22,DE000BU2Z007,2.533
2023-11-23,DE000BU2Z007,2.549
2023-11-24,DE000BU2Z007,2.61
2023-11-27,DE000BU2Z007,2.599
2023-11-28,DE000BU2Z007,2.505
2023-11-29,DE000BU2Z007,2.416
2023-11-30,DE000BU2Z007,2.384
2023-12-01,DE000BU2Z007,2.391
2023-12-04,DE000BU2Z007,2.332
2023-12-05,DE000BU2Z007,2.276
2023-12-06,DE000BU2Z007,2.228
2023-12-07,DE000BU2Z007,2.142
2023-12-08,DE000BU2Z007,2.196
2023-12-11,DE000BU2Z007,2.222
2023-12-12,DE000BU2Z007,2.194
2023-12-13,DE000BU2Z007,2.17
2023-12-14,DE000BU2Z007,2.026
2023-12-15,DE000BU2Z007,2.008
2023-12-18,DE000BU2Z007,1.99
2023-12-19,DE000BU2Z007,1.996
2023-12-20,DE000BU2Z007,1.956
2023-12-21,DE000BU2Z007,1.937
2023-12-22,DE000BU2Z007,1.93
2023-12-27,DE000BU2Z007,1.905
2023-12-28,DE000BU2Z007,1.89
2023-12-29,DE000BU2Z007,1.99
2024-01-02,DE000BU2Z007,2.0664
2024-01-03,DE000BU2Z007,2.0315
2024-01-04,DE000BU2Z007,2.0337
2024-01-05,DE000BU2Z007,2.1265
2024-01-08,DE000BU2Z007,2.1288
2024-01-09,DE000BU2Z007,2.1469
2024-01-10,DE000BU2Z007,2.1263
2024-01-11,DE000BU2Z007,2.1468
2024-01-12,DE000BU2Z007,2.1153
2024-01-15,DE000BU2Z007,2.1382
2024-01-16,DE000BU2Z007,2.1625
2024-01-17,DE000BU2Z007,2.2003
2024-01-18,DE000BU2Z007,2.2493
2024-01-19,DE000BU2Z007,2.2628
2024-01-22,DE000BU2Z007,2.2308
2024-01-23,DE000BU2Z007,2.2431
2024-01-24,DE000BU2Z007,2.2591
2024-01-25,DE000BU2Z007,2.306
2024-01-26,DE000BU2Z007,2.1952
2024-01-29,DE000BU2Z007,2.1731
2024-01-30,DE000BU2Z007,2.1707
2024-01-31,DE000BU2Z007,2.1548
2024-02-01,DE000BU2Z007,2.1425
2024-02-02,DE000BU2Z007,2.1132
2024-02-05,DE000BU2Z007,2.2209
2024-02-06,DE000BU2Z007,2.2653
2024-02-07,DE000BU2Z007,2.2258
2024-02-08,DE000BU2Z007,2.2381
2024-02-09,DE000BU2Z007,2.2975
2024-02-12,DE000BU2Z007,2.2987
2024-02-13,DE000BU2Z007,2.305
2024-02-14,DE000BU2Z007,2.3174
2024-02-15,DE000BU2Z007,2.2578
2024-02-16,DE000BU2Z007,2.3324
2024-02-19,DE000BU2Z007,2.3424
2024-02-20,DE000BU2Z007,2.3374
2024-02-21,DE000BU2Z007,2.3424
2024-02-22,DE000BU2Z007,2.4051
2024-02-23,DE000BU2Z007,2.4253
2024-02-26,DE000BU2Z007,2.3224
2024-02-27,DE000BU2Z007,2.3775
2024-02-28,DE000BU2Z007,2.4128
2024-02-29,DE000BU2Z007,2.4647
2024-03-01,DE000BU2Z007,2.37
2024-03-04,DE000BU2Z007,2.3487
2024-03-05,DE000BU2Z007,2.3374
2024-03-06,DE000BU2Z007,2.3161
2024-03-07,DE000BU2Z007,2.2748
2024-03-08,DE000BU2Z007,2.2275
2024-03-11,DE000BU2Z007,2.2224
2024-03-12,DE000BU2Z007,2.2523
2024-03-13,DE000BU2Z007,2.2747
2024-03-14,DE000BU2Z007,2.3336
2024-03-15,DE000BU2Z007,2.4056
2024-03-18,DE000BU2Z007,2.4208
2024-03-19,DE000BU2Z007,2.4018
2024-03-20,DE000BU2Z007,2.3791
2024-03-21,DE000BU2Z007,2.3551
2024-03-22,DE000BU2Z007,2.3286
2024-03-25,DE000BU2Z007,2.2984
2024-03-26,DE000BU2Z007,2.3072
2024-03-27,DE000BU2Z007,2.2959
2024-03-28,DE000BU2Z007,2.2757
2024-04-02,DE000BU2Z007,2.3173
2024-04-03,DE000BU2Z007,2.3527
2024-04-04,DE000BU2Z007,2.3286
2024-04-05,DE000BU2Z007,2.316
2024-04-08,DE000BU2Z007,2.4048
2024-04-09,DE000BU2Z007,2.359
2024-04-10,DE000BU2Z007,2.3059
2024-04-11,DE000BU2Z007,2.4253
2024-04-12,DE000BU2Z007,2.3451
2024-04-15,DE000BU2Z007,2.3515
2024-04-16,DE000BU2Z007,2.414
2024-04-17,DE000BU2Z007,2.4434
2024-04-18,DE000BU2Z007,2.4051
2024-04-19,DE000BU2Z007,2.4243
2024-04-22,DE000BU2Z007,2.4912
2024-04-23,DE000BU2Z007,2.4474
2024-04-24,DE000BU2Z007,2.5029
2024-04-25,DE000BU2Z007,2.5302
2024-04-26,DE000BU2Z007,2.5639
2024-04-29,DE000BU2Z007,2.4851
2024-04-30,DE000BU2Z007,2.5083
2024-05-02,DE000BU2Z007,2.5098
2024-05-03,DE000BU2Z007,2.4969
2024-05-06,DE000BU2Z007,2.408
2024-05-07,DE000BU2Z007,2.4003
2024-05-08,DE000BU2Z007,2.3978
2024-05-09,DE000BU2Z007,2.4675
2024-05-10,DE000BU2Z007,2.4262
2024-05-13,DE000BU2Z007,2.4792
2024-05-14,DE000BU2Z007,2.4689
2024-05-15,DE000BU2Z007,2.4444
2024-05-16,DE000BU2Z007,2.389
2024-05-17,DE000BU2Z007,2.4483
2024-05-20,DE000BU2Z007,2.4808
2024-05-21,DE000BU2Z007,2.4705
2024-05-22,DE000BU2Z007,2.4965
2024-05-23,DE000BU2Z007,2.5136
2024-05-24,DE000BU2Z007,2.5449
2024-05-27,DE000BU2Z007,2.5595
2024-05-28,DE000BU2Z007,2.5164
2024-05-29,DE000BU2Z007,2.5832
2024-05-30,DE000BU2Z007,2.6361
2024-05-31,DE000BU2Z007,2.6666
2024-06-03,DE000BU2Z007,2.6073
2024-06-04,DE000BU2Z007,2.5207
2024-06-05,DE000BU2Z007,2.5103
2024-06-06,DE000BU2Z007,2.4948
2024-06-07,DE000BU2Z007,2.5406
2024-06-10,DE000BU2Z007,2.6118
2024-06-11,DE000BU2Z007,2.6318
2024-06-12,DE000BU2Z007,2.5579
2024-06-13,DE000BU2Z007,2.5135
2024-06-14,DE000BU2Z007,2.3534
2024-06-17,DE000BU2Z007,2.356
2024-06-18,DE000BU2Z007,2.378
2024-06-19,DE000BU2Z007,2.356
2024-06-20,DE000BU2Z007,2.3937
2024-06-21,DE000BU2Z007,2.3328
2024-06-24,DE000BU2Z007,2.3729
2024-06-25,DE000BU2Z007,2.3782
2024-06-26,DE000BU2Z007,2.3912
2024-06-27,DE000BU2Z007,2.4264
2024-06-28,DE000BU2Z007,2.4212
2024-07-01,DE000BU2Z007,2.5408
2024-07-02,DE000BU2Z007,2.5554
2024-07-03,DE000BU2Z007,2.5621
2024-07-04,DE000BU2Z007,2.5358
2024-07-05,DE000BU2Z007,2.5305
2024-07-08,DE000BU2Z007,2.5122
2024-07-09,DE000BU2Z007,2.4925
2024-07-10,DE000BU2Z007,2.4754
2024-07-11,DE000BU2Z007,2.4782
2024-07-12,DE000BU2Z007,2.4453
2024-07-15,DE000BU2Z007,2.4047
2024-07-16,DE000BU2Z007,2.3734
2024-07-17,DE000BU2Z007,2.3447
2024-07-18,DE000BU2Z007,2.3682
2024-07-19,DE000BU2Z007,2.3512
2024-07-22,DE000BU2Z007,2.4089
2024-07-23,DE000BU2Z007,2.3958
2024-07-24,DE000BU2Z007,2.3539
2024-07-25,DE000BU2Z007,2.3396
2024-07-26,DE000BU2Z007,2.367
2024-07-29,DE000BU2Z007,2.2809
2024-07-30,DE000BU2Z007,2.2887
2024-07-31,DE000BU2Z007,2.2511
2024-08-01,DE000BU2Z007,2.2121
2024-08-02,DE000BU2Z007,2.1424
2024-08-05,DE000BU2Z007,2.0438
2024-08-06,DE000BU2Z007,2.0897
2024-08-07,DE000BU2Z007,2.1939
2024-08-08,DE000BU2Z007,2.1473
2024-08-09,DE000BU2Z007,2.1653
2024-08-12,DE000BU2Z007,2.1563
2024-08-13,DE000BU2Z007,2.1498
2024-08-14,DE000BU2Z007,2.1291
2024-08-15,DE000BU2Z007,2.1212
2024-08-16,DE000BU2Z007,2.1677
2024-08-19,DE000BU2Z007,2.1469
2024-08-20,DE000BU2Z007,2.165
2024-08-21,DE000BU2Z007,2.1417
2024-08-22,DE000BU2Z007,2.1454
2024-08-23,DE000BU2Z007,2.1804
2024-08-26,DE000BU2Z007,2.1596
2024-08-27,DE000BU2Z007,2.192
2024-08-28,DE000BU2Z007,2.1777
2024-08-29,DE000BU2Z007,2.1529
2024-08-30,DE000BU2Z007,2.1736
2024-09-02,DE000BU2Z007,2.2506
2024-09-03,DE000BU2Z007,2.248
2024-09-04,DE000BU2Z007,2.1683
2024-09-05,DE000BU2Z007,2.1448
2024-09-06,DE000BU2Z007,2.0851
2024-09-09,DE000BU2Z007,2.1499
2024-09-10,DE000BU2Z007,2.0798
2024-09-11,DE000BU2Z007,2.023
2024-09-12,DE000BU2Z007,2.046
2024-09-13,DE000BU2Z007,2.0446
2024-09-16,DE000BU2Z007,2.0639
2024-09-17,DE000BU2Z007,2.0148
2024-09-18,DE000BU2Z007,2.0832
2024-09-19,DE000BU2Z007,2.1142
2024-09-20,DE000BU2Z007,2.0856
2024-09-23,DE000BU2Z007,2.0673
2024-09-24,DE000BU2Z007,2.0919
2024-09-25,DE000BU2Z007,2.0529
2024-09-26,DE000BU2Z007,2.0424
2024-09-27,DE000BU2Z007,2.0267
2024-09-30,DE000BU2Z007,2.0604
2024-10-01,DE000BU2Z007,1.9633
2024-10-02,DE000BU2Z007,1.9851
2024-10-03,DE000BU2Z007,2.0353
2024-10-04,DE000BU2Z007,2.0691
2024-10-07,DE000BU2Z007,2.1631
2024-10-08,DE000BU2Z007,2.1631
2024-10-09,DE000BU2Z007,2.1408
2024-10-10,DE000BU2Z007,2.1853
2024-10-11,DE000BU2Z007,2.1958
2024-10-14,DE000BU2Z007,2.1774
2024-10-15,DE000BU2Z007,2.1471
2024-10-16,DE000BU2Z007,2.1089
2024-10-17,DE000BU2Z007,2.1258
2024-10-18,DE000BU2Z007,2.114
2024-10-21,DE000BU2Z007,2.1402
2024-10-22,DE000BU2Z007,2.2247
2024-10-23,DE000BU2Z007,2.2181
2024-10-24,DE000BU2Z007,2.1809
2024-10-25,DE000BU2Z007,2.1902
2024-10-28,DE000BU2Z007,2.1954
2024-10-29,DE000BU2Z007,2.2286
2024-10-30,DE000BU2Z007,2.2246
2024-10-31,DE000BU2Z007,2.3288
2024-11-01,DE000BU2Z007,2.3315
2024-11-04,DE000BU2Z007,2.3557
2024-11-05,DE000BU2Z007,2.345
2024-11-06,DE000BU2Z007,2.3087
2024-11-07,DE000BU2Z007,2.3977
2024-11-08,DE000BU2Z007,2.3007
2024-11-11,DE000BU2Z007,2.2404
2024-11-12,DE000BU2Z007,2.2283
2024-11-13,DE000BU2Z007,2.2967
2024-11-14,DE000BU2Z007,2.3047
2024-11-15,DE000BU2Z007,2.251
2024-11-18,DE000BU2Z007,2.3115
2024-11-19,DE000BU2Z007,2.2215
2024-11-20,DE000BU2Z007,2.2752
2024-11-21,DE000BU2Z007,2.2416
2024-11-22,DE000BU2Z007,2.16
2024-11-25,DE000BU2Z007,2.1693
2024-11-26,DE000BU2Z007,2.1267
2024-11-27,DE000BU2Z007,2.0683
2024-11-28,DE000BU2Z007,2.08
2024-11-29,DE000BU2Z007,2.0323
2024-12-02,DE000BU2Z007,1.9769
2024-12-03,DE000BU2Z007,1.9821
2024-12-04,DE000BU2Z007,2.0031
2024-12-05,DE000BU2Z007,1.9975
2024-12-06,DE000BU2Z007,2.0463
2024-12-09,DE000BU2Z007,2.0317
2024-12-10,DE000BU2Z007,2.0409
2024-12-11,DE000BU2Z007,2.0368
2024-12-12,DE000BU2Z007,2.0805
2024-12-13,DE000BU2Z007,2.1432
2024-12-16,DE000BU2Z007,2.1552
2024-12-17,DE000BU2Z007,2.1498
2024-12-18,DE000BU2Z007,2.1605
2024-12-19,DE000BU2Z007,2.1926
2024-12-20,DE000BU2Z007,2.2074
2024-12-23,DE000BU2Z007,2.2168
2024-12-27,DE000BU2Z007,2.2969
2024-12-30,DE000BU2Z007,2.2996
2025-01-02,DE000BU2Z007,2.2656
2025-01-03,DE000BU2Z007,2.2942
2025-01-06,DE000BU2Z007,2.3599
2025-01-07,DE000BU2Z007,2.3627
2025-01-08,DE000BU2Z007,2.3903
2025-01-09,DE000BU2Z007,2.4374
2025-01-10,DE000BU2Z007,2.4652
2025-01-13,DE000BU2Z007,2.5181
2025-01-14,DE000BU2Z007,2.521
2025-01-15,DE000BU2Z007,2.5281
2025-01-16,DE000BU2Z007,2.4641
2025-01-17,DE000BU2Z007,2.4225
2025-01-20,DE000BU2Z007,2.4309
2025-01-21,DE000BU2Z007,2.4032
2025-01-22,DE000BU2Z007,2.3977
2025-01-23,DE000BU2Z007,2.4325
2025-01-24,DE000BU2Z007,2.4716
2025-01-27,DE000BU2Z007,2.4187
2025-01-28,DE000BU2Z007,2.4452
2025-01-29,DE000BU2Z007,2.4272
2025-01-30,DE000BU2Z007,2.4148
2025-01-31,DE000BU2Z007,2.3607
2025-02-03,DE000BU2Z007,2.2861
2025-02-04,DE000BU2Z007,2.3082
2025-02-05,DE000BU2Z007,2.2394
2025-02-06,DE000BU2Z007,2.2669
2025-02-07,DE000BU2Z007,2.2531
2025-02-10,DE000BU2Z007,2.2641
2025-02-11,DE000BU2Z007,2.2876
2025-02-12,DE000BU2Z007,2.3388
2025-02-13,DE000BU2Z007,2.3568
2025-02-14,DE000BU2Z007,2.3152
2025-02-17,DE000BU2Z007,2.3847
2025-02-18,DE000BU2Z007,2.3945
2025-02-19,DE000BU2Z007,2.4099
2025-02-20,DE000BU2Z007,2.4366
2025-02-21,DE000BU2Z007,2.3862
2025-02-24,DE000BU2Z007,2.3583
2025-02-25,DE000BU2Z007,2.3514
2025-02-26,DE000BU2Z007,2.3165
2025-02-27,DE000BU2Z007,2.3221
2025-02-28,DE000BU2Z007,2.2624
2025-03-03,DE000BU2Z007,2.3277
2025-03-04,DE000BU2Z007,2.3291
2025-03-05,DE000BU2Z007,2.5459
2025-03-06,DE000BU2Z007,2.7295
2025-03-07,DE000BU2Z007,2.6936
2025-03-10,DE000BU2Z007,2.6707
2025-03-11,DE000BU2Z007,2.7313
2025-03-12,DE000BU2Z007,2.7691
2025-03-13,DE000BU2Z007,2.755
2025-03-14,DE000BU2Z007,2.7378
2025-03-17,DE000BU2Z007,2.6772
2025-03-18,DE000BU2Z007,2.7018
2025-03-19,DE000BU2Z007,2.6371
2025-03-20,DE000BU2Z007,2.6302
2025-03-21,DE000BU2Z007,2.6144
2025-03-24,DE000BU2Z007,2.6332
2025-03-25,DE000BU2Z007,2.6737
2025-03-26,DE000BU2Z007,2.6464
2025-03-27,DE000BU2Z007,2.6366
2025-03-28,DE000BU2Z007,2.5777
2025-03-31,DE000BU2Z007,2.5348
2025-04-01,DE000BU2Z007,2.5262
2025-04-02,DE000BU2Z007,2.5335
2025-04-03,DE000BU2Z007,2.4979
2025-04-04,DE000BU2Z007,2.3828
2025-04-07,DE000BU2Z007,2.2813
2025-04-08,DE000BU2Z007,2.451
2025-04-09,DE000BU2Z007,2.4112
2025-04-10,DE000BU2Z007,2.4754
2025-04-11,DE000BU2Z007,2.3786
2025-04-14,DE000BU2Z007,2.3829
2025-04-15,DE000BU2Z007,2.332
2025-04-16,DE000BU2Z007,2.3291
2025-04-17,DE000BU2Z007,2.3617
2025-04-22,DE000BU2Z007,2.274
2025-04-23,DE000BU2Z007,2.3009
2025-04-24,DE000BU2Z007,2.2853
2025-04-25,DE000BU2Z007,2.298
2025-04-28,DE000BU2Z007,2.3249
2025-04-29,DE000BU2Z007,2.3136
2025-04-30,DE000BU2Z007,2.2937
2025-05-02,DE000BU2Z007,2.288
2025-05-05,DE000BU2Z007,2.3434
2025-05-06,DE000BU2Z007,2.3662
2025-05-07,DE000BU2Z007,2.3491
2025-05-08,DE000BU2Z007,2.3221
2025-05-09,DE000BU2Z007,2.4035
2025-05-12,DE000BU2Z007,2.4625
2025-05-13,DE000BU2Z007,2.5058
2025-05-14,DE000BU2Z007,2.5074
2025-05-15,DE000BU2Z007,2.5104
2025-05-16,DE000BU2Z007,2.4109
2025-05-19,DE000BU2Z007,2.4729
2025-05-20,DE000BU2Z007,2.388
2025-05-21,DE000BU2Z007,2.4803
2025-05-22,DE000BU2Z007,2.4645
2025-05-23,DE000BU2Z007,2.4414
2025-05-26,DE000BU2Z007,2.4111
2025-05-27,DE000BU2Z007,2.3436
2025-05-28,DE000BU2Z007,2.3738
2025-05-29,DE000BU2Z007,2.3882
2025-05-30,DE000BU2Z007,2.3451
2025-06-02,DE000BU2Z007,2.3753
2025-06-03,DE000BU2Z007,2.3221
2025-06-04,DE000BU2Z007,2.3538
2025-06-05,DE000BU2Z007,2.3164
2025-06-06,DE000BU2Z007,2.3783
2025-06-09,DE000BU2Z007,2.3625
2025-06-10,DE000BU2Z007,2.3812
2025-06-11,DE000BU2Z007,2.3827
2025-06-12,DE000BU2Z007,2.338
2025-06-13,DE000BU2Z007,2.3308
2025-06-16,DE000BU2Z007,2.3973
2025-06-17,DE000BU2Z007,2.3872
2025-06-18,DE000BU2Z007,2.3858
2025-06-19,DE000BU2Z007,2.367
2025-06-20,DE000BU2Z007,2.3583
2025-06-23,DE000BU2Z007,2.383
2025-06-24,DE000BU2Z007,2.3743
2025-06-25,DE000BU2Z007,2.3714
2025-06-26,DE000BU2Z007,2.3846
2025-06-27,DE000BU2Z007,2.3919
2025-06-30,DE000BU2Z007,2.4021
2025-07-01,DE000BU2Z007,2.3759
2025-07-02,DE000BU2Z007,2.4226
2025-07-03,DE000BU2Z007,2.4168
2025-07-04,DE000BU2Z007,2.3629
2025-07-07,DE000BU2Z007,2.3994
2025-07-08,DE000BU2Z007,2.4785
2025-07-09,DE000BU2Z007,2.4609
2025-07-10,DE000BU2Z007,2.4552
2025-07-11,DE000BU2Z007,2.5068
2025-07-14,DE000BU2Z007,2.4965
2025-07-15,DE000BU2Z007,2.4716
2025-07-16,DE000BU2Z007,2.4937
2025-07-17,DE000BU2Z007,2.4703
2025-07-18,DE000BU2Z007,2.4763
2025-07-21,DE000BU2Z007,2.4248
2025-07-22,DE000BU2Z007,2.4057
2025-07-23,DE000BU2Z007,2.4014
2025-07-24,DE000BU2Z007,2.4412
2025-07-25,DE000BU2Z007,2.5404
2025-07-28,DE000BU2Z007,2.4782
2025-07-29,DE000BU2Z007,2.4886
2025-07-30,DE000BU2Z007,2.4798
2025-07-31,DE000BU2Z007,2.4903
2025-08-01,DE000BU2Z007,2.5067
2025-08-04,DE000BU2Z007,2.4756
2025-08-05,DE000BU2Z007,2.4195
2025-08-06,DE000BU2Z007,2.4358
2025-08-07,DE000BU2Z007,2.4211
2025-08-08,DE000BU2Z007,2.4941
2025-08-11,DE000BU2Z007,2.4745
2025-08-12,DE000BU2Z007,2.491
2025-08-13,DE000BU2Z007,2.4866
2025-08-14,DE000BU2Z007,2.4436
2025-08-15,DE000BU2Z007,2.5137
2025-08-18,DE000BU2Z007,2.5302
2025-08-19,DE000BU2Z007,2.5497
2025-08-20,DE000BU2Z007,2.5079
2025-08-21,DE000BU2Z007,2.5126
2025-08-22,DE000BU2Z007,2.5306
2025-08-25,DE000BU2Z007,2.5292
2025-08-26,DE000BU2Z007,2.5068
2025-08-27,DE000BU2Z007,2.4725
2025-08-28,DE000BU2Z007,2.4727
2025-08-29,DE000BU2Z007,2.4742
2025-09-01,DE000BU2Z007,2.5193
2025-09-02,DE000BU2Z007,2.5464
2025-09-03,DE000BU2Z007,2.5465
2025-09-04,DE000BU2Z007,2.4836
2025-09-05,DE000BU2Z007,2.4912
2025-09-08,DE000BU2Z007,2.4403
2025-09-09,DE000BU2Z007,2.4433
2025-09-10,DE000BU2Z007,2.4329
2025-09-11,DE000BU2Z007,2.454
2025-09-12,DE000BU2Z007,2.4916
2025-09-15,DE000BU2Z007,2.4812
2025-09-16,DE000BU2Z007,2.4857
2025-09-17,DE000BU2Z007,2.4753
2025-09-18,DE000BU2Z007,2.48
2025-09-19,DE000BU2Z007,2.5238
2025-09-22,DE000BU2Z007,2.5269
2025-09-23,DE000BU2Z007,2.5346
2025-09-24,DE000BU2Z007,2.5316
2025-09-25,DE000BU2Z007,2.5334
2025-09-26,DE000BU2Z007,2.5502
2025-09-29,DE000BU2Z007,2.5184
2025-09-30,DE000BU2Z007,2.5063
2025-10-01,DE000BU2Z007,2.5246
2025-10-02,DE000BU2Z007,2.5021
2025-10-03,DE000BU2Z007,2.5006
2025-10-06,DE000BU2Z007,2.5144
2025-10-07,DE000BU2Z007,2.5251
2025-10-08,DE000BU2Z007,2.4857
2025-10-09,DE000BU2Z007,2.4904
2025-10-10,DE000BU2Z007,2.4799
2025-10-13,DE000BU2Z007,2.43
2025-10-14,DE000BU2Z007,2.3892
2025-10-15,DE000BU2Z007,2.3817
2025-10-16,DE000BU2Z007,2.3607
2025-10-17,DE000BU2Z007,2.3352
2025-10-20,DE000BU2Z007,2.3819
2025-10-21,DE000BU2Z007,2.3653
2025-10-22,DE000BU2Z007,2.3443
2025-10-23,DE000BU2Z007,2.3775
2025-10-24,DE000BU2Z007,2.4169
2025-10-27,DE000BU2Z007,2.4337
2025-10-28,DE000BU2Z007,2.414
2025-10-29,DE000BU2Z007,2.4262
2025-10-30,DE000BU2Z007,2.4461
2025-10-31,DE000BU2Z007,2.4477
2025-11-03,DE000BU2Z007,2.4356
2025-11-04,DE000BU2Z007,2.4432
2025-11-05,DE000BU2Z007,2.4463
2025-11-06,DE000BU2Z007,2.4587
2025-11-07,DE000BU2Z007,2.4665
2025-11-10,DE000BU2Z007,2.468
2025-11-11,DE000BU2Z007,2.462
2025-11-12,DE000BU2Z007,2.4636
2025-11-13,DE000BU2Z007,2.4423
2025-11-14,DE000BU2Z007,2.5038
2025-11-17,DE000BU2Z007,2.5008
2025-11-18,DE000BU2Z007,2.4855
2025-11-19,DE000BU2Z007,2.4978
2025-11-20,DE000BU2Z007,2.5089
2025-11-21,DE000BU2Z007,2.4643
2025-11-24,DE000BU2Z007,2.4844
2025-11-25,DE000BU2Z007,2.486
2025-11-26,DE000BU2Z007,2.4722
2025-11-27,DE000BU2Z007,2.4832
2025-11-28,DE000BU2Z007,2.4863
2025-12-01,DE000BU2Z007,2.5189
2025-12-02,DE000BU2Z007,2.5531
2025-12-03,DE000BU2Z007,2.547
2025-12-04,DE000BU2Z007,2.5519
2025-12-05,DE000BU2Z007,2.5753
2025-12-08,DE000BU2Z007,2.6348
2025-12-09,DE000BU2Z007,2.66
2025-12-10,DE000BU2Z007,2.6916
2025-12-11,DE000BU2Z007,2.6637
2025-12-12,DE000BU2Z007,2.6654
2025-12-15,DE000BU2Z007,2.6514
2025-12-16,DE000BU2Z007,2.6516
2025-12-17,DE000BU2Z007,2.6438
2025-12-18,DE000BU2Z007,2.6426
2025-12-19,DE000BU2Z007,2.6759
2025-12-22,DE000BU2Z007,2.6918
2025-12-23,DE000BU2Z007,2.6657
2025-12-29,DE000BU2Z007,2.6517
2025-12-30,DE000BU2Z007,2.6457
2026-01-02,DE000BU2Z007,2.662
2026-01-05,DE000BU2Z007,2.6939
2026-01-06,DE000BU2Z007,2.6496
2026-01-07,DE000BU2Z007,2.5992
2026-01-08,DE000BU2Z007,2.6296
2026-01-09,DE000BU2Z007,2.6218
2026-01-12,DE000BU2Z007,2.6219
2026-01-13,DE000BU2Z007,2.6276
2026-01-14,DE000BU2Z007,2.6111
2026-01-15,DE000BU2Z007,2.5829
2026-01-16,DE000BU2Z007,2.5989
2026-01-19,DE000BU2Z007,2.5927
2026-01-20,DE000BU2Z007,2.634
2026-01-21,DE000BU2Z007,2.6119
2026-01-22,DE000BU2Z007,2.6218
2026-01-23,DE000BU2Z007,2.6602
2026-01-26,DE000BU2Z007,2.6444
2026-01-27,DE000BU2Z007,2.6413
2026-01-28,DE000BU2Z007,2.6064
2026-01-29,DE000BU2Z007,2.602
2026-01-30,DE000BU2Z007,2.5974
2026-02-02,DE000BU2Z007,2.5991
2026-02-03,DE000BU2Z007,2.6375
2026-02-04,DE000BU2Z007,2.628
2026-02-05,DE000BU2Z007,2.6156
2026-02-06,DE000BU2Z007,2.5711
2026-02-09,DE000BU2Z007,2.5999
2026-02-10,DE000BU2Z007,2.5729
2026-02-11,DE000BU2Z007,2.5475
2026-02-12,DE000BU2Z007,2.5478
2026-02-13,DE000BU2Z007,2.5288
2026-02-16,DE000BU2Z007,2.5161
2026-02-17,DE000BU2Z007,2.4891
2026-02-18,DE000BU2Z007,2.4971
2026-02-19,DE000BU2Z007,2.5132
2026-02-20,DE000BU2Z007,2.499
2026-02-23,DE000BU2Z007,2.4959
2026-02-24,DE000BU2Z007,2.4641
2026-02-25,DE000BU2Z007,2.4816
2026-02-26,DE000BU2Z007,2.4738
2026-02-27,DE000BU2Z007,2.4468
2026-03-02,DE000BU2Z007,2.431
2026-03-03,DE000BU2Z007,2.5748
2026-03-04,DE000BU2Z007,2.5252
2026-03-05,DE000BU2Z007,2.5639
2026-03-06,DE000BU2Z007,2.6398
2026-03-09,DE000BU2Z007,2.6982
2026-03-10,DE000BU2Z007,2.6319
2026-03-11,DE000BU2Z007,2.6855
2026-03-12,DE000BU2Z007,2.7299
2026-03-13,DE000BU2Z007,2.7365
2026-03-16,DE000BU2Z007,2.7465
2026-03-17,DE000BU2Z007,2.7156
2026-03-18,DE000BU2Z007,2.6783
2026-03-19,DE000BU2Z007,2.7817
2026-03-20,DE000BU2Z007,2.818
2026-03-23,DE000BU2Z007,2.9042
2026-03-24,DE000BU2Z007,2.8382
2026-03-25,DE000BU2Z007,2.807
2026-03-26,DE000BU2Z007,2.8522
2026-03-27,DE000BU2Z007,2.952
2026-03-30,DE000BU2Z007,2.9056
2026-03-31,DE000BU2Z007,2.8494
2026-04-01,DE000BU2Z007,2.7835
2026-04-02,DE000BU2Z007,2.8504
2026-04-07,DE000BU2Z007,2.8276
2026-04-08,DE000BU2Z007,2.727
2026-04-09,DE000BU2Z007,2.7985
2026-04-10,DE000BU2Z007,2.8351
2026-04-13,DE000BU2Z007,2.8769
2026-04-14,DE000BU2Z007,2.8605
2026-04-15,DE000BU2Z007,2.8324
2026-04-16,DE000BU2Z007,2.8213
2026-04-17,DE000BU2Z007,2.8215
2026-04-20,DE000BU2Z007,2.7818
2026-04-21,DE000BU2Z007,2.767
2026-04-22,DE000BU2Z007,2.8021
2026-04-23,DE000BU2Z007,2.8443
2026-04-24,DE000BU2Z007,2.8512
2026-04-27,DE000BU2Z007,2.8153
2026-04-28,DE000BU2Z007,2.8666
2026-04-29,DE000BU2Z007,2.8976
2026-04-30,DE000BU2Z007,2.9298
2026-05-04,DE000BU2Z007,2.8779
2026-05-05,DE000BU2Z007,2.8865
2026-05-06,DE000BU2Z007,2.8079
2026-05-07,DE000BU2Z007,2.8018
2026-05-08,DE000BU2Z007,2.8103
2026-05-11,DE000BU2Z007,2.839
2026-05-12,DE000BU2Z007,2.9032
2026-05-13,DE000BU2Z007,2.9101
2026-05-14,DE000BU2Z007,2.8973
2026-05-15,DE000BU2Z007,2.928
2026-05-18,DE000BU2Z007,2.9774
2026-05-19,DE000BU2Z007,2.9607
2026-05-20,DE000BU2Z007,2.9745
2026-05-21,DE000BU2Z007,2.8954
2026-05-22,DE000BU2Z007,2.877
2026-05-25,DE000BU2Z007,2.7694
2026-05-26,DE000BU2Z007,2.7948
2026-05-27,DE000BU2Z007,2.7697
2026-05-28,DE000BU2Z007,2.8157
2026-05-29,DE000BU2Z007,2.7687
2026-06-01,DE000BU2Z007,2.7992
2026-06-02,DE000BU2Z007,2.7741
2026-06-03,DE000BU2Z007,2.8351
2026-06-04,DE000BU2Z007,2.8543
2026-06-05,DE000BU2Z007,2.8427
2026-06-08,DE000BU2Z007,2.8921
2026-06-09,DE000BU2Z007,2.8668
2026-06-10,DE000BU2Z007,2.8722
2026-06-11,DE000BU2Z007,2.8847
2026-06-12,DE000BU2Z007,2.8016
2026-06-15,DE000BU2Z007,2.7663
2026-06-16,DE000BU2Z007,2.7495
2026-06-17,DE000BU2Z007,2.748
2026-06-18,DE000BU2Z007,2.7705
2026-06-19,DE000BU2Z007,2.7944
2026-06-22,DE000BU2Z007,2.7997
2026-06-23,DE000BU2Z007,2.7541
2026-06-24,DE000BU2Z007,2.7322
2026-06-25,DE000BU2Z007,2.7022
2026-06-26,DE000BU2Z007,2.6838
2026-06-29,DE000BU2Z007,2.689
2026-06-30,DE000BU2Z007,2.6739
2026-07-01,DE000BU2Z007,2.7079
2026-07-02,DE000BU2Z007,2.7372
2026-07-03,DE000BU2Z007,2.7476
2026-07-06,DE000BU2Z007,2.7444
2026-07-07,DE000BU2Z007,2.7991
2026-07-08,DE000BU2Z007,2.8937
2026-07-09,DE000BU2Z007,2.8995
2026-07-10,DE000BU2Z007,2.8653
2026-07-13,DE000BU2Z007,2.881
2026-07-14,DE000BU2Z007,2.9365
2026-07-15,DE000BU2Z007,2.9298
2026-07-16,DE000BU2Z007,2.9444
2026-07-17,DE000BU2Z007,2.9395
2026-07-20,DE000BU2Z007,2.9501
2026-07-21,DE000BU2Z007,2.9556
2026-07-22,DE000BU2Z007,2.9802
2026-07-23,DE000BU2Z007,3.0194
2026-07-24,DE000BU2Z007,3.0092
2026-07-27,DE000BU2Z007,2.9484
2026-07-28,DE000BU2Z007,2.9278
2026-07-29,DE000BU2Z007,2.9419
2026-07-30,DE000BU2Z007,2.9898
2026-07-31,DE000BU2Z007,2.9639
2026-08-03,DE000BU2Z007,2.9554
2026-08-04,DE000BU2Z007,2.9696
2026-08-05,DE000BU2Z007,2.9001
2026-08-06,DE000BU2Z007,2.92
2026-08-07,DE000BU2Z007,2.9464
2026-08-10,DE000BU2Z007,2.9379
2026-08-11,DE000BU2Z007,3.0048
2026-08-12,DE000BU2Z007,2.9612
2026-08-13,DE000BU2Z007,2.9515
2026-08-14,DE000BU2Z007,2.9587
2026-08-17,DE000BU2Z007,2.9994
2026-08-18,DE000BU2Z007,3.0438
2026-08-19,DE000BU2Z007,3.0582
2026-08-20,DE000BU2Z007,3.0609
2026-08-21,DE000BU2Z007,3.0329
2026-08-24,DE000BU2Z007,3.0385
2026-08-25,DE000BU2Z007,3.0476
2026-08-26,DE000BU2Z007,2.9931
2026-08-27,DE000BU2Z007,3.0453
2026-08-28,DE000BU2Z007,3.0651
2026-08-31,DE000BU2Z007,3.1135
2026-09-01,DE000BU2Z007,3.1621
2026-09-02,DE000BU2Z007,3.2001
2026-09-03,DE000BU2Z007,3.1724
2026-09-04,DE000BU2Z007,3.153
2026-09-07,DE000BU2Z007,3.1588
2026-09-08,DE000BU2Z007,3.2022
2026-09-09,DE000BU2Z007,3.2134
2026-09-10,DE000BU2Z007,3.2651
2026-09-11,DE000BU2Z007,3.3455
2026-09-14,DE000BU2Z007,3.3843
2026-09-15,DE000BU2Z007,3.4103
2026-09-16,DE000BU2Z007,3.4144
2026-09-17,DE000BU2Z007,3.3919
2026-09-18,DE000BU2Z007,3.3686
2026-09-21,DE000BU2Z007,3.3397
2026-09-22,DE000BU2Z007,3.32
2026-09-23,DE000BU2Z007,3.3424
2026-09-24,DE000BU2Z007,3.4447
2026-09-25,DE000BU2Z007,3.4489
2026-09-28,DE000BU2Z007,3.503
2026-09-29,DE000BU2Z007,3.4794
2026-09-30,DE000BU2Z007,3.4336
2026-10-01,DE000BU2Z007,3.4332
2025-01-08,DE000BU2Z049,2.5132
2025-01-09,DE000BU2Z049,2.5553
2025-01-10,DE000BU2Z049,2.5804
2025-01-13,DE000BU2Z049,2.6228
2025-01-14,DE000BU2Z049,2.6206
2025-01-15,DE000BU2Z049,2.6298
2025-01-16,DE000BU2Z049,2.5679
2025-01-17,DE000BU2Z049,2.528
2025-01-20,DE000BU2Z049,2.5371
2025-01-21,DE000BU2Z049,2.5075
2025-01-22,DE000BU2Z049,2.504
2025-01-23,DE000BU2Z049,2.5359
2025-01-24,DE000BU2Z049,2.5771
2025-01-27,DE000BU2Z049,2.52
2025-01-28,DE000BU2Z049,2.5496
2025-01-29,DE000BU2Z049,2.5371
2025-01-30,DE000BU2Z049,2.5245
2025-01-31,DE000BU2Z049,2.4766
2025-02-03,DE000BU2Z049,2.4008
2025-02-04,DE000BU2Z049,2.4222
2025-02-05,DE000BU2Z049,2.3501
2025-02-06,DE000BU2Z049,2.3724
2025-02-07,DE000BU2Z049,2.3611
2025-02-10,DE000BU2Z049,2.3757
2025-02-11,DE000BU2Z049,2.4005
2025-02-12,DE000BU2Z049,2.4503
2025-02-13,DE000BU2Z049,2.4628
2025-02-14,DE000BU2Z049,2.423
2025-02-17,DE000BU2Z049,2.4959
2025-02-18,DE000BU2Z049,2.5073
2025-02-19,DE000BU2Z049,2.5233
2025-02-20,DE000BU2Z049,2.5497
2025-02-21,DE000BU2Z049,2.5004
2025-02-24,DE000BU2Z049,2.4718
2025-02-25,DE000BU2Z049,2.4672
2025-02-26,DE000BU2Z049,2.4364
2025-02-27,DE000BU2Z049,2.4398
2025-02-28,DE000BU2Z049,2.3818
2025-03-03,DE000BU2Z049,2.4557
2025-03-04,DE000BU2Z049,2.4625
2025-03-05,DE000BU2Z049,2.681
2025-03-06,DE000BU2Z049,2.8654
2025-03-07,DE000BU2Z049,2.825
2025-03-10,DE000BU2Z049,2.8049
2025-03-11,DE000BU2Z049,2.874
2025-03-12,DE000BU2Z049,2.9184
2025-03-13,DE000BU2Z049,2.9019
2025-03-14,DE000BU2Z049,2.884
2025-03-17,DE000BU2Z049,2.822
2025-03-18,DE000BU2Z049,2.8436
2025-03-19,DE000BU2Z049,2.7794
2025-03-20,DE000BU2Z049,2.7678
2025-03-21,DE000BU2Z049,2.7572
2025-03-24,DE000BU2Z049,2.7762
2025-03-25,DE000BU2Z049,2.819
2025-03-26,DE000BU2Z049,2.7905
2025-03-27,DE000BU2Z049,2.786
2025-03-28,DE000BU2Z049,2.7303
2025-03-31,DE000BU2Z049,2.6879
2025-04-01,DE000BU2Z049,2.675
2025-04-02,DE000BU2Z049,2.6821
2025-04-03,DE000BU2Z049,2.6552
2025-04-04,DE000BU2Z049,2.5372
2025-04-07,DE000BU2Z049,2.4586
2025-04-08,DE000BU2Z049,2.6282
2025-04-09,DE000BU2Z049,2.6084
2025-04-10,DE000BU2Z049,2.6472
2025-04-11,DE000BU2Z049,2.5617
2025-04-14,DE000BU2Z049,2.5524
2025-04-15,DE000BU2Z049,2.5024
2025-04-16,DE000BU2Z049,2.4989
2025-04-17,DE000BU2Z049,2.5303
2025-04-22,DE000BU2Z049,2.4526
2025-04-23,DE000BU2Z049,2.4757
2025-04-24,DE000BU2Z049,2.4629
2025-04-25,DE000BU2Z049,2.4768
2025-04-28,DE000BU2Z049,2.5
2025-04-29,DE000BU2Z049,2.4896
2025-04-30,DE000BU2Z049,2.4605
2025-05-02,DE000BU2Z049,2.4605
2025-05-05,DE000BU2Z049,2.5128
2025-05-06,DE000BU2Z049,2.542
2025-05-07,DE000BU2Z049,2.5257
2025-05-08,DE000BU2Z049,2.5
2025-05-09,DE000BU2Z049,2.5796
2025-05-12,DE000BU2Z049,2.6292
2025-05-13,DE000BU2Z049,2.6754
2025-05-14,DE000BU2Z049,2.6684
2025-05-15,DE000BU2Z049,2.6756
2025-05-16,DE000BU2Z049,2.5739
2025-05-19,DE000BU2Z049,2.6495
2025-05-20,DE000BU2Z049,2.5645
2025-05-21,DE000BU2Z049,2.6651
2025-05-22,DE000BU2Z049,2.6438
2025-05-23,DE000BU2Z049,2.6236
2025-05-26,DE000BU2Z049,2.5964
2025-05-27,DE000BU2Z049,2.521
2025-05-28,DE000BU2Z049,2.554
2025-05-29,DE000BU2Z049,2.5682
2025-05-30,DE000BU2Z049,2.5269
2025-06-02,DE000BU2Z049,2.5517
2025-06-03,DE000BU2Z049,2.5011
2025-06-04,DE000BU2Z049,2.5364
2025-06-05,DE000BU2Z049,2.4894
2025-06-06,DE000BU2Z049,2.5458
2025-06-09,DE000BU2Z049,2.5258
2025-06-10,DE000BU2Z049,2.5447
2025-06-11,DE000BU2Z049,2.5459
2025-06-12,DE000BU2Z049,2.4999
2025-06-13,DE000BU2Z049,2.487
2025-06-16,DE000BU2Z049,2.5577
2025-06-17,DE000BU2Z049,2.5471
2025-06-18,DE000BU2Z049,2.5471
2025-06-19,DE000BU2Z049,2.5247
2025-06-20,DE000BU2Z049,2.5188
2025-06-23,DE000BU2Z049,2.5436
2025-06-24,DE000BU2Z049,2.5472
2025-06-25,DE000BU2Z049,2.5389
2025-06-26,DE000BU2Z049,2.5543
2025-06-27,DE000BU2Z049,2.5674
2025-06-30,DE000BU2Z049,2.5782
2025-07-01,DE000BU2Z049,2.5484
2025-07-02,DE000BU2Z049,2.5925
2025-07-03,DE000BU2Z049,2.5902
2025-07-04,DE000BU2Z049,2.5414
2025-07-07,DE000BU2Z049,2.5819
2025-07-08,DE000BU2Z049,2.6574
2025-07-09,DE000BU2Z049,2.6346
2025-07-10,DE000BU2Z049,2.6359
2025-07-11,DE000BU2Z049,2.6877
2025-07-14,DE000BU2Z049,2.6745
2025-07-15,DE000BU2Z049,2.6492
2025-07-16,DE000BU2Z049,2.6721
2025-07-17,DE000BU2Z049,2.6554
2025-07-18,DE000BU2Z049,2.6554
2025-07-21,DE000BU2Z049,2.6061
2025-07-22,DE000BU2Z049,2.587
2025-07-23,DE000BU2Z049,2.5834
2025-07-24,DE000BU2Z049,2.6219
2025-07-25,DE000BU2Z049,2.7151
2025-07-28,DE000BU2Z049,2.6521
2025-07-29,DE000BU2Z049,2.6594
2025-07-30,DE000BU2Z049,2.6462
2025-07-31,DE000BU2Z049,2.6523
2025-08-01,DE000BU2Z049,2.6705
2025-08-04,DE000BU2Z049,2.6476
2025-08-05,DE000BU2Z049,2.5849
2025-08-06,DE000BU2Z049,2.6006
2025-08-07,DE000BU2Z049,2.5874
2025-08-08,DE000BU2Z049,2.6091
2025-08-11,DE000BU2Z049,2.6394
2025-08-12,DE000BU2Z049,2.6564
2025-08-13,DE000BU2Z049,2.6576
2025-08-14,DE000BU2Z049,2.6178
2025-08-15,DE000BU2Z049,2.6931
2025-08-18,DE000BU2Z049,2.7114
2025-08-19,DE000BU2Z049,2.7311
2025-08-20,DE000BU2Z049,2.6883
2025-08-21,DE000BU2Z049,2.6909
2025-08-22,DE000BU2Z049,2.7081
2025-08-25,DE000BU2Z049,2.7118
2025-08-26,DE000BU2Z049,2.6911
2025-08-27,DE000BU2Z049,2.6534
2025-08-28,DE000BU2Z049,2.6596
2025-08-29,DE000BU2Z049,2.662
2025-09-01,DE000BU2Z049,2.7061
2025-09-02,DE000BU2Z049,2.7368
2025-09-03,DE000BU2Z049,2.7357
2025-09-04,DE000BU2Z049,2.666
2025-09-05,DE000BU2Z049,2.6697
2025-09-08,DE000BU2Z049,2.6185
2025-09-09,DE000BU2Z049,2.621
2025-09-10,DE000BU2Z049,2.604
2025-09-11,DE000BU2Z049,2.6199
2025-09-12,DE000BU2Z049,2.6566
2025-09-15,DE000BU2Z049,2.6444
2025-09-16,DE000BU2Z049,2.6444
2025-09-17,DE000BU2Z049,2.6371
2025-09-18,DE000BU2Z049,2.6422
2025-09-19,DE000BU2Z049,2.6925
2025-09-22,DE000BU2Z049,2.6975
2025-09-23,DE000BU2Z049,2.7049
2025-09-24,DE000BU2Z049,2.6988
2025-09-25,DE000BU2Z049,2.7014
2025-09-26,DE000BU2Z049,2.7151
2025-09-29,DE000BU2Z049,2.6818
2025-09-30,DE000BU2Z049,2.6684
2025-10-01,DE000BU2Z049,2.6906
2025-10-02,DE000BU2Z049,2.6649
2025-10-03,DE000BU2Z049,2.6612
2025-10-06,DE000BU2Z049,2.6785
2025-10-07,DE000BU2Z049,2.6921
2025-10-08,DE000BU2Z049,2.6515
2025-10-09,DE000BU2Z049,2.6541
2025-10-10,DE000BU2Z049,2.6418
2025-10-13,DE000BU2Z049,2.5965
2025-10-14,DE000BU2Z049,2.5549
2025-10-15,DE000BU2Z049,2.55
2025-10-16,DE000BU2Z049,2.5318
2025-10-17,DE000BU2Z049,2.5075
2025-10-20,DE000BU2Z049,2.5514
2025-10-21,DE000BU2Z049,2.5282
2025-10-22,DE000BU2Z049,2.5099
2025-10-23,DE000BU2Z049,2.5405
2025-10-24,DE000BU2Z049,2.5748
2025-10-27,DE000BU2Z049,2.5957
2025-10-28,DE000BU2Z049,2.5724
2025-10-29,DE000BU2Z049,2.5871
2025-10-30,DE000BU2Z049,2.6057
2025-10-31,DE000BU2Z049,2.6094
2025-11-03,DE000BU2Z049,2.5996
2025-11-04,DE000BU2Z049,2.607
2025-11-05,DE000BU2Z049,2.6145
2025-11-06,DE000BU2Z049,2.6245
2025-11-07,DE000BU2Z049,2.6344
2025-11-10,DE000BU2Z049,2.6357
2025-11-11,DE000BU2Z049,2.6295
2025-11-12,DE000BU2Z049,2.6283
2025-11-13,DE000BU2Z049,2.6049
2025-11-14,DE000BU2Z049,2.6695
2025-11-17,DE000BU2Z049,2.6658
2025-11-18,DE000BU2Z049,2.6534
2025-11-19,DE000BU2Z049,2.6684
2025-11-20,DE000BU2Z049,2.6823
2025-11-21,DE000BU2Z049,2.635
2025-11-24,DE000BU2Z049,2.65
2025-11-25,DE000BU2Z049,2.6513
2025-11-26,DE000BU2Z049,2.6351
2025-11-27,DE000BU2Z049,2.6427
2025-11-28,DE000BU2Z049,2.6478
2025-12-01,DE000BU2Z049,2.6853
2025-12-02,DE000BU2Z049,2.718
2025-12-03,DE000BU2Z049,2.7168
2025-12-04,DE000BU2Z049,2.717
2025-12-05,DE000BU2Z049,2.7384
2025-12-08,DE000BU2Z049,2.7967
2025-12-09,DE000BU2Z049,2.8183
2025-12-10,DE000BU2Z049,2.8477
2025-12-11,DE000BU2Z049,2.8251
2025-12-12,DE000BU2Z049,2.8226
2025-12-15,DE000BU2Z049,2.8125
2025-12-16,DE000BU2Z049,2.8164
2025-12-17,DE000BU2Z049,2.8114
2025-12-18,DE000BU2Z049,2.8143
2025-12-19,DE000BU2Z049,2.8501
2025-12-22,DE000BU2Z049,2.863
2025-12-23,DE000BU2Z049,2.8341
2025-12-29,DE000BU2Z049,2.8177
2025-12-30,DE000BU2Z049,2.8115
2026-01-02,DE000BU2Z049,2.8323
2026-01-05,DE000BU2Z049,2.8607
2026-01-06,DE000BU2Z049,2.8197
2026-01-07,DE000BU2Z049,2.7624
2026-01-08,DE000BU2Z049,2.7933
2026-01-09,DE000BU2Z049,2.7857
2026-01-12,DE000BU2Z049,2.7858
2026-01-13,DE000BU2Z049,2.7878
2026-01-14,DE000BU2Z049,2.7732
2026-01-15,DE000BU2Z049,2.7428
2026-01-16,DE000BU2Z049,2.7556
2026-01-19,DE000BU2Z049,2.7557
2026-01-20,DE000BU2Z049,2.807
2026-01-21,DE000BU2Z049,2.7853
2026-01-22,DE000BU2Z049,2.792
2026-01-23,DE000BU2Z049,2.8242
2026-01-26,DE000BU2Z049,2.8089
2026-01-27,DE000BU2Z049,2.8064
2026-01-28,DE000BU2Z049,2.7769
2026-01-29,DE000BU2Z049,2.7746
2026-01-30,DE000BU2Z049,2.7709
2026-02-02,DE000BU2Z049,2.7723
2026-02-03,DE000BU2Z049,2.8096
2026-02-04,DE000BU2Z049,2.8033
2026-02-05,DE000BU2Z049,2.7959
2026-02-06,DE000BU2Z049,2.7471
2026-02-09,DE000BU2Z049,2.7793
2026-02-10,DE000BU2Z049,2.7485
2026-02-11,DE000BU2Z049,2.723
2026-02-12,DE000BU2Z049,2.7181
2026-02-13,DE000BU2Z049,2.6963
2026-02-16,DE000BU2Z049,2.6874
2026-02-17,DE000BU2Z049,2.6556
2026-02-18,DE000BU2Z049,2.6633
2026-02-19,DE000BU2Z049,2.6787
2026-02-20,DE000BU2Z049,2.6608
2026-02-23,DE000BU2Z049,2.6596
2026-02-24,DE000BU2Z049,2.6277
2026-02-25,DE000BU2Z049,2.6443
2026-02-26,DE000BU2Z049,2.6355
2026-02-27,DE000BU2Z049,2.61
2026-03-02,DE000BU2Z049,2.5897
2026-03-03,DE000BU2Z049,2.724
2026-03-04,DE000BU2Z049,2.6894
2026-03-05,DE000BU2Z049,2.7178
2026-03-06,DE000BU2Z049,2.7902
2026-03-09,DE000BU2Z049,2.8228
2026-03-10,DE000BU2Z049,2.7839
2026-03-11,DE000BU2Z049,2.8308
2026-03-12,DE000BU2Z049,2.8702
2026-03-13,DE000BU2Z049,2.8899
2026-03-16,DE000BU2Z049,2.8992
2026-03-17,DE000BU2Z049,2.8639
2026-03-18,DE000BU2Z049,2.8196
2026-03-19,DE000BU2Z049,2.9129
2026-03-20,DE000BU2Z049,2.9354
2026-03-23,DE000BU2Z049,3.015
2026-03-24,DE000BU2Z049,2.9594
2026-03-25,DE000BU2Z049,2.9199
2026-03-26,DE000BU2Z049,2.9705
2026-03-27,DE000BU2Z049,3.0665
2026-03-30,DE000BU2Z049,3.0333
2026-03-31,DE000BU2Z049,2.9775
2026-04-01,DE000BU2Z049,2.8995
2026-04-02,DE000BU2Z049,2.9728
2026-04-07,DE000BU2Z049,2.9465
2026-04-08,DE000BU2Z049,2.8593
2026-04-09,DE000BU2Z049,2.935
2026-04-10,DE000BU2Z049,2.9736
2026-04-13,DE000BU2Z049,3.0111
2026-04-14,DE000BU2Z049,2.9952
2026-04-15,DE000BU2Z049,2.9673
2026-04-16,DE000BU2Z049,2.965
2026-04-17,DE000BU2Z049,2.9678
2026-04-20,DE000BU2Z049,2.928
2026-04-21,DE000BU2Z049,2.9082
2026-04-22,DE000BU2Z049,2.9402
2026-04-23,DE000BU2Z049,2.9712
2026-04-24,DE000BU2Z049,2.9767
2026-04-27,DE000BU2Z049,2.9497
2026-04-28,DE000BU2Z049,2.9997
2026-04-29,DE000BU2Z049,3.0231
2026-04-30,DE000BU2Z049,3.0515
2026-05-04,DE000BU2Z049,3.0018
2026-05-05,DE000BU2Z049,3.01
2026-05-06,DE000BU2Z049,2.9405
2026-05-07,DE000BU2Z049,2.9355
2026-05-08,DE000BU2Z049,2.9436
2026-05-11,DE000BU2Z049,2.9665
2026-05-12,DE000BU2Z049,3.0339
2026-05-13,DE000BU2Z049,3.0381
2026-05-14,DE000BU2Z049,3.0237
2026-05-15,DE000BU2Z049,3.0536
2026-05-18,DE000BU2Z049,3.1107
2026-05-19,DE000BU2Z049,3.0959
2026-05-20,DE000BU2Z049,3.1056
2026-05-21,DE000BU2Z049,3.022
2026-05-22,DE000BU2Z049,2.9978
2026-05-25,DE000BU2Z049,2.8891
2026-05-26,DE000BU2Z049,2.916
2026-05-27,DE000BU2Z049,2.896
2026-05-28,DE000BU2Z049,2.9393
2026-05-29,DE000BU2Z049,2.8924
2026-06-01,DE000BU2Z049,2.9234
2026-06-02,DE000BU2Z049,2.8966
2026-06-03,DE000BU2Z049,2.9545
2026-06-04,DE000BU2Z049,2.9738
2026-06-05,DE000BU2Z049,2.9672
2026-06-08,DE000BU2Z049,3.0093
2026-06-09,DE000BU2Z049,2.9905
2026-06-10,DE000BU2Z049,2.9947
2026-06-11,DE000BU2Z049,3.0073
2026-06-12,DE000BU2Z049,2.9222
2026-06-15,DE000BU2Z049,2.8913
2026-06-16,DE000BU2Z049,2.8726
2026-06-17,DE000BU2Z049,2.866
2026-06-18,DE000BU2Z049,2.8771
2026-06-19,DE000BU2Z049,2.9068
2026-06-22,DE000BU2Z049,2.9096
2026-06-23,DE000BU2Z049,2.8706
2026-06-24,DE000BU2Z049,2.8439
2026-06-25,DE000BU2Z049,2.8053
2026-06-26,DE000BU2Z049,2.7933
2026-06-29,DE000BU2Z049,2.7987
2026-06-30,DE000BU2Z049,2.7854
2026-07-01,DE000BU2Z049,2.8244
2026-07-02,DE000BU2Z049,2.8556
2026-07-03,DE000BU2Z049,2.8692
2026-07-06,DE000BU2Z049,2.8679
2026-07-07,DE000BU2Z049,2.9194
2026-07-08,DE000BU2Z049,3.0122
2026-07-09,DE000BU2Z049,3.0167
2026-07-10,DE000BU2Z049,2.9813
2026-07-13,DE000BU2Z049,2.9937
2026-07-14,DE000BU2Z049,3.0405
2026-07-15,DE000BU2Z049,3.0379
2026-07-16,DE000BU2Z049,3.0562
2026-07-17,DE000BU2Z049,3.0454
2026-07-20,DE000BU2Z049,3.0538
2026-07-21,DE000BU2Z049,3.0663
2026-07-22,DE000BU2Z049,3.0858
2026-07-23,DE000BU2Z049,3.121
2026-07-24,DE000BU2Z049,3.1114
2026-07-27,DE000BU2Z049,3.0563
2026-07-28,DE000BU2Z049,3.0344
2026-07-29,DE000BU2Z049,3.0483
2026-07-30,DE000BU2Z049,3.1
2026-07-31,DE000BU2Z049,3.0766
2026-08-03,DE000BU2Z049,3.0684
2026-08-04,DE000BU2Z049,3.0811
2026-08-05,DE000BU2Z049,3.0135
2026-08-06,DE000BU2Z049,3.0319
2026-08-07,DE000BU2Z049,3.0639
2026-08-10,DE000BU2Z049,3.053
2026-08-11,DE000BU2Z049,3.1184
2026-08-12,DE000BU2Z049,3.0741
2026-08-13,DE000BU2Z049,3.069
2026-08-14,DE000BU2Z049,3.0775
2026-08-17,DE000BU2Z049,3.1195
2026-08-18,DE000BU2Z049,3.1701
2026-08-19,DE000BU2Z049,3.1801
2026-08-20,DE000BU2Z049,3.1737
2026-08-21,DE000BU2Z049,3.1584
2026-08-24,DE000BU2Z049,3.1586
2026-08-25,DE000BU2Z049,3.163
2026-08-26,DE000BU2Z049,3.1155
2026-08-27,DE000BU2Z049,3.1624
2026-08-28,DE000BU2Z049,3.1837
2026-08-31,DE000BU2Z049,3.2291
2026-09-01,DE000BU2Z049,3.2775
2026-09-02,DE000BU2Z049,3.312
2026-09-03,DE000BU2Z049,3.2813
2026-09-04,DE000BU2Z049,3.2659
2026-09-07,DE000BU2Z049,3.2718
2026-09-08,DE000BU2Z049,3.3105
2026-09-09,DE000BU2Z049,3.3136
2026-09-10,DE000BU2Z049,3.3717
2026-09-11,DE000BU2Z049,3.4383
2026-09-14,DE000BU2Z049,3.4676
2026-09-15,DE000BU2Z049,3.4926
2026-09-16,DE000BU2Z049,3.4972
2026-09-17,DE000BU2Z049,3.4661
2026-09-18,DE000BU2Z049,3.4403
2026-09-21,DE000BU2Z049,3.4073
2026-09-22,DE000BU2Z049,3.3902
2026-09-23,DE000BU2Z049,3.4064
2026-09-24,DE000BU2Z049,3.5236
2026-09-25,DE000BU2Z049,3.521
2026-09-28,DE000BU2Z049,3.5785
2026-09-29,DE000BU2Z049,3.5612
2026-09-30,DE000BU2Z049,3.519
2026-10-01,DE000BU2Z049,3.5316
2024-04-30,DE000BU35025,2.5635
2024-05-02,DE000BU35025,2.5622
2024-05-03,DE000BU35025,2.5512
2024-05-06,DE000BU35025,2.4612
2024-05-07,DE000BU35025,2.457
2024-05-08,DE000BU35025,2.4638
2024-05-09,DE000BU35025,2.524
2024-05-10,DE000BU35025,2.4952
2024-05-13,DE000BU35025,2.5399
2024-05-14,DE000BU35025,2.518
2024-05-15,DE000BU35025,2.5093
2024-05-16,DE000BU35025,2.459
2024-05-17,DE000BU35025,2.51
2024-05-20,DE000BU35025,2.5504
2024-05-21,DE000BU35025,2.5462
2024-05-22,DE000BU35025,2.5732
2024-05-23,DE000BU35025,2.6053
2024-05-24,DE000BU35025,2.6344
2024-05-27,DE000BU35025,2.6485
2024-05-28,DE000BU35025,2.6083
2024-05-29,DE000BU35025,2.6535
2024-05-30,DE000BU35025,2.7018
2024-05-31,DE000BU35025,2.738
2024-06-03,DE000BU35025,2.6753
2024-06-04,DE000BU35025,2.59
2024-06-05,DE000BU35025,2.5835
2024-06-06,DE000BU35025,2.5752
2024-06-07,DE000BU35025,2.6271
2024-06-10,DE000BU35025,2.6843
2024-06-11,DE000BU35025,2.6869
2024-06-12,DE000BU35025,2.6305
2024-06-13,DE000BU35025,2.577
2024-06-14,DE000BU35025,2.3881
2024-06-17,DE000BU35025,2.4041
2024-06-18,DE000BU35025,2.4334
2024-06-19,DE000BU35025,2.4044
2024-06-20,DE000BU35025,2.4567
2024-06-21,DE000BU35025,2.369
2024-06-24,DE000BU35025,2.4052
2024-06-25,DE000BU35025,2.4234
2024-06-26,DE000BU35025,2.4394
2024-06-27,DE000BU35025,2.4603
2024-06-28,DE000BU35025,2.4512
2024-07-01,DE000BU35025,2.5652
2024-07-02,DE000BU35025,2.5654
2024-07-03,DE000BU35025,2.5931
2024-07-04,DE000BU35025,2.5733
2024-07-05,DE000BU35025,2.571
2024-07-08,DE000BU35025,2.5464
2024-07-09,DE000BU35025,2.5375
2024-07-10,DE000BU35025,2.5194
2024-07-11,DE000BU35025,2.5293
2024-07-12,DE000BU35025,2.4722
2024-07-15,DE000BU35025,2.4406
2024-07-16,DE000BU35025,2.4021
2024-07-17,DE000BU35025,2.3818
2024-07-18,DE000BU35025,2.4119
2024-07-19,DE000BU35025,2.3754
2024-07-22,DE000BU35025,2.4442
2024-07-23,DE000BU35025,2.4261
2024-07-24,DE000BU35025,2.3737
2024-07-25,DE000BU35025,2.3331
2024-07-26,DE000BU35025,2.3696
2024-07-29,DE000BU35025,2.2854
2024-07-30,DE000BU35025,2.2969
2024-07-31,DE000BU35025,2.2469
2024-08-01,DE000BU35025,2.2153
2024-08-02,DE000BU35025,2.1381
2024-08-05,DE000BU35025,2.0138
2024-08-06,DE000BU35025,2.0702
2024-08-07,DE000BU35025,2.1837
2024-08-08,DE000BU35025,2.1042
2024-08-09,DE000BU35025,2.1406
2024-08-12,DE000BU35025,2.1338
2024-08-13,DE000BU35025,2.1224
2024-08-14,DE000BU35025,2.1019
2024-08-15,DE000BU35025,2.0997
2024-08-16,DE000BU35025,2.1682
2024-08-19,DE000BU35025,2.1453
2024-08-20,DE000BU35025,2.1637
2024-08-21,DE000BU35025,2.134
2024-08-22,DE000BU35025,2.134
2024-08-23,DE000BU35025,2.1685
2024-08-26,DE000BU35025,2.1409
2024-08-27,DE000BU35025,2.1686
2024-08-28,DE000BU35025,2.1617
2024-08-29,DE000BU35025,2.125
2024-08-30,DE000BU35025,2.1457
2024-09-02,DE000BU35025,2.215
2024-09-03,DE000BU35025,2.2174
2024-09-04,DE000BU35025,2.132
2024-09-05,DE000BU35025,2.1089
2024-09-06,DE000BU35025,2.0559
2024-09-09,DE000BU35025,2.102
2024-09-10,DE000BU35025,2.0352
2024-09-11,DE000BU35025,1.9662
2024-09-12,DE000BU35025,1.9936
2024-09-13,DE000BU35025,2.0004
2024-09-16,DE000BU35025,2.0165
2024-09-17,DE000BU35025,1.9773
2024-09-18,DE000BU35025,2.0442
2024-09-19,DE000BU35025,2.0649
2024-09-20,DE000BU35025,2.0278
2024-09-23,DE000BU35025,1.9954
2024-09-24,DE000BU35025,1.9999
2024-09-25,DE000BU35025,1.9605
2024-09-26,DE000BU35025,1.9441
2024-09-27,DE000BU35025,1.9463
2024-09-30,DE000BU35025,1.9787
2024-10-01,DE000BU35025,1.8814
2024-10-02,DE000BU35025,1.8974
2024-10-03,DE000BU35025,1.9389
2024-10-04,DE000BU35025,1.9807
2024-10-07,DE000BU35025,2.1069
2024-10-08,DE000BU35025,2.0928
2024-10-09,DE000BU35025,2.0811
2024-10-10,DE000BU35025,2.1258
2024-10-11,DE000BU35025,2.1187
2024-10-14,DE000BU35025,2.107
2024-10-15,DE000BU35025,2.0834
2024-10-16,DE000BU35025,2.0434
2024-10-17,DE000BU35025,2.0575
2024-10-18,DE000BU35025,2.0198
2024-10-21,DE000BU35025,2.0386
2024-10-22,DE000BU35025,2.1142
2024-10-23,DE000BU35025,2.0929
2024-10-24,DE000BU35025,2.0526
2024-10-25,DE000BU35025,2.0668
2024-10-28,DE000BU35025,2.0739
2024-10-29,DE000BU35025,2.1072
2024-10-30,DE000BU35025,2.1214
2024-10-31,DE000BU35025,2.2483
2024-11-01,DE000BU35025,2.2436
2024-11-04,DE000BU35025,2.2709
2024-11-05,DE000BU35025,2.2486
2024-11-06,DE000BU35025,2.1743
2024-11-07,DE000BU35025,2.2321
2024-11-08,DE000BU35025,2.1769
2024-11-11,DE000BU35025,2.1289
2024-11-12,DE000BU35025,2.1097
2024-11-13,DE000BU35025,2.1674
2024-11-14,DE000BU35025,2.1651
2024-11-15,DE000BU35025,2.1098
2024-11-18,DE000BU35025,2.187
2024-11-19,DE000BU35025,2.093
2024-11-20,DE000BU35025,2.1509
2024-11-21,DE000BU35025,2.1147
2024-11-22,DE000BU35025,2.0208
2024-11-25,DE000BU35025,2.0424
2024-11-26,DE000BU35025,2.0111
2024-11-27,DE000BU35025,1.9702
2024-11-28,DE000BU35025,1.9844
2024-11-29,DE000BU35025,1.9458
2024-12-02,DE000BU35025,1.8737
2024-12-03,DE000BU35025,1.8784
2024-12-04,DE000BU35025,1.9071
2024-12-05,DE000BU35025,1.9164
2024-12-06,DE000BU35025,1.9718
2024-12-09,DE000BU35025,1.9452
2024-12-10,DE000BU35025,1.9354
2024-12-11,DE000BU35025,1.9232
2024-12-12,DE000BU35025,1.9545
2024-12-13,DE000BU35025,2.0176
2024-12-16,DE000BU35025,2.0297
2024-12-17,DE000BU35025,2.0248
2024-12-18,DE000BU35025,2.0296
2024-12-19,DE000BU35025,2.0589
2024-12-20,DE000BU35025,2.0467
2024-12-23,DE000BU35025,2.0613
2024-12-27,DE000BU35025,2.1328
2024-12-30,DE000BU35025,2.1328
2025-01-02,DE000BU35025,2.0958
2025-01-03,DE000BU35025,2.1404
2025-01-06,DE000BU35025,2.2101
2025-01-07,DE000BU35025,2.2102
2025-01-08,DE000BU35025,2.2278
2025-01-09,DE000BU35025,2.2656
2025-01-10,DE000BU35025,2.3034
2025-01-13,DE000BU35025,2.364
2025-01-14,DE000BU35025,2.3515
2025-01-15,DE000BU35025,2.3694
2025-01-16,DE000BU35025,2.3093
2025-01-17,DE000BU35025,2.2691
2025-01-20,DE000BU35025,2.2743
2025-01-21,DE000BU35025,2.2618
2025-01-22,DE000BU35025,2.2493
2025-01-23,DE000BU35025,2.2875
2025-01-24,DE000BU35025,2.3206
2025-01-27,DE000BU35025,2.2751
2025-01-28,DE000BU35025,2.3057
2025-01-29,DE000BU35025,2.2805
2025-01-30,DE000BU35025,2.2707
2025-01-31,DE000BU35025,2.1896
2025-02-03,DE000BU35025,2.1113
2025-02-04,DE000BU35025,2.1316
2025-02-05,DE000BU35025,2.0634
2025-02-06,DE000BU35025,2.114
2025-02-07,DE000BU35025,2.0938
2025-02-10,DE000BU35025,2.0963
2025-02-11,DE000BU35025,2.1115
2025-02-12,DE000BU35025,2.1649
2025-02-13,DE000BU35025,2.1932
2025-02-14,DE000BU35025,2.1499
2025-02-17,DE000BU35025,2.2087
2025-02-18,DE000BU35025,2.2139
2025-02-19,DE000BU35025,2.2191
2025-02-20,DE000BU35025,2.2502
2025-02-21,DE000BU35025,2.2015
2025-02-24,DE000BU35025,2.1682
2025-02-25,DE000BU35025,2.1452
2025-02-26,DE000BU35025,2.1247
2025-02-27,DE000BU35025,2.1248
2025-02-28,DE000BU35025,2.0607
2025-03-03,DE000BU35025,2.1043
2025-03-04,DE000BU35025,2.0864
2025-03-05,DE000BU35025,2.2774
2025-03-06,DE000BU35025,2.4186
2025-03-07,DE000BU35025,2.4032
2025-03-10,DE000BU35025,2.3694
2025-03-11,DE000BU35025,2.401
2025-03-12,DE000BU35025,2.43
2025-03-13,DE000BU35025,2.415
2025-03-14,DE000BU35025,2.3863
2025-03-17,DE000BU35025,2.3524
2025-03-18,DE000BU35025,2.3788
2025-03-19,DE000BU35025,2.3291
2025-03-20,DE000BU35025,2.327
2025-03-21,DE000BU35025,2.2983
2025-03-24,DE000BU35025,2.3037
2025-03-25,DE000BU35025,2.3328
2025-03-26,DE000BU35025,2.3066
2025-03-27,DE000BU35025,2.286
2025-03-28,DE000BU35025,2.2256
2025-03-31,DE000BU35025,2.1705
2025-04-01,DE000BU35025,2.1863
2025-04-02,DE000BU35025,2.1838
2025-04-03,DE000BU35025,2.134
2025-04-04,DE000BU35025,2.0291
2025-04-07,DE000BU35025,1.8674
2025-04-08,DE000BU35025,2.0527
2025-04-09,DE000BU35025,1.9584
2025-04-10,DE000BU35025,2.0684
2025-04-11,DE000BU35025,1.9685
2025-04-14,DE000BU35025,1.9815
2025-04-15,DE000BU35025,1.9473
2025-04-16,DE000BU35025,1.9288
2025-04-17,DE000BU35025,1.9836
2025-04-22,DE000BU35025,1.8598
2025-04-23,DE000BU35025,1.9069
2025-04-24,DE000BU35025,1.888
2025-04-25,DE000BU35025,1.9063
2025-04-28,DE000BU35025,1.9326
2025-04-29,DE000BU35025,1.9138
2025-04-30,DE000BU35025,1.9028
2025-05-02,DE000BU35025,1.9027
2025-05-05,DE000BU35025,1.953
2025-05-06,DE000BU35025,1.9582
2025-05-07,DE000BU35025,1.9527
2025-05-08,DE000BU35025,1.9284
2025-05-09,DE000BU35025,1.9977
2025-05-12,DE000BU35025,2.0807
2025-05-13,DE000BU35025,2.1211
2025-05-14,DE000BU35025,2.1238
2025-05-15,DE000BU35025,2.1211
2025-05-16,DE000BU35025,2.0428
2025-05-19,DE000BU35025,2.0724
2025-05-20,DE000BU35025,2.005
2025-05-21,DE000BU35025,2.0751
2025-05-22,DE000BU35025,2.0452
2025-05-23,DE000BU35025,2.0398
2025-05-26,DE000BU35025,2.0019
2025-05-27,DE000BU35025,1.9613
2025-05-28,DE000BU35025,1.9882
2025-05-29,DE000BU35025,2.0096
2025-05-30,DE000BU35025,1.977
2025-06-02,DE000BU35025,1.9905
2025-06-03,DE000BU35025,1.9551
2025-06-04,DE000BU35025,1.9767
2025-06-05,DE000BU35025,1.9656
2025-06-06,DE000BU35025,2.0281
2025-06-09,DE000BU35025,2.0199
2025-06-10,DE000BU35025,2.0335
2025-06-11,DE000BU35025,2.0334
2025-06-12,DE000BU35025,1.9894
2025-06-13,DE000BU35025,1.9976
2025-06-16,DE000BU35025,2.0469
2025-06-17,DE000BU35025,2.0331
2025-06-18,DE000BU35025,2.0275
2025-06-19,DE000BU35025,2.0163
2025-06-20,DE000BU35025,2.0053
2025-06-23,DE000BU35025,2.0355
2025-06-24,DE000BU35025,2.0051
2025-06-25,DE000BU35025,2.005
2025-06-26,DE000BU35025,2.0048
2025-06-27,DE000BU35025,2.013
2025-06-30,DE000BU35025,2.024
2025-07-01,DE000BU35025,1.9991
2025-07-02,DE000BU35025,2.0378
2025-07-03,DE000BU35025,2.0293
2025-07-04,DE000BU35025,1.9792
2025-07-07,DE000BU35025,2.0014
2025-07-08,DE000BU35025,2.0765
2025-07-09,DE000BU35025,2.0625
2025-07-10,DE000BU35025,2.0568
2025-07-11,DE000BU35025,2.1044
2025-07-14,DE000BU35025,2.082
2025-07-15,DE000BU35025,2.0567
2025-07-16,DE000BU35025,2.0735
2025-07-17,DE000BU35025,2.0481
2025-07-18,DE000BU35025,2.0622
2025-07-21,DE000BU35025,2.0143
2025-07-22,DE000BU35025,1.9974
2025-07-23,DE000BU35025,2.0001
2025-07-24,DE000BU35025,2.0394
2025-07-25,DE000BU35025,2.1441
2025-07-28,DE000BU35025,2.0959
2025-07-29,DE000BU35025,2.1044
2025-07-30,DE000BU35025,2.1101
2025-07-31,DE000BU35025,2.13
2025-08-01,DE000BU35025,2.13
2025-08-04,DE000BU35025,2.0901
2025-08-05,DE000BU35025,2.0588
2025-08-06,DE000BU35025,2.0616
2025-08-07,DE000BU35025,2.0558
2025-08-08,DE000BU35025,2.0929
2025-08-11,DE000BU35025,2.1043
2025-08-12,DE000BU35025,2.1187
2025-08-13,DE000BU35025,2.1043
2025-08-14,DE000BU35025,2.0727
2025-08-15,DE000BU35025,2.1158
2025-08-18,DE000BU35025,2.1302
2025-08-19,DE000BU35025,2.1447
2025-08-20,DE000BU35025,2.1072
2025-08-21,DE000BU35025,2.1245
2025-08-22,DE000BU35025,2.139
2025-08-25,DE000BU35025,2.1275
2025-08-26,DE000BU35025,2.0956
2025-08-27,DE000BU35025,2.0783
2025-08-28,DE000BU35025,2.0753
2025-08-29,DE000BU35025,2.0811
2025-09-01,DE000BU35025,2.113
2025-09-02,DE000BU35025,2.1334
2025-09-03,DE000BU35025,2.1218
2025-09-04,DE000BU35025,2.0955
2025-09-05,DE000BU35025,2.0955
2025-09-08,DE000BU35025,2.0547
2025-09-09,DE000BU35025,2.0605
2025-09-10,DE000BU35025,2.0604
2025-09-11,DE000BU35025,2.0911
2025-09-12,DE000BU35025,2.1454
2025-09-15,DE000BU35025,2.1249
2025-09-16,DE000BU35025,2.1367
2025-09-17,DE000BU35025,2.122
2025-09-18,DE000BU35025,2.125
2025-09-19,DE000BU35025,2.1545
2025-09-22,DE000BU35025,2.1486
2025-09-23,DE000BU35025,2.1546
2025-09-24,DE000BU35025,2.1576
2025-09-25,DE000BU35025,2.1607
2025-09-26,DE000BU35025,2.1756
2025-09-29,DE000BU35025,2.1519
2025-09-30,DE000BU35025,2.1489
2025-10-01,DE000BU35025,2.1609
2025-10-02,DE000BU35025,2.1461
2025-10-03,DE000BU35025,2.1461
2025-10-06,DE000BU35025,2.1402
2025-10-07,DE000BU35025,2.1432
2025-10-08,DE000BU35025,2.1223
2025-10-09,DE000BU35025,2.1223
2025-10-10,DE000BU35025,2.1194
2025-10-13,DE000BU35025,2.0714
2025-10-14,DE000BU35025,2.0294
2025-10-15,DE000BU35025,2.0324
2025-10-16,DE000BU35025,2.0172
2025-10-17,DE000BU35025,1.9812
2025-10-20,DE000BU35025,2.0201
2025-10-21,DE000BU35025,2.011
2025-10-22,DE000BU35025,1.9959
2025-10-23,DE000BU35025,2.0198
2025-10-24,DE000BU35025,2.0681
2025-10-27,DE000BU35025,2.0772
2025-10-28,DE000BU35025,2.0681
2025-10-29,DE000BU35025,2.0741
2025-10-30,DE000BU35025,2.0984
2025-10-31,DE000BU35025,2.0892
2025-11-03,DE000BU35025,2.0831
2025-11-04,DE000BU35025,2.0847
2025-11-05,DE000BU35025,2.0892
2025-11-06,DE000BU35025,2.1045
2025-11-07,DE000BU35025,2.1076
2025-11-10,DE000BU35025,2.1076
2025-11-11,DE000BU35025,2.1076
2025-11-12,DE000BU35025,2.1137
2025-11-13,DE000BU35025,2.1045
2025-11-14,DE000BU35025,2.1384
2025-11-17,DE000BU35025,2.1354
2025-11-18,DE000BU35025,2.12
2025-11-19,DE000BU35025,2.1231
2025-11-20,DE000BU35025,2.1356
2025-11-21,DE000BU35025,2.0953
2025-11-24,DE000BU35025,2.1139
2025-11-25,DE000BU35025,2.1201
2025-11-26,DE000BU35025,2.1139
2025-11-27,DE000BU35025,2.1296
2025-11-28,DE000BU35025,2.1327
2025-12-01,DE000BU35025,2.1546
2025-12-02,DE000BU35025,2.1828
2025-12-03,DE000BU35025,2.1734
2025-12-04,DE000BU35025,2.183
2025-12-05,DE000BU35025,2.1988
2025-12-08,DE000BU35025,2.2524
2025-12-09,DE000BU35025,2.2904
2025-12-10,DE000BU35025,2.3191
2025-12-11,DE000BU35025,2.3006
2025-12-12,DE000BU35025,2.2992
2025-12-15,DE000BU35025,2.2851
2025-12-16,DE000BU35025,2.282
2025-12-17,DE000BU35025,2.2727
2025-12-18,DE000BU35025,2.2635
2025-12-19,DE000BU35025,2.2828
2025-12-22,DE000BU35025,2.2989
2025-12-23,DE000BU35025,2.2805
2025-12-29,DE000BU35025,2.2776
2025-12-30,DE000BU35025,2.2651
2026-01-02,DE000BU35025,2.2689
2026-01-05,DE000BU35025,2.2949
2026-01-06,DE000BU35025,2.2595
2026-01-07,DE000BU35025,2.2274
2026-01-08,DE000BU35025,2.2406
2026-01-09,DE000BU35025,2.244
2026-01-12,DE000BU35025,2.2409
2026-01-13,DE000BU35025,2.2507
2026-01-14,DE000BU35025,2.2282
2026-01-15,DE000BU35025,2.2123
2026-01-16,DE000BU35025,2.2319
2026-01-19,DE000BU35025,2.2027
2026-01-20,DE000BU35025,2.2223
2026-01-21,DE000BU35025,2.2029
2026-01-22,DE000BU35025,2.2326
2026-01-23,DE000BU35025,2.2688
2026-01-26,DE000BU35025,2.2525
2026-01-27,DE000BU35025,2.2494
2026-01-28,DE000BU35025,2.2101
2026-01-29,DE000BU35025,2.2039
2026-01-30,DE000BU35025,2.2007
2026-02-02,DE000BU35025,2.2008
2026-02-03,DE000BU35025,2.2352
2026-02-04,DE000BU35025,2.2175
2026-02-05,DE000BU35025,2.2046
2026-02-06,DE000BU35025,2.1749
2026-02-09,DE000BU35025,2.1981
2026-02-10,DE000BU35025,2.1784
2026-02-11,DE000BU35025,2.1586
2026-02-12,DE000BU35025,2.1687
2026-02-13,DE000BU35025,2.1489
2026-02-16,DE000BU35025,2.1389
2026-02-17,DE000BU35025,2.1157
2026-02-18,DE000BU35025,2.1224
2026-02-19,DE000BU35025,2.1425
2026-02-20,DE000BU35025,2.1326
2026-02-23,DE000BU35025,2.1293
2026-02-24,DE000BU35025,2.1059
2026-02-25,DE000BU35025,2.1193
2026-02-26,DE000BU35025,2.116
2026-02-27,DE000BU35025,2.0926
2026-03-02,DE000BU35025,2.0926
2026-03-03,DE000BU35025,2.2442
2026-03-04,DE000BU35025,2.2342
2026-03-05,DE000BU35025,2.2482
2026-03-06,DE000BU35025,2.3367
2026-03-09,DE000BU35025,2.4463
2026-03-10,DE000BU35025,2.3235
2026-03-11,DE000BU35025,2.3921
2026-03-12,DE000BU35025,2.4341
2026-03-13,DE000BU35025,2.4448
2026-03-16,DE000BU35025,2.4503
2026-03-17,DE000BU35025,2.4299
2026-03-18,DE000BU35025,2.4095
2026-03-19,DE000BU35025,2.5455
2026-03-20,DE000BU35025,2.6452
2026-03-23,DE000BU35025,2.7402
2026-03-24,DE000BU35025,2.6148
2026-03-25,DE000BU35025,2.6257
2026-03-26,DE000BU35025,2.664
2026-03-27,DE000BU35025,2.7508
2026-03-30,DE000BU35025,2.6915
2026-03-31,DE000BU35025,2.6322
2026-04-01,DE000BU35025,2.5782
2026-04-02,DE000BU35025,2.6382
2026-04-07,DE000BU35025,2.6367
2026-04-08,DE000BU35025,2.4991
2026-04-09,DE000BU35025,2.5642
2026-04-10,DE000BU35025,2.5766
2026-04-13,DE000BU35025,2.6314
2026-04-14,DE000BU35025,2.6105
2026-04-15,DE000BU35025,2.5611
2026-04-16,DE000BU35025,2.5409
2026-04-17,DE000BU35025,2.5413
2026-04-20,DE000BU35025,2.4918
2026-04-21,DE000BU35025,2.4921
2026-04-22,DE000BU35025,2.5406
2026-04-23,DE000BU35025,2.5987
2026-04-24,DE000BU35025,2.6103
2026-04-27,DE000BU35025,2.5622
2026-04-28,DE000BU35025,2.631
2026-04-29,DE000BU35025,2.6853
2026-04-30,DE000BU35025,2.7257
2026-05-04,DE000BU35025,2.6736
2026-05-05,DE000BU35025,2.685
2026-05-06,DE000BU35025,2.5839
2026-05-07,DE000BU35025,2.5634
2026-05-08,DE000BU35025,2.5729
2026-05-11,DE000BU35025,2.6184
2026-05-12,DE000BU35025,2.6867
2026-05-13,DE000BU35025,2.6836
2026-05-14,DE000BU35025,2.6741
2026-05-15,DE000BU35025,2.7059
2026-05-18,DE000BU35025,2.7358
2026-05-19,DE000BU35025,2.718
2026-05-20,DE000BU35025,2.7277
2026-05-21,DE000BU35025,2.6574
2026-05-22,DE000BU35025,2.6579
2026-05-25,DE000BU35025,2.5515
2026-05-26,DE000BU35025,2.5869
2026-05-27,DE000BU35025,2.5597
2026-05-28,DE000BU35025,2.6109
2026-05-29,DE000BU35025,2.5454
2026-06-01,DE000BU35025,2.5895
2026-06-02,DE000BU35025,2.5788
2026-06-03,DE000BU35025,2.6555
2026-06-04,DE000BU35025,2.6577
2026-06-05,DE000BU35025,2.6425
2026-06-08,DE000BU35025,2.7066
2026-06-09,DE000BU35025,2.666
2026-06-10,DE000BU35025,2.6815
2026-06-11,DE000BU35025,2.6925
2026-06-12,DE000BU35025,2.5971
2026-06-15,DE000BU35025,2.5526
2026-06-16,DE000BU35025,2.5485
2026-06-17,DE000BU35025,2.5553
2026-06-18,DE000BU35025,2.5999
2026-06-19,DE000BU35025,2.6177
2026-06-22,DE000BU35025,2.6159
2026-06-23,DE000BU35025,2.5615
2026-06-24,DE000BU35025,2.5525
2026-06-25,DE000BU35025,2.531
2026-06-26,DE000BU35025,2.5011
2026-06-29,DE000BU35025,2.5128
2026-06-30,DE000BU35025,2.5018
2026-07-01,DE000BU35025,2.5136
2026-07-02,DE000BU35025,2.5281
2026-07-03,DE000BU35025,2.5304
2026-07-06,DE000BU35025,2.527
2026-07-07,DE000BU35025,2.5771
2026-07-08,DE000BU35025,2.6767
2026-07-09,DE000BU35025,2.6768
2026-07-10,DE000BU35025,2.6503
2026-07-13,DE000BU35025,2.6756
2026-07-14,DE000BU35025,2.7568
2026-07-15,DE000BU35025,2.7399
2026-07-16,DE000BU35025,2.7457
2026-07-17,DE000BU35025,2.7556
2026-07-20,DE000BU35025,2.766
2026-07-21,DE000BU35025,2.7647
2026-07-22,DE000BU35025,2.7975
2026-07-23,DE000BU35025,2.8597
2026-07-24,DE000BU35025,2.8348
2026-07-27,DE000BU35025,2.7745
2026-07-28,DE000BU35025,2.7436
2026-07-29,DE000BU35025,2.758
2026-07-30,DE000BU35025,2.7837
2026-07-31,DE000BU35025,2.7725
2026-08-03,DE000BU35025,2.7533
2026-08-04,DE000BU35025,2.7718
2026-08-05,DE000BU35025,2.7091
2026-08-06,DE000BU35025,2.7247
2026-08-07,DE000BU35025,2.7492
2026-08-10,DE000BU35025,2.7451
2026-08-11,DE000BU35025,2.8048
2026-08-12,DE000BU35025,2.7727
2026-08-13,DE000BU35025,2.7599
2026-08-14,DE000BU35025,2.7662
2026-08-17,DE000BU35025,2.7861
2026-08-18,DE000BU35025,2.827
2026-08-19,DE000BU35025,2.8463
2026-08-20,DE000BU35025,2.855
2026-08-21,DE000BU35025,2.8189
2026-08-24,DE000BU35025,2.8298
2026-08-25,DE000BU35025,2.8467
2026-08-26,DE000BU35025,2.7846
2026-08-27,DE000BU35025,2.8375
2026-08-28,DE000BU35025,2.8566
2026-08-31,DE000BU35025,2.9085
2026-09-01,DE000BU35025,2.9544
2026-09-02,DE000BU35025,3.0025
2026-09-03,DE000BU35025,2.9727
2026-09-04,DE000BU35025,2.9567
2026-09-07,DE000BU35025,2.9555
2026-09-08,DE000BU35025,3.006
2026-09-09,DE000BU35025,3.0247
2026-09-10,DE000BU35025,3.0713
2026-09-11,DE000BU35025,3.1817
2026-09-14,DE000BU35025,3.2457
2026-09-15,DE000BU35025,3.2679
2026-09-16,DE000BU35025,3.2691
2026-09-17,DE000BU35025,3.2559
2026-09-18,DE000BU35025,3.2529
2026-09-21,DE000BU35025,3.2275
2026-09-22,DE000BU35025,3.2109
2026-09-23,DE000BU35025,3.2375
2026-09-24,DE000BU35025,3.3197
2026-09-25,DE000BU35025,3.3031
2026-09-28,DE000BU35025,3.3522
2026-09-29,DE000BU35025,3.3215
2026-09-30,DE000BU35025,3.2715
2026-10-01,DE000BU35025,3.2286
2026-03-06,DE000BU3F007,3.1822
2026-03-09,DE000BU3F007,3.2157
2026-03-10,DE000BU3F007,3.1964
2026-03-11,DE000BU3F007,3.2424
2026-03-12,DE000BU3F007,3.2801
2026-03-13,DE000BU3F007,3.2989
2026-03-16,DE000BU3F007,3.3026
2026-03-17,DE000BU3F007,3.275
2026-03-18,DE000BU3F007,3.2316
2026-03-19,DE000BU3F007,3.3032
2026-03-20,DE000BU3F007,3.3095
2026-03-23,DE000BU3F007,3.3655
2026-03-24,DE000BU3F007,3.3268
2026-03-25,DE000BU3F007,3.2848
2026-03-26,DE000BU3F007,3.3237
2026-03-27,DE000BU3F007,3.4097
2026-03-30,DE000BU3F007,3.3926
2026-03-31,DE000BU3F007,3.3303
2026-04-01,DE000BU3F007,3.2677
2026-04-02,DE000BU3F007,3.3399
2026-04-07,DE000BU3F007,3.3132
2026-04-08,DE000BU3F007,3.2587
2026-04-09,DE000BU3F007,3.3172
2026-04-10,DE000BU3F007,3.3688
2026-04-13,DE000BU3F007,3.4016
2026-04-14,DE000BU3F007,3.3945
2026-04-15,DE000BU3F007,3.3764
2026-04-16,DE000BU3F007,3.3795
2026-04-17,DE000BU3F007,3.3805
2026-04-20,DE000BU3F007,3.3435
2026-04-21,DE000BU3F007,3.3175
2026-04-22,DE000BU3F007,3.3392
2026-04-23,DE000BU3F007,3.3495
2026-04-24,DE000BU3F007,3.3569
2026-04-27,DE000BU3F007,3.3425
2026-04-28,DE000BU3F007,3.3853
2026-04-29,DE000BU3F007,3.3913
2026-04-30,DE000BU3F007,3.4161
2026-05-04,DE000BU3F007,3.3697
2026-05-05,DE000BU3F007,3.3844
2026-05-06,DE000BU3F007,3.3255
2026-05-07,DE000BU3F007,3.325
2026-05-08,DE000BU3F007,3.3305
2026-05-11,DE000BU3F007,3.3497
2026-05-12,DE000BU3F007,3.4109
2026-05-13,DE000BU3F007,3.4128
2026-05-14,DE000BU3F007,3.404
2026-05-15,DE000BU3F007,3.428
2026-05-18,DE000BU3F007,3.4816
2026-05-19,DE000BU3F007,3.4761
2026-05-20,DE000BU3F007,3.4827
2026-05-21,DE000BU3F007,3.4057
2026-05-22,DE000BU3F007,3.3793
2026-05-25,DE000BU3F007,3.2833
2026-05-26,DE000BU3F007,3.3023
2026-05-27,DE000BU3F007,3.288
2026-05-28,DE000BU3F007,3.328
2026-05-29,DE000BU3F007,3.2902
2026-06-01,DE000BU3F007,3.3146
2026-06-02,DE000BU3F007,3.2876
2026-06-03,DE000BU3F007,3.343
2026-06-04,DE000BU3F007,3.3651
2026-06-05,DE000BU3F007,3.358
2026-06-08,DE000BU3F007,3.3873
2026-06-09,DE000BU3F007,3.3773
2026-06-10,DE000BU3F007,3.3811
2026-06-11,DE000BU3F007,3.3888
2026-06-12,DE000BU3F007,3.3114
2026-06-15,DE000BU3F007,3.2961
2026-06-16,DE000BU3F007,3.2718
2026-06-17,DE000BU3F007,3.262
2026-06-18,DE000BU3F007,3.2551
2026-06-19,DE000BU3F007,3.2885
2026-06-22,DE000BU3F007,3.2968
2026-06-23,DE000BU3F007,3.258
2026-06-24,DE000BU3F007,3.2267
2026-06-25,DE000BU3F007,3.1867
2026-06-26,DE000BU3F007,3.1743
2026-06-29,DE000BU3F007,3.1851
2026-06-30,DE000BU3F007,3.1736
2026-07-01,DE000BU3F007,3.212
2026-07-02,DE000BU3F007,3.2491
2026-07-03,DE000BU3F007,3.2646
2026-07-06,DE000BU3F007,3.2665
2026-07-07,DE000BU3F007,3.3164
2026-07-08,DE000BU3F007,3.3989
2026-07-09,DE000BU3F007,3.4066
2026-07-10,DE000BU3F007,3.3745
2026-07-13,DE000BU3F007,3.3801
2026-07-14,DE000BU3F007,3.4079
2026-07-15,DE000BU3F007,3.4181
2026-07-16,DE000BU3F007,3.437
2026-07-17,DE000BU3F007,3.4214
2026-07-20,DE000BU3F007,3.4252
2026-07-21,DE000BU3F007,3.442
2026-07-22,DE000BU3F007,3.4505
2026-07-23,DE000BU3F007,3.4676
2026-07-24,DE000BU3F007,3.4603
2026-07-27,DE000BU3F007,3.4131
2026-07-28,DE000BU3F007,3.3919
2026-07-29,DE000BU3F007,3.4013
2026-07-30,DE000BU3F007,3.462
2026-07-31,DE000BU3F007,3.436
2026-08-03,DE000BU3F007,3.4324
2026-08-04,DE000BU3F007,3.4437
2026-08-05,DE000BU3F007,3.3845
2026-08-06,DE000BU3F007,3.3987
2026-08-07,DE000BU3F007,3.4285
2026-08-10,DE000BU3F007,3.4203
2026-08-11,DE000BU3F007,3.4735
2026-08-12,DE000BU3F007,3.4354
2026-08-13,DE000BU3F007,3.4348
2026-08-14,DE000BU3F007,3.447
2026-08-17,DE000BU3F007,3.492
2026-08-18,DE000BU3F007,3.5411
2026-08-19,DE000BU3F007,3.5488
2026-08-20,DE000BU3F007,3.5379
2026-08-21,DE000BU3F007,3.5286
2026-08-24,DE000BU3F007,3.525
2026-08-25,DE000BU3F007,3.5232
2026-08-26,DE000BU3F007,3.4838
2026-08-27,DE000BU3F007,3.5266
2026-08-28,DE000BU3F007,3.5466
2026-08-31,DE000BU3F007,3.5799
2026-09-01,DE000BU3F007,3.6278
2026-09-02,DE000BU3F007,3.6529
2026-09-03,DE000BU3F007,3.6227
2026-09-04,DE000BU3F007,3.6104
2026-09-07,DE000BU3F007,3.6182
2026-09-08,DE000BU3F007,3.6491
2026-09-09,DE000BU3F007,3.6444
2026-09-10,DE000BU3F007,3.7028
2026-09-11,DE000BU3F007,3.7429
2026-09-14,DE000BU3F007,3.7577
2026-09-15,DE000BU3F007,3.7814
2026-09-16,DE000BU3F007,3.7776
2026-09-17,DE000BU3F007,3.7439
2026-09-18,DE000BU3F007,3.7168
2026-09-21,DE000BU3F007,3.6791
2026-09-22,DE000BU3F007,3.6609
2026-09-23,DE000BU3F007,3.6794
2026-09-24,DE000BU3F007,3.7676
2026-09-25,DE000BU3F007,3.7786
2026-09-28,DE000BU3F007,3.839
2026-09-29,DE000BU3F007,3.8451
2026-09-30,DE000BU3F007,3.8018
2026-10-01,DE000BU3F007,3.83
2023-05-02,DE000BU3Z005,2.356852
2023-05-03,DE000BU3Z005,2.233592
2023-05-04,DE000BU3Z005,2.249586
2023-05-05,DE000BU3Z005,2.247291
2023-05-08,DE000BU3Z005,2.307131
2023-05-09,DE000BU3Z005,2.323316
2023-05-10,DE000BU3Z005,2.334899
2023-05-11,DE000BU3Z005,2.286
2023-05-12,DE000BU3Z005,2.236
2023-05-15,DE000BU3Z005,2.281
2023-05-16,DE000BU3Z005,2.274
2023-05-17,DE000BU3Z005,2.311
2023-05-18,DE000BU3Z005,2.382
2023-05-19,DE000BU3Z005,2.435
2023-05-22,DE000BU3Z005,2.394
2023-05-23,DE000BU3Z005,2.466
2023-05-24,DE000BU3Z005,2.443
2023-05-25,DE000BU3Z005,2.466
2023-05-26,DE000BU3Z005,2.513
2023-05-29,DE000BU3Z005,2.475
2023-05-30,DE000BU3Z005,2.399
2023-05-31,DE000BU3Z005,2.264
2023-06-01,DE000BU3Z005,2.284
2023-06-02,DE000BU3Z005,2.268
2023-06-05,DE000BU3Z005,2.357
2023-06-06,DE000BU3Z005,2.314
2023-06-07,DE000BU3Z005,2.358
2023-06-08,DE000BU3Z005,2.437
2023-06-09,DE000BU3Z005,2.401
2023-06-12,DE000BU3Z005,2.367
2023-06-13,DE000BU3Z005,2.363
2023-06-14,DE000BU3Z005,2.433
2023-06-15,DE000BU3Z005,2.471
2023-06-16,DE000BU3Z005,2.473
2023-06-19,DE000BU3Z005,2.471
2023-06-20,DE000BU3Z005,2.474
2023-06-21,DE000BU3Z005,2.401
2023-06-22,DE000BU3Z005,2.434
2023-06-23,DE000BU3Z005,2.354
2023-06-26,DE000BU3Z005,2.302
2023-06-27,DE000BU3Z005,2.309
2023-06-28,DE000BU3Z005,2.315
2023-06-29,DE000BU3Z005,2.342
2023-06-30,DE000BU3Z005,2.423
2023-07-03,DE000BU3Z005,2.376
2023-07-04,DE000BU3Z005,2.453
2023-07-05,DE000BU3Z005,2.404
2023-07-06,DE000BU3Z005,2.507
2023-07-07,DE000BU3Z005,2.625
2023-07-10,DE000BU3Z005,2.644
2023-07-11,DE000BU3Z005,2.581
2023-07-12,DE000BU3Z005,2.6
2023-07-13,DE000BU3Z005,2.453
2023-07-14,DE000BU3Z005,2.453
2023-07-17,DE000BU3Z005,2.441
2023-07-18,DE000BU3Z005,2.372
2023-07-19,DE000BU3Z005,2.301
2023-07-20,DE000BU3Z005,2.39
2023-07-21,DE000BU3Z005,2.442
2023-07-24,DE000BU3Z005,2.359
2023-07-25,DE000BU3Z005,2.396
2023-07-26,DE000BU3Z005,2.402
2023-07-27,DE000BU3Z005,2.45
2023-07-28,DE000BU3Z005,2.463
2023-07-31,DE000BU3Z005,2.48
2023-08-01,DE000BU3Z005,2.464
2023-08-02,DE000BU3Z005,2.48
2023-08-03,DE000BU3Z005,2.538
2023-08-04,DE000BU3Z005,2.575
2023-08-07,DE000BU3Z005,2.537
2023-08-08,DE000BU3Z005,2.448
2023-08-09,DE000BU3Z005,2.42
2023-08-10,DE000BU3Z005,2.49
2023-08-11,DE000BU3Z005,2.52
2023-08-14,DE000BU3Z005,2.575
2023-08-15,DE000BU3Z005,2.659
2023-08-16,DE000BU3Z005,2.618
2023-08-17,DE000BU3Z005,2.65
2023-08-18,DE000BU3Z005,2.575
2023-08-21,DE000BU3Z005,2.607
2023-08-22,DE000BU3Z005,2.63
2023-08-23,DE000BU3Z005,2.499
2023-08-24,DE000BU3Z005,2.441
2023-08-25,DE000BU3Z005,2.503
2023-08-28,DE000BU3Z005,2.533
2023-08-29,DE000BU3Z005,2.533
2023-08-30,DE000BU3Z005,2.505
2023-08-31,DE000BU3Z005,2.462
2023-09-01,DE000BU3Z005,2.434
2023-09-04,DE000BU3Z005,2.521
2023-09-05,DE000BU3Z005,2.553
2023-09-06,DE000BU3Z005,2.573
2023-09-07,DE000BU3Z005,2.585
2023-09-08,DE000BU3Z005,2.558
2023-09-11,DE000BU3Z005,2.558
2023-09-12,DE000BU3Z005,2.587
2023-09-13,DE000BU3Z005,2.629833
2023-09-14,DE000BU3Z005,2.599
2023-09-15,DE000BU3Z005,2.599
2023-09-18,DE000BU3Z005,2.645
2023-09-19,DE000BU3Z005,2.67
2023-09-20,DE000BU3Z005,2.67
2023-09-21,DE000BU3Z005,2.694
2023-09-22,DE000BU3Z005,2.69
2023-09-25,DE000BU3Z005,2.748
2023-09-26,DE000BU3Z005,2.764
2023-09-27,DE000BU3Z005,2.74
2023-09-28,DE000BU3Z005,2.878
2023-09-29,DE000BU3Z005,2.814
2023-10-02,DE000BU3Z005,2.834
2023-10-03,DE000BU3Z005,2.885
2023-10-04,DE000BU3Z005,2.93
2023-10-05,DE000BU3Z005,2.903
2023-10-06,DE000BU3Z005,2.846
2023-10-09,DE000BU3Z005,2.797
2023-10-10,DE000BU3Z005,2.748
2023-10-11,DE000BU3Z005,2.681
2023-10-12,DE000BU3Z005,2.685
2023-10-13,DE000BU3Z005,2.706
2023-10-16,DE000BU3Z005,2.731
2023-10-17,DE000BU3Z005,2.759
2023-10-18,DE000BU3Z005,2.864
2023-10-19,DE000BU3Z005,2.899
2023-10-20,DE000BU3Z005,2.872
2023-10-23,DE000BU3Z005,2.901
2023-10-24,DE000BU3Z005,2.745
2023-10-25,DE000BU3Z005,2.796
2023-10-26,DE000BU3Z005,2.835
2023-10-27,DE000BU3Z005,2.78
2023-10-30,DE000BU3Z005,2.75
2023-10-31,DE000BU3Z005,2.731
2023-11-01,DE000BU3Z005,2.778
2023-11-02,DE000BU3Z005,2.663
2023-11-03,DE000BU3Z005,2.672
2023-11-06,DE000BU3Z005,2.652
2023-11-07,DE000BU3Z005,2.649
2023-11-08,DE000BU3Z005,2.595
2023-11-09,DE000BU3Z005,2.598
2023-11-10,DE000BU3Z005,2.679
2023-11-13,DE000BU3Z005,2.662
2023-11-14,DE000BU3Z005,2.659
2023-11-15,DE000BU3Z005,2.545
2023-11-16,DE000BU3Z005,2.576
2023-11-17,DE000BU3Z005,2.476
2023-11-20,DE000BU3Z005,2.549
2023-11-21,DE000BU3Z005,2.548
2023-11-22,DE000BU3Z005,2.525
2023-11-23,DE000BU3Z005,2.54
2023-11-24,DE000BU3Z005,2.602
2023-11-27,DE000BU3Z005,2.59
2023-11-28,DE000BU3Z005,2.496
2023-11-29,DE000BU3Z005,2.408
2023-11-30,DE000BU3Z005,2.376
2023-12-01,DE000BU3Z005,2.384
2023-12-04,DE000BU3Z005,2.326
2023-12-05,DE000BU3Z005,2.269
2023-12-06,DE000BU3Z005,2.22
2023-12-07,DE000BU3Z005,2.136
2023-12-08,DE000BU3Z005,2.19
2023-12-11,DE000BU3Z005,2.214
2023-12-12,DE000BU3Z005,2.188
2023-12-13,DE000BU3Z005,2.162
2023-12-14,DE000BU3Z005,2.02
2023-12-15,DE000BU3Z005,2.002
2023-12-18,DE000BU3Z005,1.983
2023-12-19,DE000BU3Z005,1.988
2023-12-20,DE000BU3Z005,1.95
2023-12-21,DE000BU3Z005,1.931
2023-12-22,DE000BU3Z005,1.924
2023-12-27,DE000BU3Z005,1.895
2023-12-28,DE000BU3Z005,1.883
2023-12-29,DE000BU3Z005,1.983
2024-01-02,DE000BU3Z005,2.0592
2024-01-03,DE000BU3Z005,2.0268
2024-01-04,DE000BU3Z005,2.029
2024-01-05,DE000BU3Z005,2.1192
2024-01-08,DE000BU3Z005,2.1228
2024-01-09,DE000BU3Z005,2.1397
2024-01-10,DE000BU3Z005,2.1203
2024-01-11,DE000BU3Z005,2.142
2024-01-12,DE000BU3Z005,2.1092
2024-01-15,DE000BU3Z005,2.1322
2024-01-16,DE000BU3Z005,2.1564
2024-01-17,DE000BU3Z005,2.1966
2024-01-18,DE000BU3Z005,2.2431
2024-01-19,DE000BU3Z005,2.2579
2024-01-22,DE000BU3Z005,2.2235
2024-01-23,DE000BU3Z005,2.237
2024-01-24,DE000BU3Z005,2.2529
2024-01-25,DE000BU3Z005,2.2998
2024-01-26,DE000BU3Z005,2.1879
2024-01-29,DE000BU3Z005,2.1646
2024-01-30,DE000BU3Z005,2.1633
2024-01-31,DE000BU3Z005,2.1474
2024-02-01,DE000BU3Z005,2.1351
2024-02-02,DE000BU3Z005,2.1047
2024-02-05,DE000BU3Z005,2.2122
2024-02-06,DE000BU3Z005,2.2603
2024-02-07,DE000BU3Z005,2.2184
2024-02-08,DE000BU3Z005,2.2307
2024-02-09,DE000BU3Z005,2.2876
2024-02-12,DE000BU3Z005,2.2901
2024-02-13,DE000BU3Z005,2.295
2024-02-14,DE000BU3Z005,2.3087
2024-02-15,DE000BU3Z005,2.2503
2024-02-16,DE000BU3Z005,2.3261
2024-02-19,DE000BU3Z005,2.3349
2024-02-20,DE000BU3Z005,2.3286
2024-02-21,DE000BU3Z005,2.3349
2024-02-22,DE000BU3Z005,2.3976
2024-02-23,DE000BU3Z005,2.4177
2024-02-26,DE000BU3Z005,2.3136
2024-02-27,DE000BU3Z005,2.37
2024-02-28,DE000BU3Z005,2.4052
2024-02-29,DE000BU3Z005,2.4596
2024-03-01,DE000BU3Z005,2.3625
2024-03-04,DE000BU3Z005,2.3411
2024-03-05,DE000BU3Z005,2.3299
2024-03-06,DE000BU3Z005,2.3086
2024-03-07,DE000BU3Z005,2.2673
2024-03-08,DE000BU3Z005,2.2188
2024-03-11,DE000BU3Z005,2.215
2024-03-12,DE000BU3Z005,2.2436
2024-03-13,DE000BU3Z005,2.2672
2024-03-14,DE000BU3Z005,2.3248
2024-03-15,DE000BU3Z005,2.398
2024-03-18,DE000BU3Z005,2.4132
2024-03-19,DE000BU3Z005,2.3942
2024-03-20,DE000BU3Z005,2.3715
2024-03-21,DE000BU3Z005,2.3475
2024-03-22,DE000BU3Z005,2.3223
2024-03-25,DE000BU3Z005,2.2921
2024-03-26,DE000BU3Z005,2.3022
2024-03-27,DE000BU3Z005,2.2896
2024-03-28,DE000BU3Z005,2.2707
2024-04-02,DE000BU3Z005,2.3122
2024-04-03,DE000BU3Z005,2.3463
2024-04-04,DE000BU3Z005,2.3236
2024-04-05,DE000BU3Z005,2.3109
2024-04-08,DE000BU3Z005,2.401
2024-04-09,DE000BU3Z005,2.3527
2024-04-10,DE000BU3Z005,2.2996
2024-04-11,DE000BU3Z005,2.419
2024-04-12,DE000BU3Z005,2.3388
2024-04-15,DE000BU3Z005,2.3451
2024-04-16,DE000BU3Z005,2.4075
2024-04-17,DE000BU3Z005,2.4383
2024-04-18,DE000BU3Z005,2.3987
2024-04-19,DE000BU3Z005,2.4191
2024-04-22,DE000BU3Z005,2.4847
2024-04-23,DE000BU3Z005,2.4423
2024-04-24,DE000BU3Z005,2.4977
2024-04-25,DE000BU3Z005,2.525
2024-04-26,DE000BU3Z005,2.5587
2024-04-29,DE000BU3Z005,2.4812
2024-04-30,DE000BU3Z005,2.5045
2024-05-02,DE000BU3Z005,2.5047
2024-05-03,DE000BU3Z005,2.4904
2024-05-06,DE000BU3Z005,2.4042
2024-05-07,DE000BU3Z005,2.3939
2024-05-08,DE000BU3Z005,2.3914
2024-05-09,DE000BU3Z005,2.461
2024-05-10,DE000BU3Z005,2.4197
2024-05-13,DE000BU3Z005,2.4714
2024-05-14,DE000BU3Z005,2.4624
2024-05-15,DE000BU3Z005,2.4405
2024-05-16,DE000BU3Z005,2.3813
2024-05-17,DE000BU3Z005,2.4406
2024-05-20,DE000BU3Z005,2.4743
2024-05-21,DE000BU3Z005,2.4627
2024-05-22,DE000BU3Z005,2.4887
2024-05-23,DE000BU3Z005,2.5071
2024-05-24,DE000BU3Z005,2.5371
2024-05-27,DE000BU3Z005,2.5516
2024-05-28,DE000BU3Z005,2.5112
2024-05-29,DE000BU3Z005,2.578
2024-05-30,DE000BU3Z005,2.6309
2024-05-31,DE000BU3Z005,2.6613
2024-06-03,DE000BU3Z005,2.602
2024-06-04,DE000BU3Z005,2.5168
2024-06-05,DE000BU3Z005,2.5064
2024-06-06,DE000BU3Z005,2.4922
2024-06-07,DE000BU3Z005,2.5353
2024-06-10,DE000BU3Z005,2.6052
2024-06-11,DE000BU3Z005,2.6251
2024-06-12,DE000BU3Z005,2.554
2024-06-13,DE000BU3Z005,2.5095
2024-06-14,DE000BU3Z005,2.3482
2024-06-17,DE000BU3Z005,2.3495
2024-06-18,DE000BU3Z005,2.3741
2024-06-19,DE000BU3Z005,2.3521
2024-06-20,DE000BU3Z005,2.3885
2024-06-21,DE000BU3Z005,2.3237
2024-06-24,DE000BU3Z005,2.3639
2024-06-25,DE000BU3Z005,2.3717
2024-06-26,DE000BU3Z005,2.3873
2024-06-27,DE000BU3Z005,2.4212
2024-06-28,DE000BU3Z005,2.416
2024-07-01,DE000BU3Z005,2.5355
2024-07-02,DE000BU3Z005,2.5501
2024-07-03,DE000BU3Z005,2.5568
2024-07-04,DE000BU3Z005,2.5279
2024-07-05,DE000BU3Z005,2.5239
2024-07-08,DE000BU3Z005,2.5043
2024-07-09,DE000BU3Z005,2.4846
2024-07-10,DE000BU3Z005,2.4649
2024-07-11,DE000BU3Z005,2.469
2024-07-12,DE000BU3Z005,2.4361
2024-07-15,DE000BU3Z005,2.3982
2024-07-16,DE000BU3Z005,2.3668
2024-07-17,DE000BU3Z005,2.3382
2024-07-18,DE000BU3Z005,2.3617
2024-07-19,DE000BU3Z005,2.3447
2024-07-22,DE000BU3Z005,2.4023
2024-07-23,DE000BU3Z005,2.3892
2024-07-24,DE000BU3Z005,2.3474
2024-07-25,DE000BU3Z005,2.333
2024-07-26,DE000BU3Z005,2.3618
2024-07-29,DE000BU3Z005,2.2757
2024-07-30,DE000BU3Z005,2.2809
2024-07-31,DE000BU3Z005,2.242
2024-08-01,DE000BU3Z005,2.2044
2024-08-02,DE000BU3Z005,2.136
2024-08-05,DE000BU3Z005,2.0336
2024-08-06,DE000BU3Z005,2.0795
2024-08-07,DE000BU3Z005,2.1836
2024-08-08,DE000BU3Z005,2.1357
2024-08-09,DE000BU3Z005,2.155
2024-08-12,DE000BU3Z005,2.1498
2024-08-13,DE000BU3Z005,2.1433
2024-08-14,DE000BU3Z005,2.1201
2024-08-15,DE000BU3Z005,2.1148
2024-08-16,DE000BU3Z005,2.1586
2024-08-19,DE000BU3Z005,2.1392
2024-08-20,DE000BU3Z005,2.1611
2024-08-21,DE000BU3Z005,2.1378
2024-08-22,DE000BU3Z005,2.1415
2024-08-23,DE000BU3Z005,2.1765
2024-08-26,DE000BU3Z005,2.1531
2024-08-27,DE000BU3Z005,2.1855
2024-08-28,DE000BU3Z005,2.1738
2024-08-29,DE000BU3Z005,2.1477
2024-08-30,DE000BU3Z005,2.1693
2024-09-02,DE000BU3Z005,2.2467
2024-09-03,DE000BU3Z005,2.244
2024-09-04,DE000BU3Z005,2.1631
2024-09-05,DE000BU3Z005,2.1396
2024-09-06,DE000BU3Z005,2.0812
2024-09-09,DE000BU3Z005,2.1473
2024-09-10,DE000BU3Z005,2.0734
2024-09-11,DE000BU3Z005,2.014
2024-09-12,DE000BU3Z005,2.0421
2024-09-13,DE000BU3Z005,2.0394
2024-09-16,DE000BU3Z005,2.0562
2024-09-17,DE000BU3Z005,2.0071
2024-09-18,DE000BU3Z005,2.0741
2024-09-19,DE000BU3Z005,2.1051
2024-09-20,DE000BU3Z005,2.0778
2024-09-23,DE000BU3Z005,2.0621
2024-09-24,DE000BU3Z005,2.0867
2024-09-25,DE000BU3Z005,2.0452
2024-09-26,DE000BU3Z005,2.0346
2024-09-27,DE000BU3Z005,2.0216
2024-09-30,DE000BU3Z005,2.0552
2024-10-01,DE000BU3Z005,1.9569
2024-10-02,DE000BU3Z005,1.9813
2024-10-03,DE000BU3Z005,2.0327
2024-10-04,DE000BU3Z005,2.0639
2024-10-07,DE000BU3Z005,2.1592
2024-10-08,DE000BU3Z005,2.1605
2024-10-09,DE000BU3Z005,2.1381
2024-10-10,DE000BU3Z005,2.1814
2024-10-11,DE000BU3Z005,2.1932
2024-10-14,DE000BU3Z005,2.1721
2024-10-15,DE000BU3Z005,2.1431
2024-10-16,DE000BU3Z005,2.1037
2024-10-17,DE000BU3Z005,2.1206
2024-10-18,DE000BU3Z005,2.11
2024-10-21,DE000BU3Z005,2.1363
2024-10-22,DE000BU3Z005,2.2208
2024-10-23,DE000BU3Z005,2.2141
2024-10-24,DE000BU3Z005,2.18
2024-10-25,DE000BU3Z005,2.1862
2024-10-28,DE000BU3Z005,2.1901
2024-10-29,DE000BU3Z005,2.2219
2024-10-30,DE000BU3Z005,2.2179
2024-10-31,DE000BU3Z005,2.3234
2024-11-01,DE000BU3Z005,2.3261
2024-11-04,DE000BU3Z005,2.3477
2024-11-05,DE000BU3Z005,2.3382
2024-11-06,DE000BU3Z005,2.3006
2024-11-07,DE000BU3Z005,2.3896
2024-11-08,DE000BU3Z005,2.2899
2024-11-11,DE000BU3Z005,2.2364
2024-11-12,DE000BU3Z005,2.2203
2024-11-13,DE000BU3Z005,2.2899
2024-11-14,DE000BU3Z005,2.298
2024-11-15,DE000BU3Z005,2.2443
2024-11-18,DE000BU3Z005,2.3061
2024-11-19,DE000BU3Z005,2.2135
2024-11-20,DE000BU3Z005,2.2698
2024-11-21,DE000BU3Z005,2.2362
2024-11-22,DE000BU3Z005,2.1534
2024-11-25,DE000BU3Z005,2.1626
2024-11-26,DE000BU3Z005,2.12
2024-11-27,DE000BU3Z005,2.0643
2024-11-28,DE000BU3Z005,2.0734
2024-11-29,DE000BU3Z005,2.0257
2024-12-02,DE000BU3Z005,1.9677
2024-12-03,DE000BU3Z005,1.9716
2024-12-04,DE000BU3Z005,1.9938
2024-12-05,DE000BU3Z005,1.9896
2024-12-06,DE000BU3Z005,2.0371
2024-12-09,DE000BU3Z005,2.0251
2024-12-10,DE000BU3Z005,2.0303
2024-12-11,DE000BU3Z005,2.0263
2024-12-12,DE000BU3Z005,2.0725
2024-12-13,DE000BU3Z005,2.1365
2024-12-16,DE000BU3Z005,2.1471
2024-12-17,DE000BU3Z005,2.1431
2024-12-18,DE000BU3Z005,2.1511
2024-12-19,DE000BU3Z005,2.1832
2024-12-20,DE000BU3Z005,2.1994
2024-12-23,DE000BU3Z005,2.2101
2024-12-27,DE000BU3Z005,2.2901
2024-12-30,DE000BU3Z005,2.2928
2025-01-02,DE000BU3Z005,2.2588
2025-01-03,DE000BU3Z005,2.286
2025-01-06,DE000BU3Z005,2.3503
2025-01-07,DE000BU3Z005,2.3545
2025-01-08,DE000BU3Z005,2.382
2025-01-09,DE000BU3Z005,2.4291
2025-01-10,DE000BU3Z005,2.4568
2025-01-13,DE000BU3Z005,2.5112
2025-01-14,DE000BU3Z005,2.514
2025-01-15,DE000BU3Z005,2.5197
2025-01-16,DE000BU3Z005,2.4572
2025-01-17,DE000BU3Z005,2.4156
2025-01-20,DE000BU3Z005,2.4253
2025-01-21,DE000BU3Z005,2.3977
2025-01-22,DE000BU3Z005,2.3936
2025-01-23,DE000BU3Z005,2.4284
2025-01-24,DE000BU3Z005,2.4674
2025-01-27,DE000BU3Z005,2.4146
2025-01-28,DE000BU3Z005,2.441
2025-01-29,DE000BU3Z005,2.423
2025-01-30,DE000BU3Z005,2.4106
2025-01-31,DE000BU3Z005,2.3565
2025-02-03,DE000BU3Z005,2.2779
2025-02-04,DE000BU3Z005,2.2999
2025-02-05,DE000BU3Z005,2.2312
2025-02-06,DE000BU3Z005,2.2627
2025-02-07,DE000BU3Z005,2.2503
2025-02-10,DE000BU3Z005,2.26
2025-02-11,DE000BU3Z005,2.2834
2025-02-12,DE000BU3Z005,2.3346
2025-02-13,DE000BU3Z005,2.3513
2025-02-14,DE000BU3Z005,2.311
2025-02-17,DE000BU3Z005,2.3805
2025-02-18,DE000BU3Z005,2.3889
2025-02-19,DE000BU3Z005,2.4071
2025-02-20,DE000BU3Z005,2.4324
2025-02-21,DE000BU3Z005,2.382
2025-02-24,DE000BU3Z005,2.3541
2025-02-25,DE000BU3Z005,2.3486
2025-02-26,DE000BU3Z005,2.3124
2025-02-27,DE000BU3Z005,2.3179
2025-02-28,DE000BU3Z005,2.2554
2025-03-03,DE000BU3Z005,2.3235
2025-03-04,DE000BU3Z005,2.3249
2025-03-05,DE000BU3Z005,2.5402
2025-03-06,DE000BU3Z005,2.7223
2025-03-07,DE000BU3Z005,2.6849
2025-03-10,DE000BU3Z005,2.662
2025-03-11,DE000BU3Z005,2.7227
2025-03-12,DE000BU3Z005,2.7619
2025-03-13,DE000BU3Z005,2.7478
2025-03-14,DE000BU3Z005,2.732
2025-03-17,DE000BU3Z005,2.6728
2025-03-18,DE000BU3Z005,2.696
2025-03-19,DE000BU3Z005,2.6299
2025-03-20,DE000BU3Z005,2.623
2025-03-21,DE000BU3Z005,2.6044
2025-03-24,DE000BU3Z005,2.626
2025-03-25,DE000BU3Z005,2.6665
2025-03-26,DE000BU3Z005,2.6406
2025-03-27,DE000BU3Z005,2.6308
2025-03-28,DE000BU3Z005,2.5719
2025-03-31,DE000BU3Z005,2.5276
2025-04-01,DE000BU3Z005,2.5191
2025-04-02,DE000BU3Z005,2.5249
2025-04-03,DE000BU3Z005,2.4893
2025-04-04,DE000BU3Z005,2.3729
2025-04-07,DE000BU3Z005,2.2771
2025-04-08,DE000BU3Z005,2.4438
2025-04-09,DE000BU3Z005,2.4041
2025-04-10,DE000BU3Z005,2.4668
2025-04-11,DE000BU3Z005,2.3701
2025-04-14,DE000BU3Z005,2.3702
2025-04-15,DE000BU3Z005,2.3207
2025-04-16,DE000BU3Z005,2.315
2025-04-17,DE000BU3Z005,2.3504
2025-04-22,DE000BU3Z005,2.2642
2025-04-23,DE000BU3Z005,2.2924
2025-04-24,DE000BU3Z005,2.2754
2025-04-25,DE000BU3Z005,2.2895
2025-04-28,DE000BU3Z005,2.3207
2025-04-29,DE000BU3Z005,2.3079
2025-04-30,DE000BU3Z005,2.288
2025-05-02,DE000BU3Z005,2.2824
2025-05-05,DE000BU3Z005,2.3377
2025-05-06,DE000BU3Z005,2.3605
2025-05-07,DE000BU3Z005,2.3449
2025-05-08,DE000BU3Z005,2.3178
2025-05-09,DE000BU3Z005,2.3978
2025-05-12,DE000BU3Z005,2.4567
2025-05-13,DE000BU3Z005,2.5001
2025-05-14,DE000BU3Z005,2.5016
2025-05-15,DE000BU3Z005,2.5017
2025-05-16,DE000BU3Z005,2.4023
2025-05-19,DE000BU3Z005,2.4671
2025-05-20,DE000BU3Z005,2.3822
2025-05-21,DE000BU3Z005,2.4759
2025-05-22,DE000BU3Z005,2.4544
2025-05-23,DE000BU3Z005,2.4371
2025-05-26,DE000BU3Z005,2.4054
2025-05-27,DE000BU3Z005,2.3379
2025-05-28,DE000BU3Z005,2.3651
2025-05-29,DE000BU3Z005,2.381
2025-05-30,DE000BU3Z005,2.3394
2025-06-02,DE000BU3Z005,2.3695
2025-06-03,DE000BU3Z005,2.3164
2025-06-04,DE000BU3Z005,2.348
2025-06-05,DE000BU3Z005,2.3107
2025-06-06,DE000BU3Z005,2.3725
2025-06-09,DE000BU3Z005,2.3553
2025-06-10,DE000BU3Z005,2.3755
2025-06-11,DE000BU3Z005,2.3755
2025-06-12,DE000BU3Z005,2.3323
2025-06-13,DE000BU3Z005,2.3236
2025-06-16,DE000BU3Z005,2.393
2025-06-17,DE000BU3Z005,2.3829
2025-06-18,DE000BU3Z005,2.3829
2025-06-19,DE000BU3Z005,2.3627
2025-06-20,DE000BU3Z005,2.3569
2025-06-23,DE000BU3Z005,2.3815
2025-06-24,DE000BU3Z005,2.3714
2025-06-25,DE000BU3Z005,2.3656
2025-06-26,DE000BU3Z005,2.3831
2025-06-27,DE000BU3Z005,2.389
2025-06-30,DE000BU3Z005,2.3992
2025-07-01,DE000BU3Z005,2.3687
2025-07-02,DE000BU3Z005,2.4153
2025-07-03,DE000BU3Z005,2.4095
2025-07-04,DE000BU3Z005,2.3571
2025-07-07,DE000BU3Z005,2.3965
2025-07-08,DE000BU3Z005,2.4741
2025-07-09,DE000BU3Z005,2.458
2025-07-10,DE000BU3Z005,2.4508
2025-07-11,DE000BU3Z005,2.5038
2025-07-14,DE000BU3Z005,2.4892
2025-07-15,DE000BU3Z005,2.4642
2025-07-16,DE000BU3Z005,2.4893
2025-07-17,DE000BU3Z005,2.4659
2025-07-18,DE000BU3Z005,2.4718
2025-07-21,DE000BU3Z005,2.4204
2025-07-22,DE000BU3Z005,2.4013
2025-07-23,DE000BU3Z005,2.397
2025-07-24,DE000BU3Z005,2.4338
2025-07-25,DE000BU3Z005,2.533
2025-07-28,DE000BU3Z005,2.4723
2025-07-29,DE000BU3Z005,2.4827
2025-07-30,DE000BU3Z005,2.4739
2025-07-31,DE000BU3Z005,2.4859
2025-08-01,DE000BU3Z005,2.4993
2025-08-04,DE000BU3Z005,2.4697
2025-08-05,DE000BU3Z005,2.4136
2025-08-06,DE000BU3Z005,2.4284
2025-08-07,DE000BU3Z005,2.4152
2025-08-11,DE000BU3Z005,2.4671
2025-08-12,DE000BU3Z005,2.4835
2025-08-13,DE000BU3Z005,2.4806
2025-08-14,DE000BU3Z005,2.4362
2025-08-15,DE000BU3Z005,2.5047
2025-08-18,DE000BU3Z005,2.5242
2025-08-19,DE000BU3Z005,2.5437
2025-08-20,DE000BU3Z005,2.5004
2025-08-21,DE000BU3Z005,2.5063
2025-08-22,DE000BU3Z005,2.5247
2025-08-25,DE000BU3Z005,2.5202
2025-08-26,DE000BU3Z005,2.4979
2025-08-27,DE000BU3Z005,2.4636
2025-08-28,DE000BU3Z005,2.4652
2025-08-29,DE000BU3Z005,2.4638
2025-09-01,DE000BU3Z005,2.5103
2025-09-02,DE000BU3Z005,2.5389
2025-09-03,DE000BU3Z005,2.539
2025-09-04,DE000BU3Z005,2.4776
2025-09-05,DE000BU3Z005,2.4837
2025-09-08,DE000BU3Z005,2.4328
2025-09-09,DE000BU3Z005,2.4359
2025-09-10,DE000BU3Z005,2.4269
2025-09-11,DE000BU3Z005,2.4495
2025-09-12,DE000BU3Z005,2.4871
2025-09-15,DE000BU3Z005,2.4752
2025-09-16,DE000BU3Z005,2.4797
2025-09-17,DE000BU3Z005,2.4693
2025-09-18,DE000BU3Z005,2.474
2025-09-19,DE000BU3Z005,2.5178
2025-09-22,DE000BU3Z005,2.5209
2025-09-23,DE000BU3Z005,2.527
2025-09-24,DE000BU3Z005,2.524
2025-09-25,DE000BU3Z005,2.5273
2025-09-26,DE000BU3Z005,2.5441
2025-09-29,DE000BU3Z005,2.5123
2025-09-30,DE000BU3Z005,2.5003
2025-10-01,DE000BU3Z005,2.5185
2025-10-02,DE000BU3Z005,2.496
2025-10-03,DE000BU3Z005,2.4915
2025-10-06,DE000BU3Z005,2.5053
2025-10-07,DE000BU3Z005,2.516
2025-10-08,DE000BU3Z005,2.4766
2025-10-09,DE000BU3Z005,2.4813
2025-10-10,DE000BU3Z005,2.4708
2025-10-13,DE000BU3Z005,2.4224
2025-10-14,DE000BU3Z005,2.3832
2025-10-15,DE000BU3Z005,2.3772
2025-10-16,DE000BU3Z005,2.3577
2025-10-17,DE000BU3Z005,2.3307
2025-10-20,DE000BU3Z005,2.3759
2025-10-21,DE000BU3Z005,2.3593
2025-10-22,DE000BU3Z005,2.3397
2025-10-23,DE000BU3Z005,2.3715
2025-10-24,DE000BU3Z005,2.4109
2025-10-27,DE000BU3Z005,2.4291
2025-10-28,DE000BU3Z005,2.4079
2025-10-29,DE000BU3Z005,2.4186
2025-10-30,DE000BU3Z005,2.44
2025-10-31,DE000BU3Z005,2.4401
2025-11-03,DE000BU3Z005,2.4295
2025-11-04,DE000BU3Z005,2.4372
2025-11-05,DE000BU3Z005,2.4402
2025-11-06,DE000BU3Z005,2.4542
2025-11-07,DE000BU3Z005,2.4619
2025-11-10,DE000BU3Z005,2.4635
2025-11-11,DE000BU3Z005,2.4574
2025-11-12,DE000BU3Z005,2.459
2025-11-13,DE000BU3Z005,2.4377
2025-11-14,DE000BU3Z005,2.4992
2025-11-17,DE000BU3Z005,2.4962
2025-11-18,DE000BU3Z005,2.4762
2025-11-19,DE000BU3Z005,2.4917
2025-11-20,DE000BU3Z005,2.5042
2025-11-21,DE000BU3Z005,2.4581
2025-11-24,DE000BU3Z005,2.4782
2025-11-25,DE000BU3Z005,2.4798
2025-11-26,DE000BU3Z005,2.466
2025-11-27,DE000BU3Z005,2.4785
2025-11-28,DE000BU3Z005,2.4801
2025-12-01,DE000BU3Z005,2.5142
2025-12-02,DE000BU3Z005,2.5469
2025-12-03,DE000BU3Z005,2.5423
2025-12-04,DE000BU3Z005,2.5457
2025-12-05,DE000BU3Z005,2.5691
2025-12-08,DE000BU3Z005,2.6301
2025-12-09,DE000BU3Z005,2.6553
2025-12-10,DE000BU3Z005,2.6869
2025-12-11,DE000BU3Z005,2.6606
2025-12-12,DE000BU3Z005,2.6607
2025-12-15,DE000BU3Z005,2.6467
2025-12-16,DE000BU3Z005,2.6468
2025-12-17,DE000BU3Z005,2.6391
2025-12-18,DE000BU3Z005,2.6379
2025-12-19,DE000BU3Z005,2.6696
2025-12-22,DE000BU3Z005,2.6839
2025-12-23,DE000BU3Z005,2.6593
2025-12-29,DE000BU3Z005,2.6454
2025-12-30,DE000BU3Z005,2.6393
2026-01-02,DE000BU3Z005,2.6557
2026-01-05,DE000BU3Z005,2.6875
2026-01-06,DE000BU3Z005,2.6433
2026-01-07,DE000BU3Z005,2.5913
2026-01-08,DE000BU3Z005,2.6232
2026-01-09,DE000BU3Z005,2.6139
2026-01-12,DE000BU3Z005,2.6156
2026-01-13,DE000BU3Z005,2.622
2026-01-14,DE000BU3Z005,2.6047
2026-01-15,DE000BU3Z005,2.5798
2026-01-16,DE000BU3Z005,2.5941
2026-01-19,DE000BU3Z005,2.5863
2026-01-20,DE000BU3Z005,2.6293
2026-01-21,DE000BU3Z005,2.6072
2026-01-22,DE000BU3Z005,2.6186
2026-01-23,DE000BU3Z005,2.6554
2026-01-26,DE000BU3Z005,2.638
2026-01-27,DE000BU3Z005,2.6365
2026-01-28,DE000BU3Z005,2.6001
2026-01-29,DE000BU3Z005,2.5972
2026-01-30,DE000BU3Z005,2.591
2026-02-02,DE000BU3Z005,2.5927
2026-02-03,DE000BU3Z005,2.6311
2026-02-04,DE000BU3Z005,2.6216
2026-02-05,DE000BU3Z005,2.6092
2026-02-06,DE000BU3Z005,2.5631
2026-02-09,DE000BU3Z005,2.5935
2026-02-10,DE000BU3Z005,2.5681
2026-02-11,DE000BU3Z005,2.5427
2026-02-12,DE000BU3Z005,2.543
2026-02-13,DE000BU3Z005,2.524
2026-02-16,DE000BU3Z005,2.5113
2026-02-17,DE000BU3Z005,2.4828
2026-02-18,DE000BU3Z005,2.4908
2026-02-19,DE000BU3Z005,2.5085
2026-02-20,DE000BU3Z005,2.4926
2026-02-23,DE000BU3Z005,2.4911
2026-02-24,DE000BU3Z005,2.4593
2026-02-25,DE000BU3Z005,2.4753
2026-02-26,DE000BU3Z005,2.4675
2026-02-27,DE000BU3Z005,2.4421
2026-03-02,DE000BU3Z005,2.4262
2026-03-03,DE000BU3Z005,2.5716
2026-03-04,DE000BU3Z005,2.5204
2026-03-05,DE000BU3Z005,2.5591
2026-03-06,DE000BU3Z005,2.6365
2026-03-09,DE000BU3Z005,2.6917
2026-03-10,DE000BU3Z005,2.6287
2026-03-11,DE000BU3Z005,2.6823
2026-03-12,DE000BU3Z005,2.7266
2026-03-13,DE000BU3Z005,2.7333
2026-03-16,DE000BU3Z005,2.7432
2026-03-17,DE000BU3Z005,2.7123
2026-03-18,DE000BU3Z005,2.6767
2026-03-19,DE000BU3Z005,2.7801
2026-03-20,DE000BU3Z005,2.8164
2026-03-23,DE000BU3Z005,2.9009
2026-03-24,DE000BU3Z005,2.8332
2026-03-25,DE000BU3Z005,2.8038
2026-03-26,DE000BU3Z005,2.8489
2026-03-27,DE000BU3Z005,2.9487
2026-03-30,DE000BU3Z005,2.9023
2026-03-31,DE000BU3Z005,2.8461
2026-04-01,DE000BU3Z005,2.7786
2026-04-02,DE000BU3Z005,2.8471
2026-04-07,DE000BU3Z005,2.8242
2026-04-08,DE000BU3Z005,2.7221
2026-04-09,DE000BU3Z005,2.7951
2026-04-10,DE000BU3Z005,2.8302
2026-04-13,DE000BU3Z005,2.8753
2026-04-14,DE000BU3Z005,2.8571
2026-04-15,DE000BU3Z005,2.8307
2026-04-16,DE000BU3Z005,2.8196
2026-04-17,DE000BU3Z005,2.8198
2026-04-20,DE000BU3Z005,2.7818
2026-04-21,DE000BU3Z005,2.7654
2026-04-22,DE000BU3Z005,2.8004
2026-04-23,DE000BU3Z005,2.8426
2026-04-24,DE000BU3Z005,2.8495
2026-04-27,DE000BU3Z005,2.8138
2026-04-28,DE000BU3Z005,2.8658
2026-04-29,DE000BU3Z005,2.896
2026-04-30,DE000BU3Z005,2.9282
2026-05-04,DE000BU3Z005,2.8762
2026-05-05,DE000BU3Z005,2.8832
2026-05-06,DE000BU3Z005,2.8046
2026-05-07,DE000BU3Z005,2.7984
2026-05-08,DE000BU3Z005,2.8053
2026-05-11,DE000BU3Z005,2.834
2026-05-12,DE000BU3Z005,2.8981
2026-05-13,DE000BU3Z005,2.9034
2026-05-14,DE000BU3Z005,2.8922
2026-05-15,DE000BU3Z005,2.9229
2026-05-18,DE000BU3Z005,2.9723
2026-05-19,DE000BU3Z005,2.9573
2026-05-20,DE000BU3Z005,2.9694
2026-05-21,DE000BU3Z005,2.8904
2026-05-22,DE000BU3Z005,2.872
2026-05-25,DE000BU3Z005,2.7643
2026-05-26,DE000BU3Z005,2.7914
2026-05-27,DE000BU3Z005,2.7664
2026-05-28,DE000BU3Z005,2.8124
2026-05-29,DE000BU3Z005,2.7637
2026-06-01,DE000BU3Z005,2.7975
2026-06-02,DE000BU3Z005,2.7708
2026-06-03,DE000BU3Z005,2.8334
2026-06-04,DE000BU3Z005,2.8509
2026-06-05,DE000BU3Z005,2.8393
2026-06-08,DE000BU3Z005,2.887
2026-06-09,DE000BU3Z005,2.8617
2026-06-10,DE000BU3Z005,2.8688
2026-06-11,DE000BU3Z005,2.8813
2026-06-12,DE000BU3Z005,2.7982
2026-06-15,DE000BU3Z005,2.7629
2026-06-16,DE000BU3Z005,2.7478
2026-06-17,DE000BU3Z005,2.7463
2026-06-18,DE000BU3Z005,2.7671
2026-06-19,DE000BU3Z005,2.7927
2026-06-22,DE000BU3Z005,2.7963
2026-06-23,DE000BU3Z005,2.7507
2026-06-24,DE000BU3Z005,2.7305
2026-06-25,DE000BU3Z005,2.7005
2026-06-26,DE000BU3Z005,2.6787
2026-06-29,DE000BU3Z005,2.6856
2026-06-30,DE000BU3Z005,2.6706
2026-07-01,DE000BU3Z005,2.7028
2026-07-02,DE000BU3Z005,2.7338
2026-07-03,DE000BU3Z005,2.7459
2026-07-06,DE000BU3Z005,2.7427
2026-07-07,DE000BU3Z005,2.7974
2026-07-08,DE000BU3Z005,2.892
2026-07-09,DE000BU3Z005,2.8978
2026-07-10,DE000BU3Z005,2.8636
2026-07-13,DE000BU3Z005,2.8793
2026-07-14,DE000BU3Z005,2.9365
2026-07-15,DE000BU3Z005,2.9281
2026-07-16,DE000BU3Z005,2.9427
2026-07-17,DE000BU3Z005,2.9377
2026-07-20,DE000BU3Z005,2.9484
2026-07-21,DE000BU3Z005,2.9539
2026-07-22,DE000BU3Z005,2.9785
2026-07-23,DE000BU3Z005,3.0176
2026-07-24,DE000BU3Z005,3.0074
2026-07-27,DE000BU3Z005,2.9432
2026-07-28,DE000BU3Z005,2.9191
2026-07-29,DE000BU3Z005,2.935
2026-07-30,DE000BU3Z005,2.9846
2026-07-31,DE000BU3Z005,2.9586
2026-08-03,DE000BU3Z005,2.9519
2026-08-04,DE000BU3Z005,2.9644
2026-08-05,DE000BU3Z005,2.8949
2026-08-06,DE000BU3Z005,2.9165
2026-08-07,DE000BU3Z005,2.9412
2026-08-10,DE000BU3Z005,2.9309
2026-08-11,DE000BU3Z005,2.9978
2026-08-12,DE000BU3Z005,2.9559
2026-08-13,DE000BU3Z005,2.9462
2026-08-14,DE000BU3Z005,2.9535
2026-08-17,DE000BU3Z005,2.9924
2026-08-18,DE000BU3Z005,3.0385
2026-08-19,DE000BU3Z005,3.0529
2026-08-20,DE000BU3Z005,3.0574
2026-08-21,DE000BU3Z005,3.0293
2026-08-24,DE000BU3Z005,3.0332
2026-08-25,DE000BU3Z005,3.0423
2026-08-26,DE000BU3Z005,2.9895
2026-08-27,DE000BU3Z005,3.0399
2026-08-28,DE000BU3Z005,3.0615
2026-08-31,DE000BU3Z005,3.1099
2026-09-01,DE000BU3Z005,3.1567
2026-09-02,DE000BU3Z005,3.1965
2026-09-03,DE000BU3Z005,3.1634
2026-09-04,DE000BU3Z005,3.1477
2026-09-07,DE000BU3Z005,3.1534
2026-09-08,DE000BU3Z005,3.1968
2026-09-09,DE000BU3Z005,3.2116
2026-09-10,DE000BU3Z005,3.2615
2026-09-11,DE000BU3Z005,3.34
2026-09-14,DE000BU3Z005,3.3788
2026-09-15,DE000BU3Z005,3.4048
2026-09-16,DE000BU3Z005,3.4108
2026-09-17,DE000BU3Z005,3.3864
2026-09-18,DE000BU3Z005,3.3631
2026-09-21,DE000BU3Z005,3.3361
2026-09-22,DE000BU3Z005,3.3164
2026-09-23,DE000BU3Z005,3.3387
2026-09-24,DE000BU3Z005,3.441
2026-09-25,DE000BU3Z005,3.4452
2026-09-28,DE000BU3Z005,3.4974
2026-09-29,DE000BU3Z005,3.4757
2026-09-30,DE000BU3Z005,3.4281
2026-10-01,DE000BU3Z005,3.4295
2025-04-08,DE000BU3Z047,2.6376
2025-04-09,DE000BU3Z047,2.6072
2025-04-10,DE000BU3Z047,2.646
2025-04-11,DE000BU3Z047,2.5582
2025-04-14,DE000BU3Z047,2.5477
2025-04-15,DE000BU3Z047,2.5001
2025-04-16,DE000BU3Z047,2.4954
2025-04-17,DE000BU3Z047,2.5256
2025-04-22,DE000BU3Z047,2.4479
2025-04-23,DE000BU3Z047,2.4699
2025-04-24,DE000BU3Z047,2.4571
2025-04-25,DE000BU3Z047,2.4722
2025-04-28,DE000BU3Z047,2.4977
2025-04-29,DE000BU3Z047,2.4884
2025-04-30,DE000BU3Z047,2.4582
2025-05-02,DE000BU3Z047,2.457
2025-05-05,DE000BU3Z047,2.5117
2025-05-06,DE000BU3Z047,2.5385
2025-05-07,DE000BU3Z047,2.5198
2025-05-08,DE000BU3Z047,2.4965
2025-05-09,DE000BU3Z047,2.5761
2025-05-12,DE000BU3Z047,2.6256
2025-05-13,DE000BU3Z047,2.6719
2025-05-14,DE000BU3Z047,2.666
2025-05-15,DE000BU3Z047,2.672
2025-05-16,DE000BU3Z047,2.5703
2025-05-19,DE000BU3Z047,2.6472
2025-05-20,DE000BU3Z047,2.5598
2025-05-21,DE000BU3Z047,2.6627
2025-05-22,DE000BU3Z047,2.6426
2025-05-23,DE000BU3Z047,2.6213
2025-05-26,DE000BU3Z047,2.5929
2025-05-27,DE000BU3Z047,2.5187
2025-05-28,DE000BU3Z047,2.5516
2025-05-29,DE000BU3Z047,2.5634
2025-05-30,DE000BU3Z047,2.5246
2025-06-02,DE000BU3Z047,2.5493
2025-06-03,DE000BU3Z047,2.4988
2025-06-04,DE000BU3Z047,2.534
2025-06-05,DE000BU3Z047,2.4882
2025-06-06,DE000BU3Z047,2.5423
2025-06-09,DE000BU3Z047,2.5234
2025-06-10,DE000BU3Z047,2.54
2025-06-11,DE000BU3Z047,2.5423
2025-06-12,DE000BU3Z047,2.4976
2025-06-13,DE000BU3Z047,2.4846
2025-06-16,DE000BU3Z047,2.5554
2025-06-17,DE000BU3Z047,2.5436
2025-06-18,DE000BU3Z047,2.5424
2025-06-19,DE000BU3Z047,2.5223
2025-06-20,DE000BU3Z047,2.5164
2025-06-23,DE000BU3Z047,2.5401
2025-06-24,DE000BU3Z047,2.5448
2025-06-25,DE000BU3Z047,2.5342
2025-06-26,DE000BU3Z047,2.5508
2025-06-27,DE000BU3Z047,2.5639
2025-06-30,DE000BU3Z047,2.5746
2025-07-01,DE000BU3Z047,2.5437
2025-07-02,DE000BU3Z047,2.5889
2025-07-03,DE000BU3Z047,2.5866
2025-07-04,DE000BU3Z047,2.5378
2025-07-07,DE000BU3Z047,2.5783
2025-07-08,DE000BU3Z047,2.655
2025-07-09,DE000BU3Z047,2.6322
2025-07-10,DE000BU3Z047,2.6323
2025-07-11,DE000BU3Z047,2.6853
2025-07-14,DE000BU3Z047,2.6708
2025-07-15,DE000BU3Z047,2.6432
2025-07-16,DE000BU3Z047,2.6673
2025-07-17,DE000BU3Z047,2.6506
2025-07-18,DE000BU3Z047,2.6518
2025-07-21,DE000BU3Z047,2.6025
2025-07-22,DE000BU3Z047,2.5834
2025-07-23,DE000BU3Z047,2.5798
2025-07-24,DE000BU3Z047,2.6183
2025-07-25,DE000BU3Z047,2.7114
2025-07-28,DE000BU3Z047,2.6497
2025-07-29,DE000BU3Z047,2.657
2025-07-30,DE000BU3Z047,2.6425
2025-07-31,DE000BU3Z047,2.6499
2025-08-01,DE000BU3Z047,2.6657
2025-08-04,DE000BU3Z047,2.6439
2025-08-05,DE000BU3Z047,2.5825
2025-08-06,DE000BU3Z047,2.597
2025-08-07,DE000BU3Z047,2.5838
2025-08-08,DE000BU3Z047,2.6055
2025-08-11,DE000BU3Z047,2.6345
2025-08-12,DE000BU3Z047,2.6515
2025-08-13,DE000BU3Z047,2.6516
2025-08-14,DE000BU3Z047,2.6129
2025-08-15,DE000BU3Z047,2.687
2025-08-18,DE000BU3Z047,2.7078
2025-08-19,DE000BU3Z047,2.7262
2025-08-20,DE000BU3Z047,2.6847
2025-08-21,DE000BU3Z047,2.6861
2025-08-22,DE000BU3Z047,2.702
2025-08-25,DE000BU3Z047,2.7045
2025-08-26,DE000BU3Z047,2.685
2025-08-27,DE000BU3Z047,2.6473
2025-08-28,DE000BU3Z047,2.6547
2025-08-29,DE000BU3Z047,2.6559
2025-09-01,DE000BU3Z047,2.7
2025-09-02,DE000BU3Z047,2.7332
2025-09-03,DE000BU3Z047,2.7308
2025-09-04,DE000BU3Z047,2.6635
2025-09-05,DE000BU3Z047,2.6648
2025-09-08,DE000BU3Z047,2.6136
2025-09-09,DE000BU3Z047,2.6161
2025-09-10,DE000BU3Z047,2.6003
2025-09-11,DE000BU3Z047,2.6175
2025-09-12,DE000BU3Z047,2.6529
2025-09-15,DE000BU3Z047,2.6419
2025-09-16,DE000BU3Z047,2.6432
2025-09-17,DE000BU3Z047,2.6335
2025-09-18,DE000BU3Z047,2.6385
2025-09-19,DE000BU3Z047,2.6888
2025-09-22,DE000BU3Z047,2.6938
2025-09-23,DE000BU3Z047,2.7012
2025-09-24,DE000BU3Z047,2.6963
2025-09-25,DE000BU3Z047,2.699
2025-09-26,DE000BU3Z047,2.7126
2025-09-29,DE000BU3Z047,2.6781
2025-09-30,DE000BU3Z047,2.6659
2025-10-01,DE000BU3Z047,2.6869
2025-10-02,DE000BU3Z047,2.6624
2025-10-03,DE000BU3Z047,2.6551
2025-10-06,DE000BU3Z047,2.6723
2025-10-07,DE000BU3Z047,2.6884
2025-10-08,DE000BU3Z047,2.6454
2025-10-09,DE000BU3Z047,2.6492
2025-10-10,DE000BU3Z047,2.6369
2025-10-13,DE000BU3Z047,2.5928
2025-10-14,DE000BU3Z047,2.5512
2025-10-15,DE000BU3Z047,2.5452
2025-10-16,DE000BU3Z047,2.5281
2025-10-17,DE000BU3Z047,2.5014
2025-10-20,DE000BU3Z047,2.5465
2025-10-21,DE000BU3Z047,2.5233
2025-10-22,DE000BU3Z047,2.5038
2025-10-23,DE000BU3Z047,2.5368
2025-10-24,DE000BU3Z047,2.5686
2025-10-27,DE000BU3Z047,2.5908
2025-10-28,DE000BU3Z047,2.5662
2025-10-29,DE000BU3Z047,2.5797
2025-10-30,DE000BU3Z047,2.5995
2025-10-31,DE000BU3Z047,2.6008
2025-11-03,DE000BU3Z047,2.5934
2025-11-04,DE000BU3Z047,2.6009
2025-11-05,DE000BU3Z047,2.6083
2025-11-06,DE000BU3Z047,2.6195
2025-11-07,DE000BU3Z047,2.6282
2025-11-10,DE000BU3Z047,2.6295
2025-11-11,DE000BU3Z047,2.6233
2025-11-12,DE000BU3Z047,2.6184
2025-11-13,DE000BU3Z047,2.5963
2025-11-14,DE000BU3Z047,2.6595
2025-11-17,DE000BU3Z047,2.6546
2025-11-18,DE000BU3Z047,2.641
2025-11-19,DE000BU3Z047,2.6572
2025-11-20,DE000BU3Z047,2.6723
2025-11-21,DE000BU3Z047,2.6251
2025-11-24,DE000BU3Z047,2.6375
2025-11-25,DE000BU3Z047,2.6376
2025-11-26,DE000BU3Z047,2.6227
2025-11-27,DE000BU3Z047,2.6315
2025-11-28,DE000BU3Z047,2.6366
2025-12-01,DE000BU3Z047,2.6728
2025-12-02,DE000BU3Z047,2.7079
2025-12-03,DE000BU3Z047,2.7055
2025-12-04,DE000BU3Z047,2.7044
2025-12-05,DE000BU3Z047,2.7259
2025-12-08,DE000BU3Z047,2.784
2025-12-09,DE000BU3Z047,2.8043
2025-12-10,DE000BU3Z047,2.8349
2025-12-11,DE000BU3Z047,2.8123
2025-12-12,DE000BU3Z047,2.8112
2025-12-15,DE000BU3Z047,2.7998
2025-12-16,DE000BU3Z047,2.8024
2025-12-17,DE000BU3Z047,2.7975
2025-12-18,DE000BU3Z047,2.8003
2025-12-19,DE000BU3Z047,2.836
2025-12-22,DE000BU3Z047,2.8515
2025-12-23,DE000BU3Z047,2.82
2025-12-29,DE000BU3Z047,2.8049
2025-12-30,DE000BU3Z047,2.7987
2026-01-02,DE000BU3Z047,2.8144
2026-01-05,DE000BU3Z047,2.8453
2026-01-06,DE000BU3Z047,2.8031
2026-01-07,DE000BU3Z047,2.7458
2026-01-08,DE000BU3Z047,2.7779
2026-01-09,DE000BU3Z047,2.7691
2026-01-12,DE000BU3Z047,2.7692
2026-01-13,DE000BU3Z047,2.7699
2026-01-14,DE000BU3Z047,2.7553
2026-01-15,DE000BU3Z047,2.7262
2026-01-16,DE000BU3Z047,2.7391
2026-01-19,DE000BU3Z047,2.7404
2026-01-20,DE000BU3Z047,2.7903
2026-01-21,DE000BU3Z047,2.7687
2026-01-22,DE000BU3Z047,2.7753
2026-01-23,DE000BU3Z047,2.8075
2026-01-26,DE000BU3Z047,2.7922
2026-01-27,DE000BU3Z047,2.7897
2026-01-28,DE000BU3Z047,2.759
2026-01-29,DE000BU3Z047,2.758
2026-01-30,DE000BU3Z047,2.7555
2026-02-02,DE000BU3Z047,2.753
2026-02-03,DE000BU3Z047,2.7929
2026-02-04,DE000BU3Z047,2.7891
2026-02-05,DE000BU3Z047,2.7817
2026-02-06,DE000BU3Z047,2.7343
2026-02-09,DE000BU3Z047,2.7664
2026-02-10,DE000BU3Z047,2.7357
2026-02-11,DE000BU3Z047,2.7089
2026-02-12,DE000BU3Z047,2.7053
2026-02-13,DE000BU3Z047,2.6836
2026-02-16,DE000BU3Z047,2.6759
2026-02-17,DE000BU3Z047,2.6441
2026-02-18,DE000BU3Z047,2.6531
2026-02-19,DE000BU3Z047,2.6672
2026-02-20,DE000BU3Z047,2.6481
2026-02-23,DE000BU3Z047,2.6494
2026-02-24,DE000BU3Z047,2.6176
2026-02-25,DE000BU3Z047,2.6341
2026-02-26,DE000BU3Z047,2.6253
2026-02-27,DE000BU3Z047,2.5998
2026-03-02,DE000BU3Z047,2.5795
2026-03-03,DE000BU3Z047,2.715
2026-03-04,DE000BU3Z047,2.683
2026-03-05,DE000BU3Z047,2.7101
2026-03-06,DE000BU3Z047,2.7799
2026-03-09,DE000BU3Z047,2.815
2026-03-10,DE000BU3Z047,2.7761
2026-03-11,DE000BU3Z047,2.823
2026-03-12,DE000BU3Z047,2.8624
2026-03-13,DE000BU3Z047,2.8808
2026-03-16,DE000BU3Z047,2.89
2026-03-17,DE000BU3Z047,2.8548
2026-03-18,DE000BU3Z047,2.8105
2026-03-19,DE000BU3Z047,2.9037
2026-03-20,DE000BU3Z047,2.9262
2026-03-23,DE000BU3Z047,3.0057
2026-03-24,DE000BU3Z047,2.9488
2026-03-25,DE000BU3Z047,2.9107
2026-03-26,DE000BU3Z047,2.9599
2026-03-27,DE000BU3Z047,3.0545
2026-03-30,DE000BU3Z047,3.0266
2026-03-31,DE000BU3Z047,2.9655
2026-04-01,DE000BU3Z047,2.8903
2026-04-02,DE000BU3Z047,2.9635
2026-04-07,DE000BU3Z047,2.9385
2026-04-08,DE000BU3Z047,2.8528
2026-04-09,DE000BU3Z047,2.9257
2026-04-10,DE000BU3Z047,2.9656
2026-04-13,DE000BU3Z047,3.0031
2026-04-14,DE000BU3Z047,2.9872
2026-04-15,DE000BU3Z047,2.962
2026-04-16,DE000BU3Z047,2.957
2026-04-17,DE000BU3Z047,2.9585
2026-04-20,DE000BU3Z047,2.9214
2026-04-21,DE000BU3Z047,2.8989
2026-04-22,DE000BU3Z047,2.9322
2026-04-23,DE000BU3Z047,2.9619
2026-04-24,DE000BU3Z047,2.9673
2026-04-27,DE000BU3Z047,2.9426
2026-04-28,DE000BU3Z047,2.993
2026-04-29,DE000BU3Z047,3.015
2026-04-30,DE000BU3Z047,3.0461
2026-05-04,DE000BU3Z047,2.9938
2026-05-05,DE000BU3Z047,3.0033
2026-05-06,DE000BU3Z047,2.9338
2026-05-07,DE000BU3Z047,2.9288
2026-05-08,DE000BU3Z047,2.9356
2026-05-11,DE000BU3Z047,2.9585
2026-05-12,DE000BU3Z047,3.0258
2026-05-13,DE000BU3Z047,3.0286
2026-05-14,DE000BU3Z047,3.0156
2026-05-15,DE000BU3Z047,3.0468
2026-05-18,DE000BU3Z047,3.1039
2026-05-19,DE000BU3Z047,3.0878
2026-05-20,DE000BU3Z047,3.0974
2026-05-21,DE000BU3Z047,3.0152
2026-05-22,DE000BU3Z047,2.9924
2026-05-25,DE000BU3Z047,2.8824
2026-05-26,DE000BU3Z047,2.9093
2026-05-27,DE000BU3Z047,2.8893
2026-05-28,DE000BU3Z047,2.9352
2026-05-29,DE000BU3Z047,2.8857
2026-06-01,DE000BU3Z047,2.9167
2026-06-02,DE000BU3Z047,2.8913
2026-06-03,DE000BU3Z047,2.9465
2026-06-04,DE000BU3Z047,2.9684
2026-06-05,DE000BU3Z047,2.9604
2026-06-08,DE000BU3Z047,3.0025
2026-06-09,DE000BU3Z047,2.9823
2026-06-10,DE000BU3Z047,2.9879
2026-06-11,DE000BU3Z047,3.0005
2026-06-12,DE000BU3Z047,2.9154
2026-06-15,DE000BU3Z047,2.8859
2026-06-16,DE000BU3Z047,2.8672
2026-06-17,DE000BU3Z047,2.8606
2026-06-18,DE000BU3Z047,2.8717
2026-06-19,DE000BU3Z047,2.9014
2026-06-22,DE000BU3Z047,2.9029
2026-06-23,DE000BU3Z047,2.8639
2026-06-24,DE000BU3Z047,2.8385
2026-06-25,DE000BU3Z047,2.8026
2026-06-26,DE000BU3Z047,2.7866
2026-06-29,DE000BU3Z047,2.7947
2026-06-30,DE000BU3Z047,2.7801
2026-07-01,DE000BU3Z047,2.8204
2026-07-02,DE000BU3Z047,2.8529
2026-07-03,DE000BU3Z047,2.8665
2026-07-06,DE000BU3Z047,2.8666
2026-07-07,DE000BU3Z047,2.9181
2026-07-08,DE000BU3Z047,3.0108
2026-07-09,DE000BU3Z047,3.0153
2026-07-10,DE000BU3Z047,2.9786
2026-07-13,DE000BU3Z047,2.9924
2026-07-14,DE000BU3Z047,3.0377
2026-07-15,DE000BU3Z047,3.0365
2026-07-16,DE000BU3Z047,3.0535
2026-07-17,DE000BU3Z047,3.0426
2026-07-20,DE000BU3Z047,3.051
2026-07-21,DE000BU3Z047,3.0622
2026-07-22,DE000BU3Z047,3.0831
2026-07-23,DE000BU3Z047,3.1154
2026-07-24,DE000BU3Z047,3.1073
2026-07-27,DE000BU3Z047,3.0494
2026-07-28,DE000BU3Z047,3.0261
2026-07-29,DE000BU3Z047,3.0414
2026-07-30,DE000BU3Z047,3.0931
2026-07-31,DE000BU3Z047,3.0711
2026-08-03,DE000BU3Z047,3.0643
2026-08-04,DE000BU3Z047,3.0783
2026-08-05,DE000BU3Z047,3.0107
2026-08-06,DE000BU3Z047,3.0277
2026-08-07,DE000BU3Z047,3.0597
2026-08-10,DE000BU3Z047,3.0502
2026-08-11,DE000BU3Z047,3.1143
2026-08-12,DE000BU3Z047,3.0699
2026-08-13,DE000BU3Z047,3.0649
2026-08-14,DE000BU3Z047,3.0748
2026-08-17,DE000BU3Z047,3.1139
2026-08-18,DE000BU3Z047,3.1659
2026-08-19,DE000BU3Z047,3.1773
2026-08-20,DE000BU3Z047,3.1737
2026-08-21,DE000BU3Z047,3.1556
2026-08-24,DE000BU3Z047,3.1558
2026-08-25,DE000BU3Z047,3.1616
2026-08-26,DE000BU3Z047,3.1127
2026-08-27,DE000BU3Z047,3.1582
2026-08-28,DE000BU3Z047,3.1809
2026-08-31,DE000BU3Z047,3.2248
2026-09-01,DE000BU3Z047,3.2733
2026-09-02,DE000BU3Z047,3.3091
2026-09-03,DE000BU3Z047,3.2742
2026-09-04,DE000BU3Z047,3.263
2026-09-07,DE000BU3Z047,3.2675
2026-09-08,DE000BU3Z047,3.3077
2026-09-09,DE000BU3Z047,3.3093
2026-09-10,DE000BU3Z047,3.3674
2026-09-11,DE000BU3Z047,3.434
2026-09-14,DE000BU3Z047,3.4618
2026-09-15,DE000BU3Z047,3.4897
2026-09-16,DE000BU3Z047,3.4943
2026-09-17,DE000BU3Z047,3.4618
2026-09-18,DE000BU3Z047,3.4374
2026-09-21,DE000BU3Z047,3.4029
2026-09-22,DE000BU3Z047,3.3873
2026-09-23,DE000BU3Z047,3.4049
2026-09-24,DE000BU3Z047,3.5192
2026-09-25,DE000BU3Z047,3.518
2026-09-28,DE000BU3Z047,3.5755
2026-09-29,DE000BU3Z047,3.5582
2026-09-30,DE000BU3Z047,3.516
2026-10-01,DE000BU3Z047,3.5272
